{
  "Dataset": {
    "AtomTypeStyle": "chemicalsymbol",
    "Data": [
      {
        "AtomTypes": [
          "Ni",
          "Ni",
          "Ni",
          "Ni",
          "Ni",
          "Ni",
          "Ni",
          "Ni",
          "Ni",
          "Ni",
          "Ni",
          "Ni",
          "Ni",
          "Ni",
          "Ni",
          "Au",
          "O",
          "O"
        ],
        "Energy": -83.08535625,
        "Forces": [
          [
            0.00661,
            -0.006759,
            0.329741
          ],
          [
            -0.002827,
            -0.002827,
            0.319409
          ],
          [
            0.002781,
            0.002781,
            0.319457
          ],
          [
            -0.006759,
            0.00661,
            0.329741
          ],
          [
            3.2e-05,
            3.2e-05,
            -0.231239
          ],
          [
            0.000143,
            0.000188,
            -0.330197
          ],
          [
            0.000188,
            0.000143,
            -0.330197
          ],
          [
            -0.000397,
            -0.000397,
            -0.47571
          ],
          [
            -0.079396,
            -0.079396,
            -0.279363
          ],
          [
            0.210125,
            -0.212716,
            -0.186063
          ],
          [
            -0.212716,
            0.210125,
            -0.186063
          ],
          [
            0.086569,
            0.086569,
            -0.268149
          ],
          [
            0.01833,
            -0.008544,
            0.088561
          ],
          [
            -0.008544,
            0.01833,
            0.088561
          ],
          [
            0.005278,
            0.005278,
            0.068581
          ],
          [
            -0.024097,
            -0.024097,
            0.103707
          ],
          [
            -0.126273,
            -0.126273,
            0.327424
          ],
          [
            0.130953,
            0.130953,
            0.311799
          ]
        ],
        "Lattice": [
          [
            5.025196436,
            0.0,
            0.0
          ],
          [
            0.0,
            5.025196436,
            0.0
          ],
          [
            0.0,
            0.0,
            17.427492376
          ]
        ],
        "NumAtoms": 18,
        "Positions": [
          [
            3.7689,
            1.2563,
            0.0
          ],
          [
            3.7689,
            3.7689,
            0.0
          ],
          [
            1.2563,
            1.2563,
            0.0
          ],
          [
            1.2563,
            3.7689,
            0.0
          ],
          [
            0.0,
            0.0,
            1.77656
          ],
          [
            2.5126,
            0.0,
            1.77656
          ],
          [
            0.0,
            2.5126,
            1.77656
          ],
          [
            2.5126,
            2.5126,
            1.77656
          ],
          [
            1.27812,
            1.27812,
            3.53383
          ],
          [
            3.71807,
            1.30732,
            3.53844
          ],
          [
            1.30732,
            3.71807,
            3.53844
          ],
          [
            3.74699,
            3.74699,
            3.53363
          ],
          [
            2.51192,
            0.00011,
            5.89575
          ],
          [
            0.00011,
            2.51192,
            5.89575
          ],
          [
            2.5125,
            2.5125,
            5.28931
          ],
          [
            0.00108,
            0.00108,
            5.31174
          ],
          [
            1.5063,
            1.5063,
            6.48687
          ],
          [
            3.51862,
            3.51862,
            6.48739
          ]
        ],
        "Stress": [
          [
            -7.34738,
            16.53574,
            0.00882
          ],
          [
            16.53574,
            -7.34738,
            0.00882
          ],
          [
            0.00882,
            0.00882,
            -5.71783
          ]
        ],
        "computation_code": "VASP",
        "pseudopotential_information": [
          [
            "PAW_PBE",
            "Ni",
            "02Aug2007"
          ],
          [
            "PAW_PBE",
            "Au",
            "04Oct2007"
          ],
          [
            "PAW_PBE",
            "O",
            "08Apr2002"
          ]
        ]
      }
    ],
    "EnergyStyle": "electronvolt",
    "ForcesStyle": "electronvoltperangstrom",
    "LatticeStyle": "angstrom",
    "PositionsStyle": "angstrom",
    "StressStyle": "kB"
  }
}