{
  "Dataset": {
    "AtomTypeStyle": "chemicalsymbol",
    "Data": [
      {
        "AtomTypes": [
          "Ni",
          "Ni",
          "Ni",
          "Ni",
          "Ni",
          "Ni",
          "Ni",
          "Ni",
          "Ni",
          "Ni",
          "Ni",
          "Ni",
          "Ni",
          "Ni",
          "Ni",
          "Au",
          "O",
          "O",
          "H",
          "H"
        ],
        "Energy": -92.36284011,
        "Forces": [
          [
            -0.021403,
            0.019992,
            0.146822
          ],
          [
            0.004381,
            0.006858,
            0.139663
          ],
          [
            0.003009,
            -0.003397,
            0.127683
          ],
          [
            0.002164,
            -0.016595,
            0.143428
          ],
          [
            0.095512,
            -0.113017,
            -0.172028
          ],
          [
            0.004003,
            -0.017771,
            -0.151512
          ],
          [
            -0.054076,
            0.065715,
            -0.193577
          ],
          [
            -0.006143,
            0.0634,
            -0.051469
          ],
          [
            -0.001869,
            -0.000115,
            -0.002769
          ],
          [
            0.001538,
            -0.00315,
            0.001552
          ],
          [
            0.002974,
            0.003271,
            0.002871
          ],
          [
            -0.005111,
            -0.001942,
            -0.002953
          ],
          [
            -0.009417,
            -0.005394,
            0.004211
          ],
          [
            -0.007087,
            0.001016,
            0.004839
          ],
          [
            -0.001748,
            -0.004668,
            0.002518
          ],
          [
            0.001876,
            0.007048,
            -0.007559
          ],
          [
            0.023703,
            0.018861,
            0.01266
          ],
          [
            -0.002948,
            0.009334,
            -0.002963
          ],
          [
            -0.028242,
            -0.020478,
            -0.0032
          ],
          [
            -0.001115,
            -0.00897,
            0.001781
          ]
        ],
        "Lattice": [
          [
            5.024700786,
            0.0,
            0.0
          ],
          [
            2.512350393,
            4.351518527,
            0.0
          ],
          [
            0.0,
            0.0,
            19.183191106
          ]
        ],
        "NumAtoms": 20,
        "Positions": [
          [
            3.7689,
            2.17598,
            0.0
          ],
          [
            1.2563,
            2.17598,
            0.0
          ],
          [
            2.5126,
            0.0,
            0.0
          ],
          [
            0.0,
            0.0,
            0.0
          ],
          [
            6.28148,
            3.62661,
            2.05153
          ],
          [
            5.02518,
            1.45064,
            2.05153
          ],
          [
            2.51257,
            1.45064,
            2.05153
          ],
          [
            3.76887,
            3.62661,
            2.05153
          ],
          [
            2.55165,
            2.90764,
            4.12598
          ],
          [
            3.76107,
            0.67137,
            4.04199
          ],
          [
            5.05091,
            2.90117,
            4.08778
          ],
          [
            4.84614,
            4.30283,
            6.0826
          ],
          [
            6.31186,
            4.2692,
            8.08337
          ],
          [
            1.46682,
            2.35378,
            6.24464
          ],
          [
            1.2457,
            0.75905,
            4.11539
          ],
          [
            4.01294,
            1.85906,
            6.28692
          ],
          [
            3.60332,
            1.40506,
            9.11953
          ],
          [
            1.42848,
            2.44549,
            8.1703
          ],
          [
            4.452,
            1.8956,
            9.17132
          ],
          [
            2.30883,
            2.12874,
            8.59298
          ]
        ],
        "Stress": [
          [
            -11.75319,
            2.48663,
            -0.43554
          ],
          [
            2.48663,
            -16.83471,
            -0.11341
          ],
          [
            -0.43554,
            -0.11341,
            -12.09775
          ]
        ],
        "computation_code": "VASP",
        "pseudopotential_information": [
          [
            "PAW_PBE",
            "Ni",
            "02Aug2007"
          ],
          [
            "PAW_PBE",
            "Au",
            "04Oct2007"
          ],
          [
            "PAW_PBE",
            "O",
            "08Apr2002"
          ],
          [
            "PAW_PBE",
            "H",
            "15Jun2001"
          ]
        ]
      }
    ],
    "EnergyStyle": "electronvolt",
    "ForcesStyle": "electronvoltperangstrom",
    "LatticeStyle": "angstrom",
    "PositionsStyle": "angstrom",
    "StressStyle": "kB"
  }
}