{
  "Dataset": {
    "AtomTypeStyle": "chemicalsymbol",
    "Data": [
      {
        "AtomTypes": [
          "Ni",
          "Ni",
          "Ni",
          "Ni",
          "Ni",
          "Ni",
          "Ni",
          "Ni",
          "Ni",
          "Ni",
          "Ni",
          "Ni",
          "Ni",
          "Ni",
          "Ni",
          "Au",
          "O",
          "O"
        ],
        "Energy": -82.94015407,
        "Forces": [
          [
            -0.007759,
            -0.029391,
            0.319188
          ],
          [
            -0.007758,
            0.02939,
            0.319333
          ],
          [
            0.012692,
            -0.001842,
            0.310261
          ],
          [
            0.012698,
            0.001836,
            0.310385
          ],
          [
            -0.04804,
            -1.3e-05,
            -0.310368
          ],
          [
            -0.040909,
            -8e-06,
            -0.210419
          ],
          [
            -0.039881,
            -7.9e-05,
            -0.380491
          ],
          [
            -0.026543,
            -8.3e-05,
            -0.349033
          ],
          [
            -0.012828,
            0.024168,
            0.009137
          ],
          [
            0.010184,
            0.002997,
            0.035357
          ],
          [
            -0.012812,
            -0.024099,
            0.009196
          ],
          [
            0.010233,
            -0.002854,
            0.035288
          ],
          [
            -0.042449,
            8.1e-05,
            -0.024772
          ],
          [
            0.041441,
            0.00016,
            -0.023893
          ],
          [
            0.0064,
            -9.8e-05,
            0.010288
          ],
          [
            0.052172,
            -8.2e-05,
            -0.027633
          ],
          [
            0.046693,
            0.007674,
            -0.015943
          ],
          [
            0.046467,
            -0.007758,
            -0.015881
          ]
        ],
        "Lattice": [
          [
            5.025196436,
            0.0,
            0.0
          ],
          [
            0.0,
            5.025196436,
            0.0
          ],
          [
            0.0,
            0.0,
            17.427492376
          ]
        ],
        "NumAtoms": 18,
        "Positions": [
          [
            3.7689,
            1.2563,
            0.0
          ],
          [
            3.7689,
            3.7689,
            0.0
          ],
          [
            1.2563,
            1.2563,
            0.0
          ],
          [
            1.2563,
            3.7689,
            0.0
          ],
          [
            0.0,
            0.0,
            1.77656
          ],
          [
            2.5126,
            0.0,
            1.77656
          ],
          [
            0.0,
            2.5126,
            1.77656
          ],
          [
            2.5126,
            2.5126,
            1.77656
          ],
          [
            1.25181,
            1.27684,
            3.52708
          ],
          [
            3.73463,
            1.29226,
            3.54611
          ],
          [
            1.2518,
            3.74833,
            3.52706
          ],
          [
            3.73462,
            3.73288,
            3.54611
          ],
          [
            2.36604,
            -1e-05,
            5.4267
          ],
          [
            0.59119,
            2.51256,
            5.74653
          ],
          [
            3.04997,
            2.51259,
            5.69207
          ],
          [
            -0.19653,
            -2e-05,
            5.49729
          ],
          [
            1.91083,
            1.34281,
            6.57193
          ],
          [
            1.91086,
            3.68236,
            6.57192
          ]
        ],
        "Stress": [
          [
            -8.45321,
            -0.00036,
            2.35981
          ],
          [
            -0.00036,
            -8.03731,
            0.00147
          ],
          [
            2.35981,
            0.00147,
            -16.14783
          ]
        ],
        "computation_code": "VASP",
        "pseudopotential_information": [
          [
            "PAW_PBE",
            "Ni",
            "02Aug2007"
          ],
          [
            "PAW_PBE",
            "Au",
            "04Oct2007"
          ],
          [
            "PAW_PBE",
            "O",
            "08Apr2002"
          ]
        ]
      }
    ],
    "EnergyStyle": "electronvolt",
    "ForcesStyle": "electronvoltperangstrom",
    "LatticeStyle": "angstrom",
    "PositionsStyle": "angstrom",
    "StressStyle": "kB"
  }
}