{
  "Dataset": {
    "AtomTypeStyle": "chemicalsymbol",
    "Data": [
      {
        "AtomTypes": [
          "Ni",
          "Ni",
          "Ni",
          "Ni",
          "Ni",
          "Ni",
          "Ni",
          "Ni",
          "Ni",
          "Ni",
          "Ni",
          "Ni",
          "Ni",
          "Ni",
          "Ni",
          "Au",
          "O",
          "O"
        ],
        "Energy": -82.89737342,
        "Forces": [
          [
            -0.0,
            0.0,
            0.35096
          ],
          [
            -0.0,
            0.0,
            0.515496
          ],
          [
            -0.0,
            0.0,
            0.320756
          ],
          [
            -0.0,
            0.0,
            0.318926
          ],
          [
            -0.464282,
            -0.295628,
            -0.38698
          ],
          [
            0.464282,
            -0.295628,
            -0.38698
          ],
          [
            -0.464282,
            0.295628,
            -0.38698
          ],
          [
            0.464282,
            0.295628,
            -0.38698
          ],
          [
            -0.0,
            0.0,
            0.032126
          ],
          [
            -0.0,
            0.0,
            -0.019809
          ],
          [
            -0.0,
            0.0,
            0.032664
          ],
          [
            -0.010155,
            0.004832,
            -0.000634
          ],
          [
            0.010155,
            0.004832,
            -0.000634
          ],
          [
            -0.010155,
            -0.004832,
            -0.000634
          ],
          [
            0.010155,
            -0.004832,
            -0.000634
          ],
          [
            -0.0,
            0.0,
            -0.0133
          ],
          [
            -0.0,
            0.0,
            0.007172
          ],
          [
            -0.0,
            0.0,
            0.005465
          ]
        ],
        "Lattice": [
          [
            5.025196436,
            0.0,
            0.0
          ],
          [
            0.0,
            5.025196436,
            0.0
          ],
          [
            0.0,
            0.0,
            17.427492376
          ]
        ],
        "NumAtoms": 18,
        "Positions": [
          [
            3.7689,
            1.2563,
            0.0
          ],
          [
            3.7689,
            3.7689,
            0.0
          ],
          [
            1.2563,
            1.2563,
            0.0
          ],
          [
            1.2563,
            3.7689,
            0.0
          ],
          [
            0.0,
            0.0,
            1.77656
          ],
          [
            2.5126,
            0.0,
            1.77656
          ],
          [
            0.0,
            2.5126,
            1.77656
          ],
          [
            2.5126,
            2.5126,
            1.77656
          ],
          [
            3.7689,
            1.2563,
            3.78547
          ],
          [
            1.2563,
            3.7689,
            3.56767
          ],
          [
            3.7689,
            3.7689,
            3.75652
          ],
          [
            0.01204,
            5.014,
            5.66675
          ],
          [
            2.50056,
            5.014,
            5.66675
          ],
          [
            0.01204,
            2.52379,
            5.66675
          ],
          [
            2.50056,
            2.52379,
            5.66675
          ],
          [
            1.2563,
            1.2563,
            3.6427
          ],
          [
            1.2563,
            3.7689,
            6.4527
          ],
          [
            1.2563,
            1.2563,
            6.50031
          ]
        ],
        "Stress": [
          [
            -22.71233,
            0.0,
            0.0
          ],
          [
            0.0,
            -0.4614,
            0.0
          ],
          [
            0.0,
            0.0,
            -16.39695
          ]
        ],
        "computation_code": "VASP",
        "pseudopotential_information": [
          [
            "PAW_PBE",
            "Ni",
            "02Aug2007"
          ],
          [
            "PAW_PBE",
            "Au",
            "04Oct2007"
          ],
          [
            "PAW_PBE",
            "O",
            "08Apr2002"
          ]
        ]
      }
    ],
    "EnergyStyle": "electronvolt",
    "ForcesStyle": "electronvoltperangstrom",
    "LatticeStyle": "angstrom",
    "PositionsStyle": "angstrom",
    "StressStyle": "kB"
  }
}