{
  "Dataset": {
    "AtomTypeStyle": "chemicalsymbol",
    "Data": [
      {
        "AtomTypes": [
          "Ni",
          "Ni",
          "Ni",
          "Ni",
          "Ni",
          "Ni",
          "Ni",
          "Ni",
          "Ni",
          "Ni",
          "Ni",
          "Ni",
          "Ni",
          "Ni",
          "Ni",
          "Au",
          "O",
          "O",
          "H",
          "H"
        ],
        "Energy": -92.30848278,
        "Forces": [
          [
            -0.005982,
            0.013713,
            0.185411
          ],
          [
            -0.006567,
            0.010387,
            0.185702
          ],
          [
            -0.004874,
            -0.021041,
            0.14997
          ],
          [
            -0.007952,
            -0.018016,
            0.130289
          ],
          [
            -0.226042,
            0.1045,
            -0.205206
          ],
          [
            -0.02532,
            0.080941,
            0.057155
          ],
          [
            0.025705,
            -0.158954,
            -0.239448
          ],
          [
            0.252477,
            0.106605,
            -0.28855
          ],
          [
            -0.004495,
            -1e-05,
            0.002312
          ],
          [
            -0.016865,
            -0.005077,
            0.019334
          ],
          [
            0.02259,
            0.002563,
            -0.002745
          ],
          [
            0.005872,
            0.00728,
            0.015807
          ],
          [
            0.018831,
            -0.016309,
            -0.024923
          ],
          [
            0.013246,
            -0.05889,
            0.036234
          ],
          [
            0.005048,
            -0.015766,
            -0.013242
          ],
          [
            -0.029831,
            -0.007735,
            0.028528
          ],
          [
            -0.137376,
            -0.030902,
            -0.041832
          ],
          [
            -0.033032,
            0.005237,
            -0.090282
          ],
          [
            0.13164,
            0.008902,
            0.068984
          ],
          [
            0.022927,
            -0.007429,
            0.026502
          ]
        ],
        "Lattice": [
          [
            5.024700786,
            0.0,
            0.0
          ],
          [
            2.512350393,
            4.351518527,
            0.0
          ],
          [
            0.0,
            0.0,
            19.183191106
          ]
        ],
        "NumAtoms": 20,
        "Positions": [
          [
            3.7689,
            2.17598,
            0.0
          ],
          [
            1.2563,
            2.17598,
            0.0
          ],
          [
            2.5126,
            0.0,
            0.0
          ],
          [
            0.0,
            0.0,
            0.0
          ],
          [
            6.28148,
            3.62661,
            2.05153
          ],
          [
            5.02518,
            1.45064,
            2.05153
          ],
          [
            2.51257,
            1.45064,
            2.05153
          ],
          [
            3.76887,
            3.62661,
            2.05153
          ],
          [
            1.25123,
            0.77703,
            4.14301
          ],
          [
            3.7651,
            0.76132,
            4.16738
          ],
          [
            5.04103,
            2.93899,
            4.21042
          ],
          [
            2.35674,
            0.01221,
            6.24914
          ],
          [
            4.85291,
            0.02268,
            6.40719
          ],
          [
            6.24777,
            2.21227,
            6.35995
          ],
          [
            3.78707,
            2.22103,
            6.38839
          ],
          [
            2.53437,
            2.95094,
            4.25416
          ],
          [
            4.30151,
            1.14277,
            7.93702
          ],
          [
            1.79003,
            1.0603,
            7.86321
          ],
          [
            5.18154,
            1.30982,
            8.35463
          ],
          [
            2.67269,
            1.22523,
            8.28774
          ]
        ],
        "Stress": [
          [
            23.11743,
            7.35762,
            0.80191
          ],
          [
            7.35762,
            7.07862,
            -1.87438
          ],
          [
            0.80191,
            -1.87438,
            -13.00924
          ]
        ],
        "computation_code": "VASP",
        "pseudopotential_information": [
          [
            "PAW_PBE",
            "Ni",
            "02Aug2007"
          ],
          [
            "PAW_PBE",
            "Au",
            "04Oct2007"
          ],
          [
            "PAW_PBE",
            "O",
            "08Apr2002"
          ],
          [
            "PAW_PBE",
            "H",
            "15Jun2001"
          ]
        ]
      }
    ],
    "EnergyStyle": "electronvolt",
    "ForcesStyle": "electronvoltperangstrom",
    "LatticeStyle": "angstrom",
    "PositionsStyle": "angstrom",
    "StressStyle": "kB"
  }
}