{
  "Dataset": {
    "AtomTypeStyle": "chemicalsymbol",
    "Data": [
      {
        "AtomTypes": [
          "Ni",
          "Ni",
          "Ni",
          "Ni",
          "Ni",
          "Ni",
          "Ni",
          "Ni",
          "Ni",
          "Ni",
          "Ni",
          "Ni",
          "Ni",
          "Ni",
          "Ni",
          "Au",
          "O",
          "O",
          "H",
          "H"
        ],
        "Energy": -91.75341687,
        "Forces": [
          [
            0.000303,
            0.0,
            0.400356
          ],
          [
            -0.00088,
            0.0,
            0.342016
          ],
          [
            0.000667,
            0.0,
            0.331115
          ],
          [
            0.001891,
            0.0,
            0.305161
          ],
          [
            -0.267511,
            0.222207,
            -0.348378
          ],
          [
            0.255998,
            0.221757,
            -0.35079
          ],
          [
            -0.267511,
            -0.222207,
            -0.348378
          ],
          [
            0.255998,
            -0.221757,
            -0.35079
          ],
          [
            0.000937,
            0.0,
            0.002291
          ],
          [
            -0.005435,
            0.0,
            -0.003796
          ],
          [
            0.005386,
            0.0,
            -0.003274
          ],
          [
            0.000391,
            -0.00494,
            -0.002734
          ],
          [
            0.004098,
            0.001539,
            0.008586
          ],
          [
            0.000391,
            0.00494,
            -0.002734
          ],
          [
            0.004098,
            -0.001539,
            0.008586
          ],
          [
            -0.005855,
            0.0,
            0.017469
          ],
          [
            0.013285,
            0.0,
            -0.007252
          ],
          [
            -0.000628,
            0.0,
            0.004002
          ],
          [
            0.003656,
            0.0,
            -0.000928
          ],
          [
            0.000719,
            0.0,
            -0.000528
          ]
        ],
        "Lattice": [
          [
            5.025196436,
            0.0,
            0.0
          ],
          [
            0.0,
            5.025196436,
            0.0
          ],
          [
            0.0,
            0.0,
            17.427492376
          ]
        ],
        "NumAtoms": 20,
        "Positions": [
          [
            3.7689,
            1.2563,
            0.0
          ],
          [
            3.7689,
            3.7689,
            0.0
          ],
          [
            1.2563,
            1.2563,
            0.0
          ],
          [
            1.2563,
            3.7689,
            0.0
          ],
          [
            0.0,
            0.0,
            1.77656
          ],
          [
            2.5126,
            0.0,
            1.77656
          ],
          [
            0.0,
            2.5126,
            1.77656
          ],
          [
            2.5126,
            2.5126,
            1.77656
          ],
          [
            1.25207,
            1.2563,
            3.64177
          ],
          [
            3.76612,
            1.2563,
            3.62666
          ],
          [
            3.7683,
            3.7689,
            3.69528
          ],
          [
            4.98583,
            0.00202,
            5.54244
          ],
          [
            2.54602,
            0.00065,
            5.53929
          ],
          [
            4.98583,
            2.51058,
            5.54244
          ],
          [
            2.54602,
            2.51195,
            5.53929
          ],
          [
            1.25555,
            3.7689,
            3.7026
          ],
          [
            2.51176,
            1.2563,
            7.02087
          ],
          [
            5.02427,
            1.2563,
            7.02318
          ],
          [
            3.423,
            1.2563,
            7.42578
          ],
          [
            0.92666,
            1.2563,
            7.39448
          ]
        ],
        "Stress": [
          [
            8.13803,
            0.0,
            0.64713
          ],
          [
            0.0,
            -12.23953,
            0.0
          ],
          [
            0.64713,
            0.0,
            -16.19809
          ]
        ],
        "computation_code": "VASP",
        "pseudopotential_information": [
          [
            "PAW_PBE",
            "Ni",
            "02Aug2007"
          ],
          [
            "PAW_PBE",
            "Au",
            "04Oct2007"
          ],
          [
            "PAW_PBE",
            "O",
            "08Apr2002"
          ],
          [
            "PAW_PBE",
            "H",
            "15Jun2001"
          ]
        ]
      }
    ],
    "EnergyStyle": "electronvolt",
    "ForcesStyle": "electronvoltperangstrom",
    "LatticeStyle": "angstrom",
    "PositionsStyle": "angstrom",
    "StressStyle": "kB"
  }
}