{
  "Dataset": {
    "AtomTypeStyle": "chemicalsymbol",
    "Data": [
      {
        "AtomTypes": [
          "Ni",
          "Ni",
          "Ni",
          "Ni",
          "Ni",
          "Ni",
          "Ni",
          "Ni",
          "Ni",
          "Ni",
          "Ni",
          "Ni",
          "Ni",
          "Ni",
          "Ni",
          "Au",
          "O",
          "O"
        ],
        "Energy": -82.90858236,
        "Forces": [
          [
            -0.002845,
            -0.030032,
            0.32492
          ],
          [
            -0.002842,
            0.030056,
            0.32494
          ],
          [
            0.006515,
            0.000298,
            0.313544
          ],
          [
            0.006506,
            -0.000265,
            0.313547
          ],
          [
            -0.102874,
            3.9e-05,
            -0.283412
          ],
          [
            -0.058078,
            2e-05,
            -0.164964
          ],
          [
            -0.116724,
            4.4e-05,
            -0.34653
          ],
          [
            -0.027142,
            7.7e-05,
            -0.304739
          ],
          [
            0.012369,
            -0.007592,
            -0.015882
          ],
          [
            0.010466,
            0.078384,
            -0.045025
          ],
          [
            0.012401,
            0.007621,
            -0.015954
          ],
          [
            0.010336,
            -0.078603,
            -0.045199
          ],
          [
            -0.138562,
            0.000296,
            0.211823
          ],
          [
            0.145596,
            -0.000153,
            0.064381
          ],
          [
            -0.135159,
            -0.000208,
            0.106789
          ],
          [
            0.135761,
            2e-06,
            0.004934
          ],
          [
            0.122021,
            -0.017245,
            -0.221913
          ],
          [
            0.122255,
            0.01726,
            -0.221259
          ]
        ],
        "Lattice": [
          [
            5.025196436,
            0.0,
            0.0
          ],
          [
            0.0,
            5.025196436,
            0.0
          ],
          [
            0.0,
            0.0,
            17.427492376
          ]
        ],
        "NumAtoms": 18,
        "Positions": [
          [
            3.7689,
            1.2563,
            0.0
          ],
          [
            3.7689,
            3.7689,
            0.0
          ],
          [
            1.2563,
            1.2563,
            0.0
          ],
          [
            1.2563,
            3.7689,
            0.0
          ],
          [
            0.0,
            0.0,
            1.77656
          ],
          [
            2.5126,
            0.0,
            1.77656
          ],
          [
            0.0,
            2.5126,
            1.77656
          ],
          [
            2.5126,
            2.5126,
            1.77656
          ],
          [
            1.23177,
            1.27696,
            3.52865
          ],
          [
            3.71915,
            1.28898,
            3.56794
          ],
          [
            1.23178,
            3.74823,
            3.52864
          ],
          [
            3.71918,
            3.73628,
            3.56797
          ],
          [
            2.29076,
            -4e-05,
            5.42652
          ],
          [
            0.42357,
            2.51261,
            5.67823
          ],
          [
            2.88223,
            2.5126,
            5.64887
          ],
          [
            -0.28251,
            7e-05,
            5.53698
          ],
          [
            1.75767,
            1.34133,
            6.56088
          ],
          [
            1.75745,
            3.68381,
            6.56075
          ]
        ],
        "Stress": [
          [
            -10.24165,
            0.00221,
            4.66855
          ],
          [
            0.00221,
            -7.18948,
            -0.0003
          ],
          [
            4.66855,
            -0.0003,
            -18.62435
          ]
        ],
        "computation_code": "VASP",
        "pseudopotential_information": [
          [
            "PAW_PBE",
            "Ni",
            "02Aug2007"
          ],
          [
            "PAW_PBE",
            "Au",
            "04Oct2007"
          ],
          [
            "PAW_PBE",
            "O",
            "08Apr2002"
          ]
        ]
      }
    ],
    "EnergyStyle": "electronvolt",
    "ForcesStyle": "electronvoltperangstrom",
    "LatticeStyle": "angstrom",
    "PositionsStyle": "angstrom",
    "StressStyle": "kB"
  }
}