{
  "Dataset": {
    "AtomTypeStyle": "chemicalsymbol",
    "Data": [
      {
        "AtomTypes": [
          "Ni",
          "Ni",
          "Ni",
          "Ni",
          "Ni",
          "Ni",
          "Ni",
          "Ni",
          "Ni",
          "Ni",
          "Ni",
          "Ni",
          "Ni",
          "Ni",
          "Ni",
          "Au",
          "O",
          "O",
          "H",
          "H"
        ],
        "Energy": -92.36156435,
        "Forces": [
          [
            -0.021426,
            0.019896,
            0.146208
          ],
          [
            0.003771,
            0.007389,
            0.138638
          ],
          [
            0.003013,
            -0.003179,
            0.127752
          ],
          [
            0.001612,
            -0.016023,
            0.143429
          ],
          [
            0.100006,
            -0.113128,
            -0.189053
          ],
          [
            0.012107,
            -0.018217,
            -0.156828
          ],
          [
            -0.053542,
            0.060275,
            -0.198343
          ],
          [
            -0.000368,
            0.066218,
            -0.059278
          ],
          [
            0.00604,
            -0.003845,
            0.00614
          ],
          [
            -0.01175,
            0.004588,
            0.001136
          ],
          [
            -0.012955,
            0.00094,
            0.00038
          ],
          [
            -0.001165,
            0.005785,
            -0.003403
          ],
          [
            -0.006254,
            0.018741,
            0.011434
          ],
          [
            0.010811,
            -0.009269,
            0.000846
          ],
          [
            0.009666,
            -0.004409,
            -0.002646
          ],
          [
            -0.014273,
            -0.008794,
            0.018444
          ],
          [
            0.059592,
            0.018619,
            -0.005943
          ],
          [
            -0.007631,
            -0.007865,
            0.006444
          ],
          [
            -0.066153,
            -0.027878,
            0.007279
          ],
          [
            -0.011101,
            0.010158,
            0.007362
          ]
        ],
        "Lattice": [
          [
            5.024700786,
            0.0,
            0.0
          ],
          [
            2.512350393,
            4.351518527,
            0.0
          ],
          [
            0.0,
            0.0,
            19.183191106
          ]
        ],
        "NumAtoms": 20,
        "Positions": [
          [
            3.7689,
            2.17598,
            0.0
          ],
          [
            1.2563,
            2.17598,
            0.0
          ],
          [
            2.5126,
            0.0,
            0.0
          ],
          [
            0.0,
            0.0,
            0.0
          ],
          [
            6.28148,
            3.62661,
            2.05153
          ],
          [
            5.02518,
            1.45064,
            2.05153
          ],
          [
            2.51257,
            1.45064,
            2.05153
          ],
          [
            3.76887,
            3.62661,
            2.05153
          ],
          [
            2.55451,
            2.90674,
            4.12179
          ],
          [
            3.76584,
            0.66991,
            4.03992
          ],
          [
            5.05668,
            2.90139,
            4.08551
          ],
          [
            4.85595,
            4.3023,
            6.08144
          ],
          [
            6.33506,
            4.25659,
            8.07126
          ],
          [
            1.47304,
            2.35139,
            6.23992
          ],
          [
            1.24802,
            0.75754,
            4.11683
          ],
          [
            4.02029,
            1.86181,
            6.2792
          ],
          [
            3.64013,
            1.40071,
            9.09934
          ],
          [
            1.44962,
            2.43328,
            8.16634
          ],
          [
            4.4956,
            1.88305,
            9.13888
          ],
          [
            2.33402,
            2.11752,
            8.5802
          ]
        ],
        "Stress": [
          [
            -11.66334,
            2.68313,
            -0.73687
          ],
          [
            2.68313,
            -16.3264,
            0.08982
          ],
          [
            -0.73687,
            0.08982,
            -11.32976
          ]
        ],
        "computation_code": "VASP",
        "pseudopotential_information": [
          [
            "PAW_PBE",
            "Ni",
            "02Aug2007"
          ],
          [
            "PAW_PBE",
            "Au",
            "04Oct2007"
          ],
          [
            "PAW_PBE",
            "O",
            "08Apr2002"
          ],
          [
            "PAW_PBE",
            "H",
            "15Jun2001"
          ]
        ]
      }
    ],
    "EnergyStyle": "electronvolt",
    "ForcesStyle": "electronvoltperangstrom",
    "LatticeStyle": "angstrom",
    "PositionsStyle": "angstrom",
    "StressStyle": "kB"
  }
}