{
  "Dataset": {
    "AtomTypeStyle": "chemicalsymbol",
    "Data": [
      {
        "AtomTypes": [
          "Ni",
          "Ni",
          "Ni",
          "Ni",
          "Ni",
          "Ni",
          "Ni",
          "Ni",
          "Ni",
          "Ni",
          "Ni",
          "Ni",
          "Ni",
          "Ni",
          "Ni",
          "Ir"
        ],
        "Energy": -76.15548082,
        "Forces": [
          [
            0.0,
            -0.0,
            0.337378
          ],
          [
            0.0,
            -0.0,
            0.165374
          ],
          [
            0.0,
            -0.0,
            0.184428
          ],
          [
            0.0,
            -0.0,
            0.337378
          ],
          [
            -0.059654,
            -0.059654,
            -0.31006
          ],
          [
            0.059654,
            -0.059654,
            -0.31006
          ],
          [
            -0.059654,
            0.059654,
            -0.31006
          ],
          [
            0.059654,
            0.059654,
            -0.31006
          ],
          [
            0.0,
            -0.0,
            0.037961
          ],
          [
            0.0,
            -0.0,
            0.037961
          ],
          [
            0.0,
            -0.0,
            0.097872
          ],
          [
            0.029255,
            0.029255,
            0.00881
          ],
          [
            -0.029255,
            0.029255,
            0.00881
          ],
          [
            0.029255,
            -0.029255,
            0.00881
          ],
          [
            -0.029255,
            -0.029255,
            0.00881
          ],
          [
            0.0,
            -0.0,
            0.006649
          ]
        ],
        "Lattice": [
          [
            5.025196436,
            0.0,
            0.0
          ],
          [
            0.0,
            5.025196436,
            0.0
          ],
          [
            0.0,
            0.0,
            17.427492376
          ]
        ],
        "NumAtoms": 16,
        "Positions": [
          [
            3.7689,
            1.2563,
            0.0
          ],
          [
            3.7689,
            3.7689,
            0.0
          ],
          [
            1.2563,
            1.2563,
            0.0
          ],
          [
            1.2563,
            3.7689,
            0.0
          ],
          [
            0.0,
            0.0,
            1.77656
          ],
          [
            2.5126,
            0.0,
            1.77656
          ],
          [
            0.0,
            2.5126,
            1.77656
          ],
          [
            2.5126,
            2.5126,
            1.77656
          ],
          [
            3.7689,
            1.2563,
            3.59381
          ],
          [
            1.2563,
            3.7689,
            3.59381
          ],
          [
            3.7689,
            3.7689,
            3.57942
          ],
          [
            -0.03123,
            -0.03123,
            5.36727
          ],
          [
            2.54383,
            -0.03123,
            5.36727
          ],
          [
            -0.03123,
            2.54383,
            5.36727
          ],
          [
            2.54383,
            2.54383,
            5.36727
          ],
          [
            1.2563,
            1.2563,
            3.65416
          ]
        ],
        "Stress": [
          [
            -11.67012,
            0.0,
            0.0
          ],
          [
            0.0,
            -11.67012,
            0.0
          ],
          [
            0.0,
            0.0,
            -7.40587
          ]
        ],
        "computation_code": "VASP",
        "pseudopotential_information": [
          [
            "PAW_PBE",
            "Ni",
            "02Aug2007"
          ],
          [
            "PAW_PBE",
            "Ir",
            "06Sep2000"
          ]
        ]
      }
    ],
    "EnergyStyle": "electronvolt",
    "ForcesStyle": "electronvoltperangstrom",
    "LatticeStyle": "angstrom",
    "PositionsStyle": "angstrom",
    "StressStyle": "kB"
  }
}