{
  "Dataset": {
    "AtomTypeStyle": "chemicalsymbol",
    "Data": [
      {
        "AtomTypes": [
          "Ni",
          "Ni",
          "Ni",
          "Ni",
          "Ni",
          "Ni",
          "Ni",
          "Ni",
          "Ni",
          "Ni",
          "Ni",
          "Ni",
          "Ni",
          "Ni",
          "Ni",
          "Ni",
          "Ni",
          "Ni",
          "Ni",
          "Ir",
          "O",
          "H"
        ],
        "Energy": -104.20468051,
        "Forces": [
          [
            -0.002134,
            -0.008173,
            0.573409
          ],
          [
            0.009464,
            -0.002975,
            0.578774
          ],
          [
            -0.002134,
            0.008173,
            0.573409
          ],
          [
            0.009464,
            0.002975,
            0.578774
          ],
          [
            0.01636,
            0.0,
            -0.485074
          ],
          [
            -0.022603,
            0.0,
            -0.376573
          ],
          [
            0.031009,
            0.0,
            -0.771267
          ],
          [
            0.0032,
            0.0,
            -0.644297
          ],
          [
            -0.004131,
            0.004821,
            -0.010154
          ],
          [
            0.002469,
            0.001124,
            -0.004492
          ],
          [
            -0.004131,
            -0.004821,
            -0.010154
          ],
          [
            0.002469,
            -0.001124,
            -0.004492
          ],
          [
            -0.001884,
            0.0,
            -0.00504
          ],
          [
            -0.007079,
            0.0,
            0.000948
          ],
          [
            -0.007675,
            0.0,
            -0.000117
          ],
          [
            0.002393,
            -0.002513,
            0.003208
          ],
          [
            -0.007583,
            -0.003955,
            -0.001128
          ],
          [
            0.002393,
            0.002513,
            0.003208
          ],
          [
            -0.007583,
            0.003955,
            -0.001128
          ],
          [
            -0.000367,
            0.0,
            0.010145
          ],
          [
            0.015496,
            0.0,
            0.009499
          ],
          [
            -0.027412,
            0.0,
            -0.017458
          ]
        ],
        "Lattice": [
          [
            7.106,
            0.0,
            0.0
          ],
          [
            0.0,
            5.024699515,
            0.0
          ],
          [
            0.0,
            0.0,
            17.703958439
          ]
        ],
        "NumAtoms": 22,
        "Positions": [
          [
            0.0,
            2.51235,
            0.0
          ],
          [
            3.553,
            2.51235,
            0.0
          ],
          [
            0.0,
            0.0,
            0.0
          ],
          [
            3.553,
            0.0,
            0.0
          ],
          [
            1.7765,
            3.76852,
            1.25617
          ],
          [
            5.3295,
            3.76852,
            1.25617
          ],
          [
            1.7765,
            1.25618,
            1.25617
          ],
          [
            5.3295,
            1.25618,
            1.25617
          ],
          [
            0.00752,
            -0.00128,
            2.4829
          ],
          [
            3.54738,
            0.00232,
            2.49124
          ],
          [
            0.00752,
            2.51363,
            2.4829
          ],
          [
            3.54738,
            2.51003,
            2.49124
          ],
          [
            1.82631,
            3.76852,
            3.80891
          ],
          [
            1.78459,
            1.25618,
            3.73526
          ],
          [
            5.33486,
            1.25618,
            3.80616
          ],
          [
            0.07201,
            2.50721,
            4.92573
          ],
          [
            3.49643,
            2.49955,
            5.08339
          ],
          [
            0.07201,
            0.00514,
            4.92573
          ],
          [
            3.49643,
            0.0128,
            5.08339
          ],
          [
            5.2986,
            3.76852,
            3.90268
          ],
          [
            3.48953,
            1.25617,
            6.57795
          ],
          [
            4.34826,
            1.25617,
            7.04461
          ]
        ],
        "Stress": [
          [
            -17.46267,
            0.0,
            -0.32519
          ],
          [
            0.0,
            -13.6662,
            0.0
          ],
          [
            -0.32519,
            0.0,
            -11.41125
          ]
        ],
        "computation_code": "VASP",
        "pseudopotential_information": [
          [
            "PAW_PBE",
            "Ni",
            "02Aug2007"
          ],
          [
            "PAW_PBE",
            "Ir",
            "06Sep2000"
          ],
          [
            "PAW_PBE",
            "O",
            "08Apr2002"
          ],
          [
            "PAW_PBE",
            "H",
            "15Jun2001"
          ]
        ]
      }
    ],
    "EnergyStyle": "electronvolt",
    "ForcesStyle": "electronvoltperangstrom",
    "LatticeStyle": "angstrom",
    "PositionsStyle": "angstrom",
    "StressStyle": "kB"
  }
}