{
  "Dataset": {
    "AtomTypeStyle": "chemicalsymbol",
    "Data": [
      {
        "AtomTypes": [
          "Ni",
          "Ni",
          "Ni",
          "Ni",
          "Ni",
          "Ni",
          "Ni",
          "Ni",
          "Ni",
          "Ni",
          "Ni",
          "Ni",
          "Ni",
          "Ni",
          "Ni",
          "Ni",
          "Ni",
          "Ni",
          "Ni",
          "Ir",
          "O",
          "H"
        ],
        "Energy": -104.07262929,
        "Forces": [
          [
            -0.008033,
            -0.008822,
            0.561411
          ],
          [
            -0.001084,
            -0.007698,
            0.580631
          ],
          [
            -0.008033,
            0.008822,
            0.561411
          ],
          [
            -0.001084,
            0.007698,
            0.580631
          ],
          [
            0.032594,
            -0.0,
            -0.534378
          ],
          [
            -0.079771,
            -0.0,
            -0.66638
          ],
          [
            0.056055,
            -0.0,
            -0.488762
          ],
          [
            -0.112914,
            -0.0,
            -0.557428
          ],
          [
            0.003551,
            -0.000252,
            0.009839
          ],
          [
            0.008449,
            -0.018053,
            0.001518
          ],
          [
            0.003551,
            0.000252,
            0.009839
          ],
          [
            0.008449,
            0.018053,
            0.001518
          ],
          [
            0.006521,
            -0.0,
            -0.011252
          ],
          [
            -0.014024,
            -0.0,
            -0.003957
          ],
          [
            0.009039,
            -0.0,
            0.013205
          ],
          [
            0.023338,
            -0.010353,
            -0.023762
          ],
          [
            0.000115,
            0.001176,
            -0.013268
          ],
          [
            0.023338,
            0.010353,
            -0.023762
          ],
          [
            0.000115,
            -0.001176,
            -0.013268
          ],
          [
            -0.016457,
            -0.0,
            0.000828
          ],
          [
            0.08815,
            -0.0,
            0.046595
          ],
          [
            -0.021865,
            -0.0,
            -0.031208
          ]
        ],
        "Lattice": [
          [
            7.106,
            0.0,
            0.0
          ],
          [
            0.0,
            5.024699515,
            0.0
          ],
          [
            0.0,
            0.0,
            17.703958439
          ]
        ],
        "NumAtoms": 22,
        "Positions": [
          [
            0.0,
            2.51235,
            0.0
          ],
          [
            3.553,
            2.51235,
            0.0
          ],
          [
            0.0,
            0.0,
            0.0
          ],
          [
            3.553,
            0.0,
            0.0
          ],
          [
            1.7765,
            3.76852,
            1.25617
          ],
          [
            5.3295,
            3.76852,
            1.25617
          ],
          [
            1.7765,
            1.25618,
            1.25617
          ],
          [
            5.3295,
            1.25618,
            1.25617
          ],
          [
            7.08826,
            5.01228,
            2.4763
          ],
          [
            3.55836,
            5.01418,
            2.50556
          ],
          [
            7.08826,
            2.52477,
            2.4763
          ],
          [
            3.55836,
            2.52287,
            2.50556
          ],
          [
            1.81312,
            3.76852,
            3.867
          ],
          [
            5.29597,
            3.76852,
            3.78748
          ],
          [
            5.32143,
            1.25618,
            3.77987
          ],
          [
            -0.06681,
            2.52656,
            4.94215
          ],
          [
            3.59268,
            2.50326,
            5.08037
          ],
          [
            -0.06681,
            5.01049,
            4.94215
          ],
          [
            3.59268,
            0.00909,
            5.08037
          ],
          [
            1.75043,
            1.25618,
            3.83646
          ],
          [
            3.6605,
            1.25617,
            6.58083
          ],
          [
            4.54669,
            1.25617,
            6.99473
          ]
        ],
        "Stress": [
          [
            -17.41663,
            0.0,
            1.47448
          ],
          [
            0.0,
            -15.1219,
            0.0
          ],
          [
            1.47448,
            0.0,
            -11.73374
          ]
        ],
        "computation_code": "VASP",
        "pseudopotential_information": [
          [
            "PAW_PBE",
            "Ni",
            "02Aug2007"
          ],
          [
            "PAW_PBE",
            "Ir",
            "06Sep2000"
          ],
          [
            "PAW_PBE",
            "O",
            "08Apr2002"
          ],
          [
            "PAW_PBE",
            "H",
            "15Jun2001"
          ]
        ]
      }
    ],
    "EnergyStyle": "electronvolt",
    "ForcesStyle": "electronvoltperangstrom",
    "LatticeStyle": "angstrom",
    "PositionsStyle": "angstrom",
    "StressStyle": "kB"
  }
}