{
  "Dataset": {
    "AtomTypeStyle": "chemicalsymbol",
    "Data": [
      {
        "AtomTypes": [
          "Ni",
          "Ni",
          "Ni",
          "Ni",
          "Ni",
          "Ni",
          "Ni",
          "Ni",
          "Ni",
          "Ni",
          "Ni",
          "Ni",
          "Ni",
          "Ni",
          "Ni",
          "Ir",
          "O",
          "H"
        ],
        "Energy": -86.49189526,
        "Forces": [
          [
            0.053943,
            -0.002067,
            0.321606
          ],
          [
            0.005962,
            0.003041,
            0.312695
          ],
          [
            -0.054048,
            -0.005919,
            0.321774
          ],
          [
            -0.009115,
            0.003555,
            0.314655
          ],
          [
            0.001441,
            0.018475,
            -0.383367
          ],
          [
            -0.012793,
            0.025931,
            -0.257395
          ],
          [
            -0.002349,
            0.023438,
            -0.276982
          ],
          [
            -0.015613,
            -0.002313,
            -0.357017
          ],
          [
            0.010273,
            -0.010503,
            0.015088
          ],
          [
            0.000619,
            -0.007089,
            0.029023
          ],
          [
            -0.003014,
            -0.006074,
            -0.00302
          ],
          [
            0.007483,
            -0.010682,
            0.00751
          ],
          [
            -0.005317,
            -0.009336,
            0.003912
          ],
          [
            -0.009148,
            0.016382,
            -0.043583
          ],
          [
            0.005149,
            -0.028493,
            -0.034083
          ],
          [
            0.006113,
            -0.002078,
            0.008754
          ],
          [
            0.151325,
            0.010304,
            0.073571
          ],
          [
            -0.130911,
            -0.016574,
            -0.053141
          ]
        ],
        "Lattice": [
          [
            5.025196436,
            0.0,
            0.0
          ],
          [
            0.0,
            5.025196436,
            0.0
          ],
          [
            0.0,
            0.0,
            17.427492376
          ]
        ],
        "NumAtoms": 18,
        "Positions": [
          [
            3.7689,
            1.2563,
            0.0
          ],
          [
            3.7689,
            3.7689,
            0.0
          ],
          [
            1.2563,
            1.2563,
            0.0
          ],
          [
            1.2563,
            3.7689,
            0.0
          ],
          [
            0.0,
            0.0,
            1.77656
          ],
          [
            2.5126,
            0.0,
            1.77656
          ],
          [
            0.0,
            2.5126,
            1.77656
          ],
          [
            2.5126,
            2.5126,
            1.77656
          ],
          [
            1.28316,
            1.27228,
            3.58788
          ],
          [
            3.73928,
            1.27079,
            3.58025
          ],
          [
            1.26708,
            3.76937,
            3.57735
          ],
          [
            3.74781,
            3.76866,
            3.57629
          ],
          [
            2.50294,
            0.00289,
            5.48177
          ],
          [
            5.02237,
            2.53603,
            5.29282
          ],
          [
            2.51821,
            2.46391,
            5.47672
          ],
          [
            5.01212,
            0.03994,
            5.32892
          ],
          [
            2.44105,
            3.73271,
            6.94917
          ],
          [
            3.30128,
            3.75961,
            7.42385
          ]
        ],
        "Stress": [
          [
            -17.82341,
            0.02952,
            0.40477
          ],
          [
            0.02952,
            -22.93403,
            -0.6822
          ],
          [
            0.40477,
            -0.6822,
            -13.41764
          ]
        ],
        "computation_code": "VASP",
        "pseudopotential_information": [
          [
            "PAW_PBE",
            "Ni",
            "02Aug2007"
          ],
          [
            "PAW_PBE",
            "Ir",
            "06Sep2000"
          ],
          [
            "PAW_PBE",
            "O",
            "08Apr2002"
          ],
          [
            "PAW_PBE",
            "H",
            "15Jun2001"
          ]
        ]
      }
    ],
    "EnergyStyle": "electronvolt",
    "ForcesStyle": "electronvoltperangstrom",
    "LatticeStyle": "angstrom",
    "PositionsStyle": "angstrom",
    "StressStyle": "kB"
  }
}