{
  "Dataset": {
    "AtomTypeStyle": "chemicalsymbol",
    "Data": [
      {
        "AtomTypes": [
          "Ni",
          "Ni",
          "Ni",
          "Ni",
          "Ni",
          "Ni",
          "Ni",
          "Ni",
          "Ni",
          "Ni",
          "Ni",
          "Ni",
          "Ni",
          "Ni",
          "Ni",
          "Ni",
          "Ni",
          "Ni",
          "Ni",
          "Ir",
          "H"
        ],
        "Energy": -96.56224496,
        "Forces": [
          [
            0.0,
            -0.003663,
            0.54016
          ],
          [
            0.0,
            -0.01868,
            0.541625
          ],
          [
            0.0,
            0.001638,
            0.524191
          ],
          [
            0.0,
            0.020494,
            0.542795
          ],
          [
            -0.050294,
            0.004912,
            -0.545742
          ],
          [
            0.050294,
            0.004912,
            -0.545742
          ],
          [
            -0.018149,
            -0.007111,
            -0.542032
          ],
          [
            0.018149,
            -0.007111,
            -0.542032
          ],
          [
            0.0,
            0.001298,
            -0.075949
          ],
          [
            0.0,
            0.000381,
            0.024771
          ],
          [
            0.0,
            0.00795,
            0.150213
          ],
          [
            0.0,
            0.008243,
            0.058364
          ],
          [
            0.047254,
            -0.099008,
            -0.034048
          ],
          [
            -0.047254,
            -0.099008,
            -0.034048
          ],
          [
            -0.117996,
            0.085608,
            -0.144413
          ],
          [
            0.117996,
            0.085608,
            -0.144413
          ],
          [
            0.0,
            0.080643,
            -0.003628
          ],
          [
            0.0,
            0.278054,
            0.019669
          ],
          [
            0.0,
            -0.291117,
            0.05691
          ],
          [
            0.0,
            -0.085615,
            0.143164
          ],
          [
            0.0,
            0.031573,
            0.010184
          ]
        ],
        "Lattice": [
          [
            7.106,
            0.0,
            0.0
          ],
          [
            0.0,
            5.024699515,
            0.0
          ],
          [
            0.0,
            0.0,
            17.703958439
          ]
        ],
        "NumAtoms": 21,
        "Positions": [
          [
            0.0,
            2.51235,
            0.0
          ],
          [
            3.553,
            2.51235,
            0.0
          ],
          [
            0.0,
            0.0,
            0.0
          ],
          [
            3.553,
            0.0,
            0.0
          ],
          [
            1.7765,
            3.76852,
            1.25617
          ],
          [
            5.3295,
            3.76852,
            1.25617
          ],
          [
            1.7765,
            1.25618,
            1.25617
          ],
          [
            5.3295,
            1.25618,
            1.25617
          ],
          [
            0.0,
            5.02458,
            2.47858
          ],
          [
            3.553,
            5.02137,
            2.47114
          ],
          [
            0.0,
            2.51125,
            2.46302
          ],
          [
            3.553,
            2.51726,
            2.45172
          ],
          [
            1.80661,
            3.77165,
            3.81368
          ],
          [
            5.2994,
            3.77165,
            3.81368
          ],
          [
            1.80447,
            1.25749,
            3.81431
          ],
          [
            5.30153,
            1.25749,
            3.81431
          ],
          [
            0.0,
            2.50326,
            4.93728
          ],
          [
            3.553,
            2.47416,
            4.96127
          ],
          [
            3.553,
            0.03742,
            4.9885
          ],
          [
            0.0,
            0.00102,
            4.95498
          ],
          [
            3.553,
            1.25688,
            6.05441
          ]
        ],
        "Stress": [
          [
            -16.52915,
            0.0,
            0.0
          ],
          [
            0.0,
            -16.71316,
            0.07526
          ],
          [
            0.0,
            0.07526,
            -8.8457
          ]
        ],
        "computation_code": "VASP",
        "pseudopotential_information": [
          [
            "PAW_PBE",
            "Ni",
            "02Aug2007"
          ],
          [
            "PAW_PBE",
            "Ir",
            "06Sep2000"
          ],
          [
            "PAW_PBE",
            "H",
            "15Jun2001"
          ]
        ]
      }
    ],
    "EnergyStyle": "electronvolt",
    "ForcesStyle": "electronvoltperangstrom",
    "LatticeStyle": "angstrom",
    "PositionsStyle": "angstrom",
    "StressStyle": "kB"
  }
}