{
  "Dataset": {
    "AtomTypeStyle": "chemicalsymbol",
    "Data": [
      {
        "AtomTypes": [
          "Ni",
          "Ni",
          "Ni",
          "Ni",
          "Ni",
          "Ni",
          "Ni",
          "Ni",
          "Ni",
          "Ni",
          "Ni",
          "Ni",
          "Ni",
          "Ni",
          "Ni",
          "Ni",
          "Ni",
          "Ni",
          "Ni",
          "Ir",
          "O",
          "H"
        ],
        "Energy": -104.20364882,
        "Forces": [
          [
            -0.001819,
            -0.008724,
            0.571122
          ],
          [
            0.00901,
            -0.003188,
            0.58014
          ],
          [
            -0.001819,
            0.008724,
            0.571122
          ],
          [
            0.00901,
            0.003188,
            0.58014
          ],
          [
            0.018821,
            0.0,
            -0.479646
          ],
          [
            -0.023622,
            0.0,
            -0.372375
          ],
          [
            0.035311,
            0.0,
            -0.757918
          ],
          [
            0.001077,
            0.0,
            -0.647824
          ],
          [
            0.002234,
            0.016059,
            0.010433
          ],
          [
            -0.007451,
            0.01592,
            0.000578
          ],
          [
            0.002234,
            -0.016059,
            0.010433
          ],
          [
            -0.007451,
            -0.01592,
            0.000578
          ],
          [
            -0.014153,
            0.0,
            -0.00613
          ],
          [
            0.00828,
            0.0,
            -0.019927
          ],
          [
            0.009897,
            0.0,
            0.003464
          ],
          [
            -0.002591,
            0.011523,
            -0.004138
          ],
          [
            -0.006205,
            -0.007722,
            0.002533
          ],
          [
            -0.002591,
            -0.011523,
            -0.004138
          ],
          [
            -0.006205,
            0.007722,
            0.002533
          ],
          [
            0.007443,
            0.0,
            -0.009729
          ],
          [
            0.037794,
            0.0,
            0.003099
          ],
          [
            -0.067204,
            0.0,
            -0.03435
          ]
        ],
        "Lattice": [
          [
            7.106,
            0.0,
            0.0
          ],
          [
            0.0,
            5.024699515,
            0.0
          ],
          [
            0.0,
            0.0,
            17.703958439
          ]
        ],
        "NumAtoms": 22,
        "Positions": [
          [
            0.0,
            2.51235,
            0.0
          ],
          [
            3.553,
            2.51235,
            0.0
          ],
          [
            0.0,
            0.0,
            0.0
          ],
          [
            3.553,
            0.0,
            0.0
          ],
          [
            1.7765,
            3.76852,
            1.25617
          ],
          [
            5.3295,
            3.76852,
            1.25617
          ],
          [
            1.7765,
            1.25618,
            1.25617
          ],
          [
            5.3295,
            1.25618,
            1.25617
          ],
          [
            0.00689,
            -0.00222,
            2.48132
          ],
          [
            3.5484,
            0.00123,
            2.49125
          ],
          [
            0.00689,
            2.51457,
            2.48132
          ],
          [
            3.5484,
            2.51112,
            2.49125
          ],
          [
            1.82897,
            3.76852,
            3.81072
          ],
          [
            1.78421,
            1.25618,
            3.73884
          ],
          [
            5.33303,
            1.25618,
            3.80431
          ],
          [
            0.07327,
            2.50594,
            4.92666
          ],
          [
            3.4968,
            2.49948,
            5.08665
          ],
          [
            0.07327,
            0.00641,
            4.92666
          ],
          [
            3.4968,
            0.01287,
            5.08665
          ],
          [
            5.29907,
            3.76852,
            3.90736
          ],
          [
            3.5208,
            1.25617,
            6.58265
          ],
          [
            4.39178,
            1.25617,
            7.02815
          ]
        ],
        "Stress": [
          [
            -17.72765,
            0.0,
            -0.51418
          ],
          [
            0.0,
            -13.8184,
            0.0
          ],
          [
            -0.51418,
            0.0,
            -11.86132
          ]
        ],
        "computation_code": "VASP",
        "pseudopotential_information": [
          [
            "PAW_PBE",
            "Ni",
            "02Aug2007"
          ],
          [
            "PAW_PBE",
            "Ir",
            "06Sep2000"
          ],
          [
            "PAW_PBE",
            "O",
            "08Apr2002"
          ],
          [
            "PAW_PBE",
            "H",
            "15Jun2001"
          ]
        ]
      }
    ],
    "EnergyStyle": "electronvolt",
    "ForcesStyle": "electronvoltperangstrom",
    "LatticeStyle": "angstrom",
    "PositionsStyle": "angstrom",
    "StressStyle": "kB"
  }
}