{
  "Dataset": {
    "AtomTypeStyle": "chemicalsymbol",
    "Data": [
      {
        "AtomTypes": [
          "Ni",
          "Ni",
          "Ni",
          "Ni",
          "Ni",
          "Ni",
          "Ni",
          "Ni",
          "Ni",
          "Ni",
          "Ni",
          "Ni",
          "Ni",
          "Ni",
          "Ni",
          "Ir",
          "O",
          "H"
        ],
        "Energy": -86.86203179,
        "Forces": [
          [
            0.035867,
            0.0,
            0.167273
          ],
          [
            -0.000284,
            0.0,
            0.313647
          ],
          [
            -0.049733,
            0.0,
            0.340853
          ],
          [
            0.000935,
            0.0,
            0.183723
          ],
          [
            -0.051579,
            0.061977,
            -0.266105
          ],
          [
            0.059007,
            0.125485,
            -0.317376
          ],
          [
            -0.051579,
            -0.061977,
            -0.266105
          ],
          [
            0.059007,
            -0.125485,
            -0.317376
          ],
          [
            0.015667,
            0.0,
            -0.030692
          ],
          [
            -0.00806,
            0.0,
            0.091044
          ],
          [
            0.111941,
            0.0,
            -0.01216
          ],
          [
            -0.039839,
            0.017924,
            -0.003737
          ],
          [
            -0.000517,
            -0.012158,
            0.063172
          ],
          [
            -0.039839,
            -0.017924,
            -0.003737
          ],
          [
            -0.000517,
            0.012158,
            0.063172
          ],
          [
            -0.097769,
            0.0,
            -0.141248
          ],
          [
            -0.135364,
            0.0,
            -0.035621
          ],
          [
            0.192656,
            0.0,
            0.171275
          ]
        ],
        "Lattice": [
          [
            5.025196436,
            0.0,
            0.0
          ],
          [
            0.0,
            5.025196436,
            0.0
          ],
          [
            0.0,
            0.0,
            17.427492376
          ]
        ],
        "NumAtoms": 18,
        "Positions": [
          [
            3.7689,
            1.2563,
            0.0
          ],
          [
            3.7689,
            3.7689,
            0.0
          ],
          [
            1.2563,
            1.2563,
            0.0
          ],
          [
            1.2563,
            3.7689,
            0.0
          ],
          [
            0.0,
            0.0,
            1.77656
          ],
          [
            2.5126,
            0.0,
            1.77656
          ],
          [
            0.0,
            2.5126,
            1.77656
          ],
          [
            2.5126,
            2.5126,
            1.77656
          ],
          [
            1.27663,
            1.2563,
            3.61338
          ],
          [
            3.74447,
            1.2563,
            3.58601
          ],
          [
            3.7443,
            3.7689,
            3.59176
          ],
          [
            4.98054,
            0.04256,
            5.31326
          ],
          [
            2.51691,
            0.03364,
            5.47552
          ],
          [
            4.98054,
            2.47004,
            5.31326
          ],
          [
            2.51691,
            2.47896,
            5.47552
          ],
          [
            1.25659,
            3.7689,
            3.64035
          ],
          [
            2.44831,
            3.7689,
            6.94931
          ],
          [
            3.29491,
            3.7689,
            7.42869
          ]
        ],
        "Stress": [
          [
            -8.38344,
            0.0,
            0.70703
          ],
          [
            0.0,
            -12.82517,
            0.0
          ],
          [
            0.70703,
            0.0,
            -7.67124
          ]
        ],
        "computation_code": "VASP",
        "pseudopotential_information": [
          [
            "PAW_PBE",
            "Ni",
            "02Aug2007"
          ],
          [
            "PAW_PBE",
            "Ir",
            "06Sep2000"
          ],
          [
            "PAW_PBE",
            "O",
            "08Apr2002"
          ],
          [
            "PAW_PBE",
            "H",
            "15Jun2001"
          ]
        ]
      }
    ],
    "EnergyStyle": "electronvolt",
    "ForcesStyle": "electronvoltperangstrom",
    "LatticeStyle": "angstrom",
    "PositionsStyle": "angstrom",
    "StressStyle": "kB"
  }
}