{
  "Dataset": {
    "AtomTypeStyle": "chemicalsymbol",
    "Data": [
      {
        "AtomTypes": [
          "Ni",
          "Ni",
          "Ni",
          "Ni",
          "Ni",
          "Ni",
          "Ni",
          "Ni",
          "Ni",
          "Ni",
          "Ni",
          "Ni",
          "Ni",
          "Ni",
          "Ni",
          "Ni",
          "Ni",
          "Ni",
          "Ni",
          "Ir",
          "H"
        ],
        "Energy": -96.47134562,
        "Forces": [
          [
            0.0,
            -0.005474,
            0.566017
          ],
          [
            0.0,
            -0.015191,
            0.649666
          ],
          [
            0.0,
            0.006834,
            0.515682
          ],
          [
            0.0,
            0.013447,
            0.604121
          ],
          [
            0.000914,
            -0.014677,
            -0.546592
          ],
          [
            -0.000914,
            -0.014677,
            -0.546592
          ],
          [
            0.032688,
            0.014545,
            -0.627523
          ],
          [
            -0.032688,
            0.014545,
            -0.627523
          ],
          [
            0.0,
            -0.050724,
            -0.62292
          ],
          [
            0.0,
            0.038679,
            -0.046307
          ],
          [
            0.0,
            0.03464,
            -0.245118
          ],
          [
            0.0,
            -0.037773,
            -0.119883
          ],
          [
            0.244584,
            -0.130408,
            -0.044411
          ],
          [
            -0.244584,
            -0.130408,
            -0.044411
          ],
          [
            0.531432,
            0.163802,
            0.218795
          ],
          [
            -0.531432,
            0.163802,
            0.218795
          ],
          [
            0.0,
            -0.065907,
            0.341958
          ],
          [
            0.0,
            -0.408315,
            -0.328894
          ],
          [
            0.0,
            0.429334,
            -0.154348
          ],
          [
            0.0,
            0.011543,
            0.993924
          ],
          [
            0.0,
            -0.017617,
            -0.154438
          ]
        ],
        "Lattice": [
          [
            7.106,
            0.0,
            0.0
          ],
          [
            0.0,
            5.024699515,
            0.0
          ],
          [
            0.0,
            0.0,
            17.703958439
          ]
        ],
        "NumAtoms": 21,
        "Positions": [
          [
            0.0,
            2.51235,
            0.0
          ],
          [
            3.553,
            2.51235,
            0.0
          ],
          [
            0.0,
            0.0,
            0.0
          ],
          [
            3.553,
            0.0,
            0.0
          ],
          [
            1.7765,
            3.76852,
            1.25617
          ],
          [
            5.3295,
            3.76852,
            1.25617
          ],
          [
            1.7765,
            1.25618,
            1.25617
          ],
          [
            5.3295,
            1.25618,
            1.25617
          ],
          [
            0.0,
            5.02105,
            2.48038
          ],
          [
            3.553,
            5.01903,
            2.49395
          ],
          [
            0.0,
            2.516,
            2.48038
          ],
          [
            3.553,
            2.51802,
            2.49395
          ],
          [
            1.80023,
            3.76852,
            3.80615
          ],
          [
            5.30577,
            3.76852,
            3.80615
          ],
          [
            1.76547,
            1.25618,
            3.75815
          ],
          [
            5.34053,
            1.25618,
            3.75815
          ],
          [
            0.0,
            2.51591,
            4.89065
          ],
          [
            3.553,
            2.52908,
            5.02321
          ],
          [
            3.553,
            5.00797,
            5.02321
          ],
          [
            0.0,
            5.02114,
            4.89065
          ],
          [
            3.553,
            1.25617,
            6.07463
          ]
        ],
        "Stress": [
          [
            -14.44758,
            0.0,
            0.0
          ],
          [
            0.0,
            -16.43746,
            -0.16354
          ],
          [
            0.0,
            -0.16354,
            -4.95402
          ]
        ],
        "computation_code": "VASP",
        "pseudopotential_information": [
          [
            "PAW_PBE",
            "Ni",
            "02Aug2007"
          ],
          [
            "PAW_PBE",
            "Ir",
            "06Sep2000"
          ],
          [
            "PAW_PBE",
            "H",
            "15Jun2001"
          ]
        ]
      }
    ],
    "EnergyStyle": "electronvolt",
    "ForcesStyle": "electronvoltperangstrom",
    "LatticeStyle": "angstrom",
    "PositionsStyle": "angstrom",
    "StressStyle": "kB"
  }
}