{
  "Dataset": {
    "AtomTypeStyle": "chemicalsymbol",
    "Data": [
      {
        "AtomTypes": [
          "Ni",
          "Ni",
          "Ni",
          "Ni",
          "Ni",
          "Ni",
          "Ni",
          "Ni",
          "Ni",
          "Ni",
          "Ni",
          "Ni",
          "Ni",
          "Ni",
          "Ni",
          "Ni",
          "Ni",
          "Ni",
          "Ni",
          "Ir",
          "H"
        ],
        "Energy": -96.83164035,
        "Forces": [
          [
            0.0,
            -0.003379,
            0.537124
          ],
          [
            0.0,
            -0.017708,
            0.482256
          ],
          [
            0.0,
            0.003271,
            0.558677
          ],
          [
            0.0,
            0.01421,
            0.564938
          ],
          [
            -0.023142,
            0.018055,
            -0.585529
          ],
          [
            0.023142,
            0.018055,
            -0.585529
          ],
          [
            0.003903,
            -0.019938,
            -0.60375
          ],
          [
            -0.003903,
            -0.019938,
            -0.60375
          ],
          [
            0.0,
            0.035529,
            -0.01546
          ],
          [
            0.0,
            -0.032671,
            -0.007936
          ],
          [
            0.0,
            -0.025652,
            0.036032
          ],
          [
            0.0,
            0.008141,
            0.012759
          ],
          [
            0.063361,
            -0.054553,
            -0.014467
          ],
          [
            -0.063361,
            -0.054553,
            -0.014467
          ],
          [
            -0.017367,
            0.013084,
            0.014364
          ],
          [
            0.017367,
            0.013084,
            0.014364
          ],
          [
            0.0,
            -0.004426,
            0.053432
          ],
          [
            0.0,
            0.030263,
            0.019963
          ],
          [
            0.0,
            -0.042071,
            0.016467
          ],
          [
            0.0,
            -0.006019,
            0.052201
          ],
          [
            0.0,
            0.127216,
            0.068311
          ]
        ],
        "Lattice": [
          [
            7.106,
            0.0,
            0.0
          ],
          [
            0.0,
            5.024699515,
            0.0
          ],
          [
            0.0,
            0.0,
            17.703958439
          ]
        ],
        "NumAtoms": 21,
        "Positions": [
          [
            0.0,
            2.51235,
            0.0
          ],
          [
            3.553,
            2.51235,
            0.0
          ],
          [
            0.0,
            0.0,
            0.0
          ],
          [
            3.553,
            0.0,
            0.0
          ],
          [
            1.7765,
            3.76852,
            1.25617
          ],
          [
            5.3295,
            3.76852,
            1.25617
          ],
          [
            1.7765,
            1.25618,
            1.25617
          ],
          [
            5.3295,
            1.25618,
            1.25617
          ],
          [
            0.0,
            5.02379,
            2.46737
          ],
          [
            3.553,
            5.01715,
            2.47189
          ],
          [
            0.0,
            2.51486,
            2.47687
          ],
          [
            3.553,
            2.50954,
            2.45405
          ],
          [
            1.76902,
            3.77924,
            3.80258
          ],
          [
            5.33698,
            3.77924,
            3.80258
          ],
          [
            1.77501,
            1.25253,
            3.79246
          ],
          [
            5.33099,
            1.25253,
            3.79246
          ],
          [
            0.0,
            2.51249,
            4.90909
          ],
          [
            0.0,
            0.00109,
            4.88654
          ],
          [
            3.553,
            5.0008,
            4.99246
          ],
          [
            3.553,
            2.51928,
            4.9967
          ],
          [
            3.553,
            1.26505,
            6.15401
          ]
        ],
        "Stress": [
          [
            -16.05812,
            0.0,
            0.0
          ],
          [
            0.0,
            -16.55962,
            0.76892
          ],
          [
            0.0,
            0.76892,
            -6.9472
          ]
        ],
        "computation_code": "VASP",
        "pseudopotential_information": [
          [
            "PAW_PBE",
            "Ni",
            "02Aug2007"
          ],
          [
            "PAW_PBE",
            "Ir",
            "06Sep2000"
          ],
          [
            "PAW_PBE",
            "H",
            "15Jun2001"
          ]
        ]
      }
    ],
    "EnergyStyle": "electronvolt",
    "ForcesStyle": "electronvoltperangstrom",
    "LatticeStyle": "angstrom",
    "PositionsStyle": "angstrom",
    "StressStyle": "kB"
  }
}