{
  "Dataset": {
    "AtomTypeStyle": "chemicalsymbol",
    "Data": [
      {
        "AtomTypes": [
          "Ni",
          "Ni",
          "Ni",
          "Ni",
          "Ni",
          "Ni",
          "Ni",
          "Ni",
          "Ni",
          "Ni",
          "Ni",
          "Ni",
          "Ni",
          "Ni",
          "Ni",
          "Ir",
          "O",
          "H"
        ],
        "Energy": -86.97329789,
        "Forces": [
          [
            0.045124,
            -0.0,
            0.344439
          ],
          [
            0.011805,
            -0.0,
            0.149437
          ],
          [
            -0.056905,
            -0.0,
            0.194312
          ],
          [
            -0.002658,
            -0.0,
            0.340833
          ],
          [
            -0.055869,
            -0.053155,
            -0.319665
          ],
          [
            0.041626,
            -0.044127,
            -0.291238
          ],
          [
            -0.055869,
            0.053155,
            -0.319665
          ],
          [
            0.041626,
            0.044127,
            -0.291238
          ],
          [
            0.082499,
            -0.0,
            -0.002404
          ],
          [
            0.036517,
            -0.0,
            -0.025183
          ],
          [
            -0.016958,
            -0.0,
            0.144317
          ],
          [
            -0.032542,
            -0.023264,
            -0.028859
          ],
          [
            0.003785,
            0.044001,
            0.049039
          ],
          [
            -0.032542,
            0.023264,
            -0.028859
          ],
          [
            0.003785,
            -0.044001,
            0.049039
          ],
          [
            -0.068517,
            -0.0,
            -0.107802
          ],
          [
            -0.090438,
            -0.0,
            -0.010193
          ],
          [
            0.145531,
            -0.0,
            0.153688
          ]
        ],
        "Lattice": [
          [
            5.025196436,
            0.0,
            0.0
          ],
          [
            0.0,
            5.025196436,
            0.0
          ],
          [
            0.0,
            0.0,
            17.427492376
          ]
        ],
        "NumAtoms": 18,
        "Positions": [
          [
            3.7689,
            1.2563,
            0.0
          ],
          [
            3.7689,
            3.7689,
            0.0
          ],
          [
            1.2563,
            1.2563,
            0.0
          ],
          [
            1.2563,
            3.7689,
            0.0
          ],
          [
            0.0,
            0.0,
            1.77656
          ],
          [
            2.5126,
            0.0,
            1.77656
          ],
          [
            0.0,
            2.5126,
            1.77656
          ],
          [
            2.5126,
            2.5126,
            1.77656
          ],
          [
            3.75454,
            1.2563,
            3.59188
          ],
          [
            1.24083,
            3.7689,
            3.59003
          ],
          [
            3.74936,
            3.7689,
            3.5632
          ],
          [
            4.97463,
            -0.0142,
            5.31358
          ],
          [
            2.52133,
            -0.0074,
            5.4543
          ],
          [
            4.97463,
            2.5268,
            5.31358
          ],
          [
            2.52133,
            2.52,
            5.4543
          ],
          [
            1.28305,
            1.2563,
            3.66058
          ],
          [
            2.46381,
            3.7689,
            6.94613
          ],
          [
            3.29299,
            3.7689,
            7.4558
          ]
        ],
        "Stress": [
          [
            -8.94556,
            0.0,
            0.92455
          ],
          [
            0.0,
            -11.7871,
            0.0
          ],
          [
            0.92455,
            0.0,
            -8.07303
          ]
        ],
        "computation_code": "VASP",
        "pseudopotential_information": [
          [
            "PAW_PBE",
            "Ni",
            "02Aug2007"
          ],
          [
            "PAW_PBE",
            "Ir",
            "06Sep2000"
          ],
          [
            "PAW_PBE",
            "O",
            "08Apr2002"
          ],
          [
            "PAW_PBE",
            "H",
            "15Jun2001"
          ]
        ]
      }
    ],
    "EnergyStyle": "electronvolt",
    "ForcesStyle": "electronvoltperangstrom",
    "LatticeStyle": "angstrom",
    "PositionsStyle": "angstrom",
    "StressStyle": "kB"
  }
}