{
  "Dataset": {
    "AtomTypeStyle": "chemicalsymbol",
    "Data": [
      {
        "AtomTypes": [
          "Ni",
          "Ni",
          "Ni",
          "Ni",
          "Ni",
          "Ni",
          "Ni",
          "Ni",
          "Ni",
          "Ni",
          "Ni",
          "Ni",
          "Ni",
          "Ni",
          "Ni",
          "Ir",
          "H"
        ],
        "Energy": -79.76133054,
        "Forces": [
          [
            -0.002021,
            0.002021,
            0.320193
          ],
          [
            0.006568,
            -0.003372,
            0.307921
          ],
          [
            0.003372,
            -0.006568,
            0.307921
          ],
          [
            0.00013,
            -0.00013,
            0.292912
          ],
          [
            -0.029916,
            0.029916,
            -0.345779
          ],
          [
            0.038958,
            0.010606,
            -0.280654
          ],
          [
            -0.010606,
            -0.038958,
            -0.280654
          ],
          [
            0.013112,
            -0.013112,
            -0.364992
          ],
          [
            -0.005801,
            0.008574,
            0.015063
          ],
          [
            0.001585,
            -0.001585,
            0.013128
          ],
          [
            0.009267,
            -0.009267,
            -0.017118
          ],
          [
            -0.008574,
            0.005801,
            0.015063
          ],
          [
            -0.006853,
            -0.004542,
            0.002916
          ],
          [
            0.004542,
            0.006853,
            0.002916
          ],
          [
            0.005262,
            -0.005262,
            0.000709
          ],
          [
            -0.000704,
            0.000704,
            0.01302
          ],
          [
            -0.018321,
            0.018321,
            -0.002564
          ]
        ],
        "Lattice": [
          [
            5.025196436,
            0.0,
            0.0
          ],
          [
            0.0,
            5.025196436,
            0.0
          ],
          [
            0.0,
            0.0,
            17.427492376
          ]
        ],
        "NumAtoms": 17,
        "Positions": [
          [
            3.7689,
            1.2563,
            0.0
          ],
          [
            3.7689,
            3.7689,
            0.0
          ],
          [
            1.2563,
            1.2563,
            0.0
          ],
          [
            1.2563,
            3.7689,
            0.0
          ],
          [
            0.0,
            0.0,
            1.77656
          ],
          [
            2.5126,
            0.0,
            1.77656
          ],
          [
            0.0,
            2.5126,
            1.77656
          ],
          [
            2.5126,
            2.5126,
            1.77656
          ],
          [
            1.2628,
            1.25069,
            3.57859
          ],
          [
            3.76036,
            1.26484,
            3.59248
          ],
          [
            1.26725,
            3.75795,
            3.55281
          ],
          [
            3.77451,
            3.76239,
            3.57859
          ],
          [
            2.57009,
            0.01883,
            5.36665
          ],
          [
            -0.01883,
            2.45511,
            5.36665
          ],
          [
            2.48922,
            2.53597,
            5.34457
          ],
          [
            0.04748,
            -0.04748,
            5.40604
          ],
          [
            1.14531,
            3.87988,
            6.22174
          ]
        ],
        "Stress": [
          [
            -23.22297,
            -0.58537,
            -0.36957
          ],
          [
            -0.58537,
            -23.22297,
            0.36957
          ],
          [
            -0.36957,
            0.36957,
            -10.32059
          ]
        ],
        "computation_code": "VASP",
        "pseudopotential_information": [
          [
            "PAW_PBE",
            "Ni",
            "02Aug2007"
          ],
          [
            "PAW_PBE",
            "Ir",
            "06Sep2000"
          ],
          [
            "PAW_PBE",
            "H",
            "15Jun2001"
          ]
        ]
      }
    ],
    "EnergyStyle": "electronvolt",
    "ForcesStyle": "electronvoltperangstrom",
    "LatticeStyle": "angstrom",
    "PositionsStyle": "angstrom",
    "StressStyle": "kB"
  }
}