{
  "Dataset": {
    "AtomTypeStyle": "chemicalsymbol",
    "Data": [
      {
        "AtomTypes": [
          "Ni",
          "Ni",
          "Ni",
          "Ni",
          "Ni",
          "Ni",
          "Ni",
          "Ni",
          "Ni",
          "Ni",
          "Ni",
          "Ni",
          "Ni",
          "Ni",
          "Ni",
          "Ni",
          "Ni",
          "Ni",
          "Ni",
          "Ir",
          "H"
        ],
        "Energy": -97.01838042,
        "Forces": [
          [
            -0.012179,
            -0.01074,
            0.515986
          ],
          [
            0.008367,
            -0.013666,
            0.558392
          ],
          [
            -0.012179,
            0.01074,
            0.515986
          ],
          [
            0.008367,
            0.013666,
            0.558392
          ],
          [
            0.00916,
            0.0,
            -0.550473
          ],
          [
            -0.016295,
            0.0,
            -0.527003
          ],
          [
            -0.008109,
            0.0,
            -0.754563
          ],
          [
            0.009211,
            0.0,
            -0.715742
          ],
          [
            -0.022266,
            -0.015334,
            0.087005
          ],
          [
            0.030715,
            -0.094928,
            -0.067891
          ],
          [
            -0.022266,
            0.015334,
            0.087005
          ],
          [
            0.030715,
            0.094928,
            -0.067891
          ],
          [
            0.054118,
            0.0,
            0.045225
          ],
          [
            0.00103,
            0.0,
            0.079667
          ],
          [
            0.024983,
            0.0,
            0.10419
          ],
          [
            0.12008,
            -0.011817,
            0.053313
          ],
          [
            -0.114233,
            0.139068,
            -0.190012
          ],
          [
            0.12008,
            0.011817,
            0.053313
          ],
          [
            -0.114233,
            -0.139068,
            -0.190012
          ],
          [
            -0.024636,
            0.0,
            0.179624
          ],
          [
            -0.070428,
            0.0,
            0.22549
          ]
        ],
        "Lattice": [
          [
            7.106,
            0.0,
            0.0
          ],
          [
            0.0,
            5.024699515,
            0.0
          ],
          [
            0.0,
            0.0,
            17.703958439
          ]
        ],
        "NumAtoms": 21,
        "Positions": [
          [
            0.0,
            2.51235,
            0.0
          ],
          [
            3.553,
            2.51235,
            0.0
          ],
          [
            0.0,
            0.0,
            0.0
          ],
          [
            3.553,
            0.0,
            0.0
          ],
          [
            1.7765,
            3.76852,
            1.25617
          ],
          [
            5.3295,
            3.76852,
            1.25617
          ],
          [
            1.7765,
            1.25618,
            1.25617
          ],
          [
            5.3295,
            1.25618,
            1.25617
          ],
          [
            0.02061,
            0.00582,
            2.45989
          ],
          [
            3.52969,
            0.01342,
            2.47137
          ],
          [
            0.02061,
            2.50653,
            2.45989
          ],
          [
            3.52969,
            2.49893,
            2.47137
          ],
          [
            1.79816,
            3.76852,
            3.81245
          ],
          [
            1.7841,
            1.25618,
            3.77246
          ],
          [
            5.32088,
            1.25618,
            3.77759
          ],
          [
            0.02572,
            2.50612,
            4.91614
          ],
          [
            3.53578,
            2.48223,
            5.02372
          ],
          [
            0.02572,
            0.00623,
            4.91614
          ],
          [
            3.53578,
            0.03012,
            5.02372
          ],
          [
            5.30306,
            3.76852,
            3.8395
          ],
          [
            3.54717,
            1.25617,
            6.06349
          ]
        ],
        "Stress": [
          [
            -13.26059,
            0.0,
            -0.35207
          ],
          [
            0.0,
            -10.54782,
            0.0
          ],
          [
            -0.35207,
            0.0,
            -6.12402
          ]
        ],
        "computation_code": "VASP",
        "pseudopotential_information": [
          [
            "PAW_PBE",
            "Ni",
            "02Aug2007"
          ],
          [
            "PAW_PBE",
            "Ir",
            "06Sep2000"
          ],
          [
            "PAW_PBE",
            "H",
            "15Jun2001"
          ]
        ]
      }
    ],
    "EnergyStyle": "electronvolt",
    "ForcesStyle": "electronvoltperangstrom",
    "LatticeStyle": "angstrom",
    "PositionsStyle": "angstrom",
    "StressStyle": "kB"
  }
}