{
  "Dataset": {
    "AtomTypeStyle": "chemicalsymbol",
    "Data": [
      {
        "AtomTypes": [
          "Ni",
          "Ni",
          "Ni",
          "Ni",
          "Ni",
          "Ni",
          "Ni",
          "Ni",
          "Ni",
          "Ni",
          "Ni",
          "Ni",
          "Ni",
          "Co",
          "Ni",
          "Ni",
          "Ni",
          "Ni",
          "Ni",
          "Ni",
          "O"
        ],
        "Energy": -98.15405821,
        "Forces": [
          [
            0.01178,
            -0.007923,
            0.542077
          ],
          [
            -0.003382,
            0.007575,
            0.59856
          ],
          [
            0.01178,
            0.007923,
            0.542077
          ],
          [
            -0.003382,
            -0.007575,
            0.59856
          ],
          [
            0.041121,
            -0.0,
            -0.454587
          ],
          [
            -0.061898,
            -0.0,
            -0.426325
          ],
          [
            0.0642,
            -0.0,
            -0.697185
          ],
          [
            -0.056379,
            -0.0,
            -0.658383
          ],
          [
            0.004282,
            -0.038073,
            0.011127
          ],
          [
            -0.026244,
            -0.017625,
            -0.024086
          ],
          [
            0.004282,
            0.038073,
            0.011127
          ],
          [
            -0.026244,
            0.017625,
            -0.024086
          ],
          [
            -0.012493,
            -0.0,
            -0.003086
          ],
          [
            0.014356,
            -0.0,
            0.000812
          ],
          [
            0.034438,
            -0.0,
            0.027066
          ],
          [
            0.012137,
            -0.0,
            -0.010233
          ],
          [
            -0.008245,
            0.024058,
            -0.00831
          ],
          [
            -0.006091,
            0.009811,
            -0.020677
          ],
          [
            -0.008245,
            -0.024058,
            -0.00831
          ],
          [
            -0.006091,
            -0.009811,
            -0.020677
          ],
          [
            0.020317,
            -0.0,
            0.024538
          ]
        ],
        "Lattice": [
          [
            7.106,
            0.0,
            0.0
          ],
          [
            0.0,
            5.024699515,
            0.0
          ],
          [
            0.0,
            0.0,
            17.703958439
          ]
        ],
        "NumAtoms": 21,
        "Positions": [
          [
            0.0,
            2.51235,
            0.0
          ],
          [
            3.553,
            2.51235,
            0.0
          ],
          [
            0.0,
            0.0,
            0.0
          ],
          [
            3.553,
            0.0,
            0.0
          ],
          [
            1.7765,
            3.76852,
            1.25617
          ],
          [
            5.3295,
            3.76852,
            1.25617
          ],
          [
            1.7765,
            1.25618,
            1.25617
          ],
          [
            5.3295,
            1.25618,
            1.25617
          ],
          [
            -0.00335,
            5.02158,
            2.47503
          ],
          [
            3.55481,
            5.01533,
            2.50325
          ],
          [
            -0.00335,
            2.51547,
            2.47503
          ],
          [
            3.55481,
            2.52172,
            2.50325
          ],
          [
            1.79392,
            3.76852,
            3.81512
          ],
          [
            5.32212,
            3.76852,
            3.79154
          ],
          [
            1.75375,
            1.25618,
            3.74725
          ],
          [
            5.33835,
            1.25618,
            3.75379
          ],
          [
            -0.01531,
            2.52255,
            4.89385
          ],
          [
            3.56305,
            2.53732,
            5.01761
          ],
          [
            -0.01531,
            5.0145,
            4.89385
          ],
          [
            3.56305,
            4.99973,
            5.01761
          ],
          [
            3.56456,
            1.25617,
            6.24055
          ]
        ],
        "Stress": [
          [
            -21.53771,
            0.0,
            0.07664
          ],
          [
            0.0,
            -20.94867,
            0.0
          ],
          [
            0.07664,
            0.0,
            -11.34772
          ]
        ],
        "computation_code": "VASP",
        "pseudopotential_information": [
          [
            "PAW_PBE",
            "Ni",
            "02Aug2007"
          ],
          [
            "PAW_PBE",
            "Co",
            "02Aug2007"
          ],
          [
            "PAW_PBE",
            "O",
            "08Apr2002"
          ]
        ]
      }
    ],
    "EnergyStyle": "electronvolt",
    "ForcesStyle": "electronvoltperangstrom",
    "LatticeStyle": "angstrom",
    "PositionsStyle": "angstrom",
    "StressStyle": "kB"
  }
}