{
  "Dataset": {
    "AtomTypeStyle": "chemicalsymbol",
    "Data": [
      {
        "AtomTypes": [
          "Ni",
          "Ni",
          "Ni",
          "Ni",
          "Ni",
          "Ni",
          "Ni",
          "Ni",
          "Ni",
          "Ni",
          "Ni",
          "Ni",
          "Ni",
          "Co",
          "Ni",
          "Ni",
          "O",
          "H"
        ],
        "Energy": -85.2617818,
        "Forces": [
          [
            0.03294,
            -0.003645,
            0.302348
          ],
          [
            0.001758,
            -0.007365,
            0.306287
          ],
          [
            -0.03606,
            -0.002865,
            0.308288
          ],
          [
            -5.5e-05,
            -0.006825,
            0.304578
          ],
          [
            -0.003962,
            0.018337,
            -0.246511
          ],
          [
            -0.007859,
            0.020294,
            -0.338923
          ],
          [
            -0.001314,
            0.005799,
            -0.369115
          ],
          [
            -0.006587,
            -0.005682,
            -0.326091
          ],
          [
            -0.000832,
            0.000487,
            0.005812
          ],
          [
            0.007955,
            -0.002055,
            0.002365
          ],
          [
            0.006408,
            -0.004067,
            0.012523
          ],
          [
            -0.004793,
            -0.002585,
            0.009041
          ],
          [
            0.003713,
            -0.007182,
            -0.00554
          ],
          [
            0.002592,
            -0.002616,
            0.019339
          ],
          [
            -0.001359,
            -0.000385,
            -0.005604
          ],
          [
            0.005656,
            -0.006993,
            -0.002369
          ],
          [
            0.025669,
            -0.005103,
            0.028312
          ],
          [
            -0.02387,
            0.012452,
            -0.004739
          ]
        ],
        "Lattice": [
          [
            5.025196436,
            0.0,
            0.0
          ],
          [
            0.0,
            5.025196436,
            0.0
          ],
          [
            0.0,
            0.0,
            17.427492376
          ]
        ],
        "NumAtoms": 18,
        "Positions": [
          [
            3.7689,
            1.2563,
            0.0
          ],
          [
            3.7689,
            3.7689,
            0.0
          ],
          [
            1.2563,
            1.2563,
            0.0
          ],
          [
            1.2563,
            3.7689,
            0.0
          ],
          [
            0.0,
            0.0,
            1.77656
          ],
          [
            2.5126,
            0.0,
            1.77656
          ],
          [
            0.0,
            2.5126,
            1.77656
          ],
          [
            2.5126,
            2.5126,
            1.77656
          ],
          [
            1.28044,
            1.25545,
            3.57985
          ],
          [
            3.73946,
            1.25583,
            3.57664
          ],
          [
            1.26928,
            3.77205,
            3.57008
          ],
          [
            3.75185,
            3.7715,
            3.56988
          ],
          [
            5.01954,
            0.01351,
            5.22989
          ],
          [
            2.51779,
            -0.00043,
            5.36837
          ],
          [
            5.01995,
            2.49605,
            5.23386
          ],
          [
            2.51183,
            2.46826,
            5.40867
          ],
          [
            2.44418,
            3.787,
            6.8884
          ],
          [
            3.27308,
            3.77421,
            7.40751
          ]
        ],
        "Stress": [
          [
            -23.98445,
            -0.02244,
            0.35072
          ],
          [
            -0.02244,
            -27.99328,
            0.0276
          ],
          [
            0.35072,
            0.0276,
            -12.32773
          ]
        ],
        "computation_code": "VASP",
        "pseudopotential_information": [
          [
            "PAW_PBE",
            "Ni",
            "02Aug2007"
          ],
          [
            "PAW_PBE",
            "Co",
            "02Aug2007"
          ],
          [
            "PAW_PBE",
            "O",
            "08Apr2002"
          ],
          [
            "PAW_PBE",
            "H",
            "15Jun2001"
          ]
        ]
      }
    ],
    "EnergyStyle": "electronvolt",
    "ForcesStyle": "electronvoltperangstrom",
    "LatticeStyle": "angstrom",
    "PositionsStyle": "angstrom",
    "StressStyle": "kB"
  }
}