{
  "Dataset": {
    "AtomTypeStyle": "chemicalsymbol",
    "Data": [
      {
        "AtomTypes": [
          "Ni",
          "Ni",
          "Ni",
          "Ni",
          "Ni",
          "Ni",
          "Ni",
          "Ni",
          "Ni",
          "Ni",
          "Ni",
          "Ni",
          "Ni",
          "Ni",
          "Co",
          "Ni",
          "Ni",
          "Ni",
          "Ni",
          "Ni",
          "O"
        ],
        "Energy": -98.15085608,
        "Forces": [
          [
            -0.01368,
            -0.009539,
            0.542434
          ],
          [
            0.008608,
            0.017669,
            0.572893
          ],
          [
            -0.01368,
            0.009539,
            0.542434
          ],
          [
            0.008608,
            -0.017669,
            0.572893
          ],
          [
            0.043999,
            -0.0,
            -0.517984
          ],
          [
            -0.011137,
            -0.0,
            -0.621961
          ],
          [
            0.058962,
            -0.0,
            -0.493998
          ],
          [
            -0.067039,
            -0.0,
            -0.589791
          ],
          [
            -0.000556,
            -0.011249,
            -0.001523
          ],
          [
            0.001799,
            0.006874,
            -0.006477
          ],
          [
            -0.000556,
            0.011249,
            -0.001523
          ],
          [
            0.001799,
            -0.006874,
            -0.006477
          ],
          [
            0.008322,
            -0.0,
            -0.013578
          ],
          [
            -0.001434,
            -0.0,
            0.01181
          ],
          [
            0.010831,
            -0.0,
            0.013725
          ],
          [
            -0.01384,
            -0.0,
            0.000866
          ],
          [
            7.6e-05,
            -0.008003,
            0.003489
          ],
          [
            0.001841,
            0.000813,
            -0.003609
          ],
          [
            7.6e-05,
            0.008003,
            0.003489
          ],
          [
            0.001841,
            -0.000813,
            -0.003609
          ],
          [
            -0.024842,
            -0.0,
            -0.003502
          ]
        ],
        "Lattice": [
          [
            7.106,
            0.0,
            0.0
          ],
          [
            0.0,
            5.024699515,
            0.0
          ],
          [
            0.0,
            0.0,
            17.703958439
          ]
        ],
        "NumAtoms": 21,
        "Positions": [
          [
            0.0,
            2.51235,
            0.0
          ],
          [
            3.553,
            2.51235,
            0.0
          ],
          [
            0.0,
            0.0,
            0.0
          ],
          [
            3.553,
            0.0,
            0.0
          ],
          [
            1.7765,
            3.76852,
            1.25617
          ],
          [
            5.3295,
            3.76852,
            1.25617
          ],
          [
            1.7765,
            1.25618,
            1.25617
          ],
          [
            5.3295,
            1.25618,
            1.25617
          ],
          [
            0.00188,
            5.02271,
            2.47391
          ],
          [
            3.55269,
            5.02271,
            2.49734
          ],
          [
            0.00188,
            2.51434,
            2.47391
          ],
          [
            3.55269,
            2.51434,
            2.49734
          ],
          [
            1.80241,
            3.76852,
            3.806
          ],
          [
            5.31493,
            3.76852,
            3.79139
          ],
          [
            1.74956,
            1.25618,
            3.74085
          ],
          [
            5.34828,
            1.25618,
            3.76381
          ],
          [
            0.01564,
            2.50736,
            4.88948
          ],
          [
            3.54662,
            2.52615,
            5.01861
          ],
          [
            0.01564,
            0.00499,
            4.88948
          ],
          [
            3.54662,
            5.0109,
            5.01861
          ],
          [
            3.52964,
            1.25617,
            6.25287
          ]
        ],
        "Stress": [
          [
            -21.4408,
            0.0,
            -0.1783
          ],
          [
            0.0,
            -21.12666,
            0.0
          ],
          [
            -0.1783,
            0.0,
            -10.94094
          ]
        ],
        "computation_code": "VASP",
        "pseudopotential_information": [
          [
            "PAW_PBE",
            "Ni",
            "02Aug2007"
          ],
          [
            "PAW_PBE",
            "Co",
            "02Aug2007"
          ],
          [
            "PAW_PBE",
            "O",
            "08Apr2002"
          ]
        ]
      }
    ],
    "EnergyStyle": "electronvolt",
    "ForcesStyle": "electronvoltperangstrom",
    "LatticeStyle": "angstrom",
    "PositionsStyle": "angstrom",
    "StressStyle": "kB"
  }
}