{
  "Dataset": {
    "AtomTypeStyle": "chemicalsymbol",
    "Data": [
      {
        "AtomTypes": [
          "Ni",
          "Ni",
          "Ni",
          "Ni",
          "Ni",
          "Ni",
          "Ni",
          "Ni",
          "Co",
          "Ni",
          "Ni",
          "Ni",
          "Ni",
          "Ni",
          "Ni",
          "Ni",
          "O",
          "H"
        ],
        "Energy": -85.32810067,
        "Forces": [
          [
            0.041795,
            0.0,
            0.297604
          ],
          [
            -0.001295,
            0.0,
            0.18945
          ],
          [
            -0.050487,
            0.0,
            0.302206
          ],
          [
            0.000515,
            0.0,
            0.295461
          ],
          [
            0.039731,
            0.033902,
            -0.22472
          ],
          [
            -0.030197,
            0.047736,
            -0.283372
          ],
          [
            0.039731,
            -0.033902,
            -0.22472
          ],
          [
            -0.030197,
            -0.047736,
            -0.283372
          ],
          [
            -0.016831,
            0.0,
            0.139811
          ],
          [
            -0.1562,
            0.0,
            0.012138
          ],
          [
            0.004422,
            0.0,
            -0.01048
          ],
          [
            -0.012368,
            0.0,
            0.006505
          ],
          [
            0.04356,
            -0.009184,
            -0.0274
          ],
          [
            0.076278,
            0.040392,
            -0.126013
          ],
          [
            0.04356,
            0.009184,
            -0.0274
          ],
          [
            0.076278,
            -0.040392,
            -0.126013
          ],
          [
            -0.052057,
            0.0,
            0.0712
          ],
          [
            -0.016234,
            0.0,
            0.019115
          ]
        ],
        "Lattice": [
          [
            5.025196436,
            0.0,
            0.0
          ],
          [
            0.0,
            5.025196436,
            0.0
          ],
          [
            0.0,
            0.0,
            17.427492376
          ]
        ],
        "NumAtoms": 18,
        "Positions": [
          [
            3.7689,
            1.2563,
            0.0
          ],
          [
            3.7689,
            3.7689,
            0.0
          ],
          [
            1.2563,
            1.2563,
            0.0
          ],
          [
            1.2563,
            3.7689,
            0.0
          ],
          [
            0.0,
            0.0,
            1.77656
          ],
          [
            2.5126,
            0.0,
            1.77656
          ],
          [
            0.0,
            2.5126,
            1.77656
          ],
          [
            2.5126,
            2.5126,
            1.77656
          ],
          [
            1.28039,
            1.2563,
            3.57546
          ],
          [
            3.74301,
            1.2563,
            3.56792
          ],
          [
            1.2615,
            3.7689,
            3.56105
          ],
          [
            3.75424,
            3.7689,
            3.56022
          ],
          [
            5.01748,
            0.01707,
            5.21961
          ],
          [
            2.51567,
            0.02203,
            5.39881
          ],
          [
            5.01748,
            2.49553,
            5.21961
          ],
          [
            2.51567,
            2.49057,
            5.39881
          ],
          [
            2.43588,
            3.7689,
            6.8743
          ],
          [
            3.27003,
            3.7689,
            7.38473
          ]
        ],
        "Stress": [
          [
            -23.02362,
            0.0,
            0.83089
          ],
          [
            0.0,
            -25.82249,
            0.0
          ],
          [
            0.83089,
            0.0,
            -13.45658
          ]
        ],
        "computation_code": "VASP",
        "pseudopotential_information": [
          [
            "PAW_PBE",
            "Ni",
            "02Aug2007"
          ],
          [
            "PAW_PBE",
            "Co",
            "02Aug2007"
          ],
          [
            "PAW_PBE",
            "O",
            "08Apr2002"
          ],
          [
            "PAW_PBE",
            "H",
            "15Jun2001"
          ]
        ]
      }
    ],
    "EnergyStyle": "electronvolt",
    "ForcesStyle": "electronvoltperangstrom",
    "LatticeStyle": "angstrom",
    "PositionsStyle": "angstrom",
    "StressStyle": "kB"
  }
}