{
  "Dataset": {
    "AtomTypeStyle": "chemicalsymbol",
    "Data": [
      {
        "AtomTypes": [
          "Ni",
          "Ni",
          "Ni",
          "Ni",
          "Ni",
          "Ni",
          "Ni",
          "Ni",
          "Ni",
          "Ni",
          "Ni",
          "Ni",
          "Ni",
          "Ni",
          "Co",
          "Ni",
          "Ni",
          "Ni",
          "Ni",
          "Ni",
          "O",
          "H"
        ],
        "Energy": -102.47351346,
        "Forces": [
          [
            -0.013164,
            -0.006826,
            0.54864
          ],
          [
            0.013663,
            0.004335,
            0.574248
          ],
          [
            -0.013164,
            0.006826,
            0.54864
          ],
          [
            0.013663,
            -0.004335,
            0.574248
          ],
          [
            0.044946,
            -0.0,
            -0.550111
          ],
          [
            -0.042547,
            -0.0,
            -0.606739
          ],
          [
            0.070802,
            -0.0,
            -0.495141
          ],
          [
            -0.089414,
            -0.0,
            -0.561113
          ],
          [
            0.003275,
            -0.013457,
            -0.009111
          ],
          [
            -0.003732,
            0.001324,
            5.6e-05
          ],
          [
            0.003275,
            0.013457,
            -0.009111
          ],
          [
            -0.003732,
            -0.001324,
            5.6e-05
          ],
          [
            0.013139,
            -0.0,
            -0.001254
          ],
          [
            0.016871,
            -0.0,
            -0.024528
          ],
          [
            0.00393,
            -0.0,
            -0.016814
          ],
          [
            -0.000386,
            -0.0,
            0.017603
          ],
          [
            0.023965,
            0.007741,
            0.002202
          ],
          [
            -0.043998,
            -0.010296,
            -0.02351
          ],
          [
            0.023965,
            -0.007741,
            0.002202
          ],
          [
            -0.043998,
            0.010296,
            -0.02351
          ],
          [
            -0.080597,
            -0.0,
            0.018839
          ],
          [
            0.103238,
            -0.0,
            0.03421
          ]
        ],
        "Lattice": [
          [
            7.106,
            0.0,
            0.0
          ],
          [
            0.0,
            5.024699515,
            0.0
          ],
          [
            0.0,
            0.0,
            17.703958439
          ]
        ],
        "NumAtoms": 22,
        "Positions": [
          [
            0.0,
            2.51235,
            0.0
          ],
          [
            3.553,
            2.51235,
            0.0
          ],
          [
            0.0,
            0.0,
            0.0
          ],
          [
            3.553,
            0.0,
            0.0
          ],
          [
            1.7765,
            3.76852,
            1.25617
          ],
          [
            5.3295,
            3.76852,
            1.25617
          ],
          [
            1.7765,
            1.25618,
            1.25617
          ],
          [
            5.3295,
            1.25618,
            1.25617
          ],
          [
            7.10337,
            5.02338,
            2.47449
          ],
          [
            3.55516,
            5.02189,
            2.50147
          ],
          [
            7.10337,
            2.51367,
            2.47449
          ],
          [
            3.55516,
            2.51516,
            2.50147
          ],
          [
            1.80805,
            3.76852,
            3.79164
          ],
          [
            5.31,
            3.76852,
            3.8033
          ],
          [
            1.76224,
            1.25618,
            3.75047
          ],
          [
            5.33409,
            1.25618,
            3.77719
          ],
          [
            0.02016,
            2.50561,
            4.88181
          ],
          [
            3.52637,
            2.50207,
            5.00684
          ],
          [
            0.02016,
            0.00674,
            4.88181
          ],
          [
            3.52637,
            0.01028,
            5.00684
          ],
          [
            3.584,
            1.25617,
            6.49695
          ],
          [
            4.45876,
            1.25617,
            6.92714
          ]
        ],
        "Stress": [
          [
            -22.49506,
            0.0,
            0.35509
          ],
          [
            0.0,
            -23.73918,
            0.0
          ],
          [
            0.35509,
            0.0,
            -10.99053
          ]
        ],
        "computation_code": "VASP",
        "pseudopotential_information": [
          [
            "PAW_PBE",
            "Ni",
            "02Aug2007"
          ],
          [
            "PAW_PBE",
            "Co",
            "02Aug2007"
          ],
          [
            "PAW_PBE",
            "O",
            "08Apr2002"
          ],
          [
            "PAW_PBE",
            "H",
            "15Jun2001"
          ]
        ]
      }
    ],
    "EnergyStyle": "electronvolt",
    "ForcesStyle": "electronvoltperangstrom",
    "LatticeStyle": "angstrom",
    "PositionsStyle": "angstrom",
    "StressStyle": "kB"
  }
}