{
  "Dataset": {
    "AtomTypeStyle": "chemicalsymbol",
    "Data": [
      {
        "AtomTypes": [
          "Ni",
          "Ni",
          "Ni",
          "Ni",
          "Ni",
          "Ni",
          "Ni",
          "Ni",
          "Ni",
          "Ni",
          "Ni",
          "Ni",
          "Co",
          "Ni",
          "Ni",
          "Ni",
          "O"
        ],
        "Energy": -81.50133927,
        "Forces": [
          [
            0.005287,
            -0.006344,
            0.329344
          ],
          [
            0.012039,
            0.012039,
            0.305655
          ],
          [
            -0.000174,
            -0.000174,
            0.316954
          ],
          [
            -0.006344,
            0.005287,
            0.329344
          ],
          [
            -0.053296,
            -0.053296,
            -0.26609
          ],
          [
            0.054239,
            -0.042383,
            -0.159087
          ],
          [
            -0.042383,
            0.054239,
            -0.159087
          ],
          [
            0.045779,
            0.045779,
            -0.289667
          ],
          [
            0.055069,
            0.055069,
            -0.171408
          ],
          [
            -0.019093,
            0.027737,
            0.111547
          ],
          [
            0.027737,
            -0.019093,
            0.111547
          ],
          [
            0.003058,
            0.003058,
            0.276053
          ],
          [
            -0.072515,
            -0.072515,
            -0.08365
          ],
          [
            0.27237,
            -0.203065,
            -0.170848
          ],
          [
            -0.203065,
            0.27237,
            -0.170848
          ],
          [
            0.525861,
            0.525861,
            -0.389138
          ],
          [
            -0.604567,
            -0.604567,
            0.079379
          ]
        ],
        "Lattice": [
          [
            5.025196436,
            0.0,
            0.0
          ],
          [
            0.0,
            5.025196436,
            0.0
          ],
          [
            0.0,
            0.0,
            17.427492376
          ]
        ],
        "NumAtoms": 17,
        "Positions": [
          [
            3.7689,
            1.2563,
            0.0
          ],
          [
            3.7689,
            3.7689,
            0.0
          ],
          [
            1.2563,
            1.2563,
            0.0
          ],
          [
            1.2563,
            3.7689,
            0.0
          ],
          [
            0.0,
            0.0,
            1.77656
          ],
          [
            2.5126,
            0.0,
            1.77656
          ],
          [
            0.0,
            2.5126,
            1.77656
          ],
          [
            2.5126,
            2.5126,
            1.77656
          ],
          [
            1.24714,
            1.24714,
            3.53606
          ],
          [
            3.77813,
            1.25168,
            3.59215
          ],
          [
            1.25168,
            3.77813,
            3.59215
          ],
          [
            3.76957,
            3.76957,
            3.63144
          ],
          [
            0.02955,
            0.02955,
            5.35839
          ],
          [
            2.49627,
            0.03618,
            5.39503
          ],
          [
            0.03618,
            2.49627,
            5.39503
          ],
          [
            2.50819,
            2.50819,
            5.4192
          ],
          [
            1.36394,
            1.36394,
            6.32363
          ]
        ],
        "Stress": [
          [
            -32.19037,
            0.73021,
            -2.7236
          ],
          [
            0.73021,
            -32.19037,
            -2.7236
          ],
          [
            -2.7236,
            -2.7236,
            -20.5238
          ]
        ],
        "computation_code": "VASP",
        "pseudopotential_information": [
          [
            "PAW_PBE",
            "Ni",
            "02Aug2007"
          ],
          [
            "PAW_PBE",
            "Co",
            "02Aug2007"
          ],
          [
            "PAW_PBE",
            "O",
            "08Apr2002"
          ]
        ]
      }
    ],
    "EnergyStyle": "electronvolt",
    "ForcesStyle": "electronvoltperangstrom",
    "LatticeStyle": "angstrom",
    "PositionsStyle": "angstrom",
    "StressStyle": "kB"
  }
}