{
  "Dataset": {
    "AtomTypeStyle": "chemicalsymbol",
    "Data": [
      {
        "AtomTypes": [
          "Ni",
          "Ni",
          "Ni",
          "Ni",
          "Ni",
          "Ni",
          "Ni",
          "Ni",
          "Co",
          "Ni",
          "Ni",
          "Ni",
          "Ni",
          "Ni",
          "Ni",
          "Ni",
          "O",
          "H"
        ],
        "Energy": -85.3394348,
        "Forces": [
          [
            0.045896,
            0.0,
            0.296219
          ],
          [
            -0.004299,
            0.0,
            0.193396
          ],
          [
            -0.044715,
            0.0,
            0.303715
          ],
          [
            0.002114,
            0.0,
            0.293176
          ],
          [
            0.056999,
            0.064362,
            -0.229765
          ],
          [
            -0.023838,
            0.062202,
            -0.304565
          ],
          [
            0.056999,
            -0.064362,
            -0.229765
          ],
          [
            -0.023838,
            -0.062202,
            -0.304565
          ],
          [
            -0.001664,
            0.0,
            -0.003748
          ],
          [
            -0.016501,
            0.0,
            -0.008839
          ],
          [
            -0.007424,
            0.0,
            -0.010305
          ],
          [
            0.00641,
            0.0,
            -0.002421
          ],
          [
            -0.012514,
            0.009259,
            -0.002099
          ],
          [
            -0.010063,
            0.001593,
            0.000501
          ],
          [
            -0.012514,
            -0.009259,
            -0.002099
          ],
          [
            -0.010063,
            -0.001593,
            0.000501
          ],
          [
            -0.045946,
            0.0,
            -0.040127
          ],
          [
            0.044965,
            0.0,
            0.05079
          ]
        ],
        "Lattice": [
          [
            5.025196436,
            0.0,
            0.0
          ],
          [
            0.0,
            5.025196436,
            0.0
          ],
          [
            0.0,
            0.0,
            17.427492376
          ]
        ],
        "NumAtoms": 18,
        "Positions": [
          [
            3.7689,
            1.2563,
            0.0
          ],
          [
            3.7689,
            3.7689,
            0.0
          ],
          [
            1.2563,
            1.2563,
            0.0
          ],
          [
            1.2563,
            3.7689,
            0.0
          ],
          [
            0.0,
            0.0,
            1.77656
          ],
          [
            2.5126,
            0.0,
            1.77656
          ],
          [
            0.0,
            2.5126,
            1.77656
          ],
          [
            2.5126,
            2.5126,
            1.77656
          ],
          [
            1.28218,
            1.2563,
            3.58793
          ],
          [
            3.73446,
            1.2563,
            3.56862
          ],
          [
            1.27185,
            3.7689,
            3.55204
          ],
          [
            3.76556,
            3.7689,
            3.55268
          ],
          [
            0.01018,
            0.01368,
            5.21415
          ],
          [
            2.54467,
            0.01917,
            5.37723
          ],
          [
            0.01018,
            2.49892,
            5.21415
          ],
          [
            2.54467,
            2.49343,
            5.37723
          ],
          [
            2.34894,
            3.7689,
            6.85599
          ],
          [
            3.13924,
            3.7689,
            7.42947
          ]
        ],
        "Stress": [
          [
            -21.55591,
            0.0,
            -0.44266
          ],
          [
            0.0,
            -25.02937,
            0.0
          ],
          [
            -0.44266,
            0.0,
            -12.01482
          ]
        ],
        "computation_code": "VASP",
        "pseudopotential_information": [
          [
            "PAW_PBE",
            "Ni",
            "02Aug2007"
          ],
          [
            "PAW_PBE",
            "Co",
            "02Aug2007"
          ],
          [
            "PAW_PBE",
            "O",
            "08Apr2002"
          ],
          [
            "PAW_PBE",
            "H",
            "15Jun2001"
          ]
        ]
      }
    ],
    "EnergyStyle": "electronvolt",
    "ForcesStyle": "electronvoltperangstrom",
    "LatticeStyle": "angstrom",
    "PositionsStyle": "angstrom",
    "StressStyle": "kB"
  }
}