{
  "Dataset": {
    "AtomTypeStyle": "chemicalsymbol",
    "Data": [
      {
        "AtomTypes": [
          "Ni",
          "Ni",
          "Ni",
          "Ni",
          "Ni",
          "Ni",
          "Ni",
          "Ni",
          "Co",
          "Ni",
          "Ni",
          "Ni",
          "Ni",
          "Ni",
          "Ni",
          "Ni",
          "O",
          "H"
        ],
        "Energy": -85.33432141,
        "Forces": [
          [
            0.042962,
            0.0,
            0.298328
          ],
          [
            -0.003463,
            0.0,
            0.196773
          ],
          [
            -0.048794,
            0.0,
            0.305074
          ],
          [
            0.001264,
            0.0,
            0.296149
          ],
          [
            0.035949,
            0.056662,
            -0.207377
          ],
          [
            -0.0514,
            0.053746,
            -0.292583
          ],
          [
            0.035949,
            -0.056662,
            -0.207377
          ],
          [
            -0.0514,
            -0.053746,
            -0.292583
          ],
          [
            -0.009557,
            0.0,
            -0.014992
          ],
          [
            0.013039,
            0.0,
            -0.002808
          ],
          [
            0.009779,
            0.0,
            -0.020782
          ],
          [
            0.022248,
            0.0,
            -0.029363
          ],
          [
            0.001623,
            -0.004316,
            -0.006811
          ],
          [
            0.025004,
            -0.01444,
            -0.00327
          ],
          [
            0.001623,
            0.004316,
            -0.006811
          ],
          [
            0.025004,
            0.01444,
            -0.00327
          ],
          [
            0.141862,
            0.0,
            0.071034
          ],
          [
            -0.191692,
            0.0,
            -0.079333
          ]
        ],
        "Lattice": [
          [
            5.025196436,
            0.0,
            0.0
          ],
          [
            0.0,
            5.025196436,
            0.0
          ],
          [
            0.0,
            0.0,
            17.427492376
          ]
        ],
        "NumAtoms": 18,
        "Positions": [
          [
            3.7689,
            1.2563,
            0.0
          ],
          [
            3.7689,
            3.7689,
            0.0
          ],
          [
            1.2563,
            1.2563,
            0.0
          ],
          [
            1.2563,
            3.7689,
            0.0
          ],
          [
            0.0,
            0.0,
            1.77656
          ],
          [
            2.5126,
            0.0,
            1.77656
          ],
          [
            0.0,
            2.5126,
            1.77656
          ],
          [
            2.5126,
            2.5126,
            1.77656
          ],
          [
            1.27635,
            1.2563,
            3.59271
          ],
          [
            3.72359,
            1.2563,
            3.56831
          ],
          [
            1.26227,
            3.7689,
            3.55799
          ],
          [
            3.7541,
            3.7689,
            3.55921
          ],
          [
            5.02335,
            0.01542,
            5.21573
          ],
          [
            2.5273,
            0.0204,
            5.38652
          ],
          [
            5.02335,
            2.49718,
            5.21573
          ],
          [
            2.5273,
            2.4922,
            5.38652
          ],
          [
            2.42858,
            3.7689,
            6.87468
          ],
          [
            3.266,
            3.7689,
            7.38835
          ]
        ],
        "Stress": [
          [
            -22.76416,
            0.0,
            -0.15602
          ],
          [
            0.0,
            -25.62715,
            0.0
          ],
          [
            -0.15602,
            0.0,
            -13.27675
          ]
        ],
        "computation_code": "VASP",
        "pseudopotential_information": [
          [
            "PAW_PBE",
            "Ni",
            "02Aug2007"
          ],
          [
            "PAW_PBE",
            "Co",
            "02Aug2007"
          ],
          [
            "PAW_PBE",
            "O",
            "08Apr2002"
          ],
          [
            "PAW_PBE",
            "H",
            "15Jun2001"
          ]
        ]
      }
    ],
    "EnergyStyle": "electronvolt",
    "ForcesStyle": "electronvoltperangstrom",
    "LatticeStyle": "angstrom",
    "PositionsStyle": "angstrom",
    "StressStyle": "kB"
  }
}