{
  "Dataset": {
    "AtomTypeStyle": "chemicalsymbol",
    "Data": [
      {
        "AtomTypes": [
          "Ni",
          "Ni",
          "Ni",
          "Ni",
          "Ni",
          "Ni",
          "Ni",
          "Ni",
          "Co",
          "Ni",
          "Ni",
          "Ni",
          "Ni",
          "Ni",
          "Ni",
          "Ni",
          "O",
          "H"
        ],
        "Energy": -85.3378416,
        "Forces": [
          [
            0.045899,
            0.0,
            0.294002
          ],
          [
            -0.003354,
            0.0,
            0.192897
          ],
          [
            -0.045874,
            0.0,
            0.301845
          ],
          [
            0.002667,
            0.0,
            0.291944
          ],
          [
            0.064751,
            0.060105,
            -0.244202
          ],
          [
            -0.020814,
            0.057572,
            -0.325886
          ],
          [
            0.064751,
            -0.060105,
            -0.244202
          ],
          [
            -0.020814,
            -0.057572,
            -0.325886
          ],
          [
            -0.007914,
            0.0,
            -0.002286
          ],
          [
            -0.006116,
            0.0,
            0.001878
          ],
          [
            -0.020078,
            0.0,
            -0.002414
          ],
          [
            -0.005998,
            0.0,
            -0.017134
          ],
          [
            -0.002771,
            -0.0066,
            0.017388
          ],
          [
            -0.001425,
            -0.00371,
            0.01966
          ],
          [
            -0.002771,
            0.0066,
            0.017388
          ],
          [
            -0.001425,
            0.00371,
            0.01966
          ],
          [
            -0.008318,
            0.0,
            0.017658
          ],
          [
            -0.030397,
            0.0,
            -0.01231
          ]
        ],
        "Lattice": [
          [
            5.025196436,
            0.0,
            0.0
          ],
          [
            0.0,
            5.025196436,
            0.0
          ],
          [
            0.0,
            0.0,
            17.427492376
          ]
        ],
        "NumAtoms": 18,
        "Positions": [
          [
            3.7689,
            1.2563,
            0.0
          ],
          [
            3.7689,
            3.7689,
            0.0
          ],
          [
            1.2563,
            1.2563,
            0.0
          ],
          [
            1.2563,
            3.7689,
            0.0
          ],
          [
            0.0,
            0.0,
            1.77656
          ],
          [
            2.5126,
            0.0,
            1.77656
          ],
          [
            0.0,
            2.5126,
            1.77656
          ],
          [
            2.5126,
            2.5126,
            1.77656
          ],
          [
            1.28543,
            1.2563,
            3.58455
          ],
          [
            3.73478,
            1.2563,
            3.56153
          ],
          [
            1.27585,
            3.7689,
            3.54937
          ],
          [
            3.76863,
            3.7689,
            3.55061
          ],
          [
            0.01234,
            0.01557,
            5.20574
          ],
          [
            2.5463,
            0.01943,
            5.37156
          ],
          [
            0.01234,
            2.49703,
            5.20574
          ],
          [
            2.5463,
            2.49316,
            5.37156
          ],
          [
            2.40106,
            3.7689,
            6.85497
          ],
          [
            3.2077,
            3.7689,
            7.40869
          ]
        ],
        "Stress": [
          [
            -21.08944,
            0.0,
            -0.93546
          ],
          [
            0.0,
            -24.3898,
            0.0
          ],
          [
            -0.93546,
            0.0,
            -11.1031
          ]
        ],
        "computation_code": "VASP",
        "pseudopotential_information": [
          [
            "PAW_PBE",
            "Ni",
            "02Aug2007"
          ],
          [
            "PAW_PBE",
            "Co",
            "02Aug2007"
          ],
          [
            "PAW_PBE",
            "O",
            "08Apr2002"
          ],
          [
            "PAW_PBE",
            "H",
            "15Jun2001"
          ]
        ]
      }
    ],
    "EnergyStyle": "electronvolt",
    "ForcesStyle": "electronvoltperangstrom",
    "LatticeStyle": "angstrom",
    "PositionsStyle": "angstrom",
    "StressStyle": "kB"
  }
}