{
  "Dataset": {
    "AtomTypeStyle": "chemicalsymbol",
    "Data": [
      {
        "AtomTypes": [
          "Ni",
          "Ni",
          "Ni",
          "Ni",
          "Ni",
          "Ni",
          "Ni",
          "Ni",
          "Ni",
          "Ni",
          "Ni",
          "Ni",
          "Ni",
          "Ni",
          "Ni",
          "Ni",
          "Ni",
          "Ni",
          "Co",
          "Ni",
          "O",
          "H"
        ],
        "Energy": -102.35516067,
        "Forces": [
          [
            -0.002555,
            -0.014637,
            0.544508
          ],
          [
            0.002928,
            0.012537,
            0.580479
          ],
          [
            0.000152,
            0.01032,
            0.486222
          ],
          [
            0.005206,
            -0.005355,
            0.60407
          ],
          [
            0.037355,
            0.006693,
            -0.539901
          ],
          [
            -0.040425,
            0.006541,
            -0.504168
          ],
          [
            0.064545,
            -0.00575,
            -0.610468
          ],
          [
            -0.079618,
            -0.008364,
            -0.577366
          ],
          [
            -0.001716,
            -0.000919,
            0.001106
          ],
          [
            0.000149,
            0.000191,
            0.002196
          ],
          [
            -0.001981,
            0.002586,
            0.007854
          ],
          [
            -0.000433,
            -0.00048,
            0.003042
          ],
          [
            0.003309,
            -0.000972,
            0.00055
          ],
          [
            -0.002135,
            0.000181,
            0.000469
          ],
          [
            0.001033,
            -0.002345,
            -0.003
          ],
          [
            0.000266,
            -0.002293,
            -0.001479
          ],
          [
            0.000695,
            0.000225,
            0.006309
          ],
          [
            -0.002224,
            0.005254,
            -0.008494
          ],
          [
            -0.000348,
            -0.000708,
            0.000498
          ],
          [
            -0.004651,
            -0.012967,
            0.002917
          ],
          [
            -0.031833,
            0.003408,
            -0.00904
          ],
          [
            0.052281,
            0.006855,
            0.013697
          ]
        ],
        "Lattice": [
          [
            7.106,
            0.0,
            0.0
          ],
          [
            0.0,
            5.024699515,
            0.0
          ],
          [
            0.0,
            0.0,
            17.703958439
          ]
        ],
        "NumAtoms": 22,
        "Positions": [
          [
            0.0,
            2.51235,
            0.0
          ],
          [
            3.553,
            2.51235,
            0.0
          ],
          [
            0.0,
            0.0,
            0.0
          ],
          [
            3.553,
            0.0,
            0.0
          ],
          [
            1.7765,
            3.76852,
            1.25617
          ],
          [
            5.3295,
            3.76852,
            1.25617
          ],
          [
            1.7765,
            1.25618,
            1.25617
          ],
          [
            5.3295,
            1.25618,
            1.25617
          ],
          [
            7.10141,
            5.02046,
            2.47468
          ],
          [
            3.55728,
            5.01981,
            2.51122
          ],
          [
            7.10126,
            2.51619,
            2.47068
          ],
          [
            3.55715,
            2.5181,
            2.48965
          ],
          [
            1.79604,
            3.77103,
            3.79703
          ],
          [
            5.31981,
            3.77103,
            3.82611
          ],
          [
            1.75994,
            1.25441,
            3.76541
          ],
          [
            5.34253,
            1.25446,
            3.7869
          ],
          [
            0.0121,
            2.51369,
            4.88458
          ],
          [
            3.53219,
            2.5091,
            5.00293
          ],
          [
            0.01168,
            5.02273,
            4.8553
          ],
          [
            3.53193,
            5.0233,
            5.01384
          ],
          [
            3.58669,
            1.25712,
            6.49339
          ],
          [
            4.46156,
            1.25808,
            6.92552
          ]
        ],
        "Stress": [
          [
            -22.34429,
            -0.05358,
            0.38187
          ],
          [
            -0.05358,
            -23.97863,
            0.017
          ],
          [
            0.38187,
            0.017,
            -11.07953
          ]
        ],
        "computation_code": "VASP",
        "pseudopotential_information": [
          [
            "PAW_PBE",
            "Ni",
            "02Aug2007"
          ],
          [
            "PAW_PBE",
            "Co",
            "02Aug2007"
          ],
          [
            "PAW_PBE",
            "O",
            "08Apr2002"
          ],
          [
            "PAW_PBE",
            "H",
            "15Jun2001"
          ]
        ]
      }
    ],
    "EnergyStyle": "electronvolt",
    "ForcesStyle": "electronvoltperangstrom",
    "LatticeStyle": "angstrom",
    "PositionsStyle": "angstrom",
    "StressStyle": "kB"
  }
}