{
  "Dataset": {
    "AtomTypeStyle": "chemicalsymbol",
    "Data": [
      {
        "AtomTypes": [
          "Ni",
          "Ni",
          "Ni",
          "Ni",
          "Ni",
          "Ni",
          "Ni",
          "Ni",
          "Ni",
          "Ni",
          "Co",
          "Ni",
          "Ni",
          "Ni",
          "Ni",
          "Ni",
          "O",
          "H"
        ],
        "Energy": -85.34547654,
        "Forces": [
          [
            0.034846,
            0.0,
            0.186884
          ],
          [
            0.001474,
            0.0,
            0.289824
          ],
          [
            -0.059804,
            0.0,
            0.313003
          ],
          [
            0.003461,
            0.0,
            0.290175
          ],
          [
            0.047848,
            -0.043358,
            -0.228023
          ],
          [
            -0.052852,
            -0.011009,
            -0.272877
          ],
          [
            0.047848,
            0.043358,
            -0.228023
          ],
          [
            -0.052852,
            0.011009,
            -0.272877
          ],
          [
            0.007173,
            0.0,
            -0.01728
          ],
          [
            0.008895,
            0.0,
            0.002641
          ],
          [
            0.008924,
            0.0,
            -0.028344
          ],
          [
            0.004374,
            0.0,
            -0.016961
          ],
          [
            -0.008522,
            0.007299,
            -0.007631
          ],
          [
            0.002215,
            -0.014768,
            -9.3e-05
          ],
          [
            -0.008522,
            -0.007299,
            -0.007631
          ],
          [
            0.002215,
            0.014768,
            -9.3e-05
          ],
          [
            0.013468,
            0.0,
            -0.003596
          ],
          [
            -0.000187,
            0.0,
            0.000903
          ]
        ],
        "Lattice": [
          [
            5.025196436,
            0.0,
            0.0
          ],
          [
            0.0,
            5.025196436,
            0.0
          ],
          [
            0.0,
            0.0,
            17.427492376
          ]
        ],
        "NumAtoms": 18,
        "Positions": [
          [
            3.7689,
            1.2563,
            0.0
          ],
          [
            3.7689,
            3.7689,
            0.0
          ],
          [
            1.2563,
            1.2563,
            0.0
          ],
          [
            1.2563,
            3.7689,
            0.0
          ],
          [
            0.0,
            0.0,
            1.77656
          ],
          [
            2.5126,
            0.0,
            1.77656
          ],
          [
            0.0,
            2.5126,
            1.77656
          ],
          [
            2.5126,
            2.5126,
            1.77656
          ],
          [
            1.28235,
            1.2563,
            3.57198
          ],
          [
            3.74396,
            1.2563,
            3.56862
          ],
          [
            1.26117,
            3.7689,
            3.5726
          ],
          [
            3.75154,
            3.7689,
            3.55787
          ],
          [
            5.02348,
            0.01285,
            5.21481
          ],
          [
            2.51121,
            0.01401,
            5.39006
          ],
          [
            5.02348,
            2.49975,
            5.21481
          ],
          [
            2.51121,
            2.49859,
            5.39006
          ],
          [
            2.43511,
            3.7689,
            6.88144
          ],
          [
            3.27221,
            3.7689,
            7.38699
          ]
        ],
        "Stress": [
          [
            -22.14412,
            0.0,
            0.57355
          ],
          [
            0.0,
            -26.2766,
            0.0
          ],
          [
            0.57355,
            0.0,
            -12.69519
          ]
        ],
        "computation_code": "VASP",
        "pseudopotential_information": [
          [
            "PAW_PBE",
            "Ni",
            "02Aug2007"
          ],
          [
            "PAW_PBE",
            "Co",
            "02Aug2007"
          ],
          [
            "PAW_PBE",
            "O",
            "08Apr2002"
          ],
          [
            "PAW_PBE",
            "H",
            "15Jun2001"
          ]
        ]
      }
    ],
    "EnergyStyle": "electronvolt",
    "ForcesStyle": "electronvoltperangstrom",
    "LatticeStyle": "angstrom",
    "PositionsStyle": "angstrom",
    "StressStyle": "kB"
  }
}