{
  "Dataset": {
    "AtomTypeStyle": "chemicalsymbol",
    "Data": [
      {
        "AtomTypes": [
          "Ni",
          "Ni",
          "Ni",
          "Ni",
          "Ni",
          "Ni",
          "Ni",
          "Ni",
          "Ni",
          "Ni",
          "Co",
          "Ni",
          "Ni",
          "Ni",
          "Ni",
          "Ni",
          "O"
        ],
        "Energy": -81.67894254,
        "Forces": [
          [
            0.0,
            -0.0,
            0.154292
          ],
          [
            0.0,
            -0.0,
            0.316203
          ],
          [
            0.0,
            -0.0,
            0.31621
          ],
          [
            0.0,
            -0.0,
            0.317845
          ],
          [
            0.052029,
            -0.05203,
            -0.284537
          ],
          [
            -0.052029,
            -0.05203,
            -0.284537
          ],
          [
            0.052029,
            0.05203,
            -0.284537
          ],
          [
            -0.052029,
            0.05203,
            -0.284537
          ],
          [
            0.0,
            -0.0,
            0.020389
          ],
          [
            0.0,
            -0.0,
            0.48293
          ],
          [
            0.0,
            -0.0,
            -0.452926
          ],
          [
            0.0,
            -0.0,
            0.020389
          ],
          [
            0.023132,
            -0.023131,
            -0.005168
          ],
          [
            -0.023132,
            -0.023131,
            -0.005168
          ],
          [
            0.023132,
            0.023131,
            -0.005168
          ],
          [
            -0.023132,
            0.023131,
            -0.005168
          ],
          [
            0.0,
            -0.0,
            -0.016508
          ]
        ],
        "Lattice": [
          [
            5.025196436,
            0.0,
            0.0
          ],
          [
            0.0,
            5.025196436,
            0.0
          ],
          [
            0.0,
            0.0,
            17.427492376
          ]
        ],
        "NumAtoms": 17,
        "Positions": [
          [
            3.7689,
            1.2563,
            0.0
          ],
          [
            3.7689,
            3.7689,
            0.0
          ],
          [
            1.2563,
            1.2563,
            0.0
          ],
          [
            1.2563,
            3.7689,
            0.0
          ],
          [
            0.0,
            0.0,
            1.77656
          ],
          [
            2.5126,
            0.0,
            1.77656
          ],
          [
            0.0,
            2.5126,
            1.77656
          ],
          [
            2.5126,
            2.5126,
            1.77656
          ],
          [
            1.2563,
            1.2563,
            3.55312
          ],
          [
            3.7689,
            1.2563,
            3.55312
          ],
          [
            1.2563,
            3.7689,
            3.55312
          ],
          [
            3.7689,
            3.7689,
            3.55312
          ],
          [
            0.0,
            0.0,
            5.32985
          ],
          [
            2.5126,
            0.0,
            5.32985
          ],
          [
            0.0,
            2.5126,
            5.32985
          ],
          [
            2.5126,
            2.5126,
            5.32985
          ],
          [
            1.2563,
            3.7689,
            6.20122
          ]
        ],
        "Stress": [
          [
            -28.29201,
            0.0,
            0.0
          ],
          [
            0.0,
            -28.292,
            0.0
          ],
          [
            0.0,
            0.0,
            -12.22313
          ]
        ],
        "computation_code": "VASP",
        "pseudopotential_information": [
          [
            "PAW_PBE",
            "Ni",
            "02Aug2007"
          ],
          [
            "PAW_PBE",
            "Co",
            "02Aug2007"
          ],
          [
            "PAW_PBE",
            "O",
            "08Apr2002"
          ]
        ]
      }
    ],
    "EnergyStyle": "electronvolt",
    "ForcesStyle": "electronvoltperangstrom",
    "LatticeStyle": "angstrom",
    "PositionsStyle": "angstrom",
    "StressStyle": "kB"
  }
}