{
  "Dataset": {
    "AtomTypeStyle": "chemicalsymbol",
    "Data": [
      {
        "AtomTypes": [
          "Ni",
          "Ni",
          "Ni",
          "Ni",
          "Ni",
          "Ni",
          "Ni",
          "Ni",
          "Ni",
          "Ni",
          "Ni",
          "Ni",
          "Ni",
          "Ni",
          "Ni",
          "Rh",
          "H"
        ],
        "Energy": -78.29352718,
        "Forces": [
          [
            -0.0,
            -0.0,
            0.205786
          ],
          [
            -0.0,
            0.0,
            0.3311
          ],
          [
            -0.0,
            -0.0,
            0.3311
          ],
          [
            -0.0,
            -0.0,
            0.232524
          ],
          [
            -0.142978,
            0.142978,
            -0.339112
          ],
          [
            0.142978,
            0.142978,
            -0.339112
          ],
          [
            -0.142978,
            -0.142978,
            -0.339112
          ],
          [
            0.142978,
            -0.142978,
            -0.339112
          ],
          [
            -0.0,
            -0.0,
            0.007859
          ],
          [
            -0.0,
            -0.0,
            -0.327117
          ],
          [
            -0.0,
            -0.0,
            0.007859
          ],
          [
            0.06052,
            -0.06052,
            0.221357
          ],
          [
            -0.06052,
            -0.06052,
            0.221357
          ],
          [
            0.06052,
            0.06052,
            0.221357
          ],
          [
            -0.06052,
            0.06052,
            0.221357
          ],
          [
            -0.0,
            0.0,
            -0.198085
          ],
          [
            -0.0,
            -0.0,
            -0.120006
          ]
        ],
        "Lattice": [
          [
            5.025196436,
            0.0,
            0.0
          ],
          [
            0.0,
            5.025196436,
            0.0
          ],
          [
            0.0,
            0.0,
            17.427492376
          ]
        ],
        "NumAtoms": 17,
        "Positions": [
          [
            3.7689,
            1.2563,
            0.0
          ],
          [
            3.7689,
            3.7689,
            0.0
          ],
          [
            1.2563,
            1.2563,
            0.0
          ],
          [
            1.2563,
            3.7689,
            0.0
          ],
          [
            0.0,
            0.0,
            1.77656
          ],
          [
            2.5126,
            0.0,
            1.77656
          ],
          [
            0.0,
            2.5126,
            1.77656
          ],
          [
            2.5126,
            2.5126,
            1.77656
          ],
          [
            1.2563,
            1.2563,
            3.5878
          ],
          [
            3.7689,
            1.2563,
            3.6512
          ],
          [
            3.7689,
            3.7689,
            3.5878
          ],
          [
            -0.01284,
            0.01284,
            5.36207
          ],
          [
            2.52544,
            0.01284,
            5.36207
          ],
          [
            -0.01284,
            2.49976,
            5.36207
          ],
          [
            2.52544,
            2.49976,
            5.36207
          ],
          [
            1.2563,
            3.7689,
            3.61059
          ],
          [
            1.2563,
            3.7689,
            5.97471
          ]
        ],
        "Stress": [
          [
            -15.07844,
            0.0,
            -0.0
          ],
          [
            0.0,
            -15.07844,
            0.0
          ],
          [
            -0.0,
            0.0,
            -3.50602
          ]
        ],
        "computation_code": "VASP",
        "pseudopotential_information": [
          [
            "PAW_PBE",
            "Ni",
            "02Aug2007"
          ],
          [
            "PAW_PBE",
            "Rh",
            "04Feb2005"
          ],
          [
            "PAW_PBE",
            "H",
            "15Jun2001"
          ]
        ]
      }
    ],
    "EnergyStyle": "electronvolt",
    "ForcesStyle": "electronvoltperangstrom",
    "LatticeStyle": "angstrom",
    "PositionsStyle": "angstrom",
    "StressStyle": "kB"
  }
}