{
  "Dataset": {
    "AtomTypeStyle": "chemicalsymbol",
    "Data": [
      {
        "AtomTypes": [
          "Ni",
          "Ni",
          "Ni",
          "Ni",
          "Ni",
          "Ni",
          "Ni",
          "Ni",
          "Ni",
          "Ni",
          "Ni",
          "Ni",
          "Ni",
          "Ni",
          "Ni",
          "Ni",
          "Ni",
          "Ni",
          "Ni",
          "Rh",
          "H"
        ],
        "Energy": -95.42621727,
        "Forces": [
          [
            0.002234,
            -0.010838,
            0.573828
          ],
          [
            -0.005012,
            -0.016782,
            0.555868
          ],
          [
            0.002234,
            0.010838,
            0.573828
          ],
          [
            -0.005012,
            0.016782,
            0.555868
          ],
          [
            -0.066262,
            0.0,
            -0.439164
          ],
          [
            0.043934,
            0.0,
            -0.556135
          ],
          [
            -0.044774,
            0.0,
            -0.550098
          ],
          [
            0.024219,
            0.0,
            -0.699401
          ],
          [
            -0.007296,
            -0.008643,
            0.012256
          ],
          [
            0.011082,
            0.017468,
            -0.017918
          ],
          [
            -0.007296,
            0.008643,
            0.012256
          ],
          [
            0.011082,
            -0.017468,
            -0.017918
          ],
          [
            -0.00502,
            0.0,
            -0.005592
          ],
          [
            0.002265,
            0.0,
            -0.002672
          ],
          [
            0.032611,
            0.0,
            -0.007288
          ],
          [
            0.008209,
            -0.004371,
            -0.006162
          ],
          [
            -0.006672,
            -0.013967,
            0.014764
          ],
          [
            0.008209,
            0.004371,
            -0.006162
          ],
          [
            -0.006672,
            0.013967,
            0.014764
          ],
          [
            -0.0239,
            0.0,
            0.00869
          ],
          [
            0.031839,
            0.0,
            -0.013613
          ]
        ],
        "Lattice": [
          [
            7.106,
            0.0,
            0.0
          ],
          [
            0.0,
            5.024699515,
            0.0
          ],
          [
            0.0,
            0.0,
            17.703958439
          ]
        ],
        "NumAtoms": 21,
        "Positions": [
          [
            0.0,
            2.51235,
            0.0
          ],
          [
            3.553,
            2.51235,
            0.0
          ],
          [
            0.0,
            0.0,
            0.0
          ],
          [
            3.553,
            0.0,
            0.0
          ],
          [
            1.7765,
            3.76852,
            1.25617
          ],
          [
            5.3295,
            3.76852,
            1.25617
          ],
          [
            1.7765,
            1.25618,
            1.25617
          ],
          [
            5.3295,
            1.25618,
            1.25617
          ],
          [
            -0.00157,
            0.00658,
            2.48059
          ],
          [
            3.55142,
            0.00464,
            2.46592
          ],
          [
            -0.00157,
            2.50577,
            2.48059
          ],
          [
            3.55142,
            2.50771,
            2.46592
          ],
          [
            1.77933,
            1.25618,
            3.84096
          ],
          [
            5.3034,
            3.76852,
            3.77514
          ],
          [
            5.31558,
            1.25618,
            3.74892
          ],
          [
            -0.08395,
            2.50188,
            4.93507
          ],
          [
            3.63087,
            2.48281,
            5.00919
          ],
          [
            -0.08395,
            0.01047,
            4.93507
          ],
          [
            3.63087,
            0.02954,
            5.00919
          ],
          [
            1.79718,
            3.76852,
            3.90642
          ],
          [
            3.61669,
            1.25617,
            6.08412
          ]
        ],
        "Stress": [
          [
            -15.66779,
            0.0,
            0.4942
          ],
          [
            0.0,
            -13.31206,
            0.0
          ],
          [
            0.4942,
            0.0,
            -9.62552
          ]
        ],
        "computation_code": "VASP",
        "pseudopotential_information": [
          [
            "PAW_PBE",
            "Ni",
            "02Aug2007"
          ],
          [
            "PAW_PBE",
            "Rh",
            "04Feb2005"
          ],
          [
            "PAW_PBE",
            "H",
            "15Jun2001"
          ]
        ]
      }
    ],
    "EnergyStyle": "electronvolt",
    "ForcesStyle": "electronvoltperangstrom",
    "LatticeStyle": "angstrom",
    "PositionsStyle": "angstrom",
    "StressStyle": "kB"
  }
}