{
  "Dataset": {
    "AtomTypeStyle": "chemicalsymbol",
    "Data": [
      {
        "AtomTypes": [
          "Ni",
          "Ni",
          "Ni",
          "Ni",
          "Ni",
          "Ni",
          "Ni",
          "Ni",
          "Ni",
          "Ni",
          "Ni",
          "Ni",
          "Ni",
          "Ni",
          "Ni",
          "Ni",
          "Ni",
          "Ni",
          "Ni",
          "Rh",
          "H"
        ],
        "Energy": -95.3954838,
        "Forces": [
          [
            0.0,
            -0.001747,
            0.545057
          ],
          [
            0.0,
            -0.016074,
            0.531518
          ],
          [
            0.0,
            0.002578,
            0.551446
          ],
          [
            0.0,
            0.014744,
            0.56624
          ],
          [
            -0.027786,
            0.010498,
            -0.593041
          ],
          [
            0.027786,
            0.010498,
            -0.593041
          ],
          [
            0.025823,
            -0.012387,
            -0.579622
          ],
          [
            -0.025823,
            -0.012387,
            -0.579622
          ],
          [
            0.0,
            -0.029508,
            0.043868
          ],
          [
            0.0,
            0.029927,
            -0.005279
          ],
          [
            0.0,
            0.037925,
            0.01676
          ],
          [
            0.0,
            -0.023701,
            0.032734
          ],
          [
            -0.010016,
            0.02004,
            0.011834
          ],
          [
            0.010016,
            0.02004,
            0.011834
          ],
          [
            -0.000164,
            -0.020363,
            0.000256
          ],
          [
            0.000164,
            -0.020363,
            0.000256
          ],
          [
            0.0,
            0.041765,
            0.007008
          ],
          [
            0.0,
            -0.021229,
            -0.030848
          ],
          [
            0.0,
            0.007301,
            0.007796
          ],
          [
            0.0,
            -0.008133,
            0.056039
          ],
          [
            0.0,
            -0.029423,
            -0.001194
          ]
        ],
        "Lattice": [
          [
            7.106,
            0.0,
            0.0
          ],
          [
            0.0,
            5.024699515,
            0.0
          ],
          [
            0.0,
            0.0,
            17.703958439
          ]
        ],
        "NumAtoms": 21,
        "Positions": [
          [
            0.0,
            2.51235,
            0.0
          ],
          [
            3.553,
            2.51235,
            0.0
          ],
          [
            0.0,
            0.0,
            0.0
          ],
          [
            3.553,
            0.0,
            0.0
          ],
          [
            1.7765,
            3.76852,
            1.25617
          ],
          [
            5.3295,
            3.76852,
            1.25617
          ],
          [
            1.7765,
            1.25618,
            1.25617
          ],
          [
            5.3295,
            1.25618,
            1.25617
          ],
          [
            0.0,
            0.00578,
            2.47078
          ],
          [
            3.553,
            5.0131,
            2.47544
          ],
          [
            0.0,
            2.50966,
            2.4793
          ],
          [
            3.553,
            2.51249,
            2.46465
          ],
          [
            1.77237,
            3.77669,
            3.78698
          ],
          [
            5.33363,
            3.77669,
            3.78698
          ],
          [
            1.77913,
            1.25876,
            3.79203
          ],
          [
            5.32687,
            1.25876,
            3.79203
          ],
          [
            0.0,
            2.51077,
            4.90791
          ],
          [
            0.0,
            0.00609,
            4.89436
          ],
          [
            3.553,
            -0.00189,
            4.97687
          ],
          [
            3.553,
            2.53558,
            5.04395
          ],
          [
            3.553,
            1.21614,
            6.14023
          ]
        ],
        "Stress": [
          [
            -18.23343,
            0.0,
            0.0
          ],
          [
            0.0,
            -17.30968,
            -0.10881
          ],
          [
            0.0,
            -0.10881,
            -8.58761
          ]
        ],
        "computation_code": "VASP",
        "pseudopotential_information": [
          [
            "PAW_PBE",
            "Ni",
            "02Aug2007"
          ],
          [
            "PAW_PBE",
            "Rh",
            "04Feb2005"
          ],
          [
            "PAW_PBE",
            "H",
            "15Jun2001"
          ]
        ]
      }
    ],
    "EnergyStyle": "electronvolt",
    "ForcesStyle": "electronvoltperangstrom",
    "LatticeStyle": "angstrom",
    "PositionsStyle": "angstrom",
    "StressStyle": "kB"
  }
}