{
  "Dataset": {
    "AtomTypeStyle": "chemicalsymbol",
    "Data": [
      {
        "AtomTypes": [
          "Ni",
          "Ni",
          "Ni",
          "Ni",
          "Ni",
          "Ni",
          "Ni",
          "Ni",
          "Ni",
          "Ni",
          "Ni",
          "Ni",
          "Ni",
          "Ni",
          "Ni",
          "Ni",
          "Ni",
          "Ni",
          "Ni",
          "Rh",
          "H"
        ],
        "Energy": -95.41249927,
        "Forces": [
          [
            0.016952,
            -0.011154,
            0.543551
          ],
          [
            -0.014972,
            -0.016931,
            0.534608
          ],
          [
            0.016952,
            0.011154,
            0.543551
          ],
          [
            -0.014972,
            0.016931,
            0.534608
          ],
          [
            -0.043352,
            0.0,
            -0.496867
          ],
          [
            0.048695,
            0.0,
            -0.559507
          ],
          [
            -0.03094,
            0.0,
            -0.588106
          ],
          [
            0.034315,
            0.0,
            -0.712275
          ],
          [
            0.045784,
            -0.015154,
            0.066037
          ],
          [
            -0.065483,
            -0.011516,
            0.007252
          ],
          [
            0.045784,
            0.015154,
            0.066037
          ],
          [
            -0.065483,
            0.011516,
            0.007252
          ],
          [
            -0.033019,
            0.0,
            0.041372
          ],
          [
            0.016285,
            0.0,
            -0.067011
          ],
          [
            0.012153,
            0.0,
            -0.086644
          ],
          [
            -0.040596,
            0.028936,
            0.023384
          ],
          [
            0.054058,
            -0.041797,
            0.056491
          ],
          [
            -0.040596,
            -0.028936,
            0.023384
          ],
          [
            0.054058,
            0.041797,
            0.056491
          ],
          [
            -0.040644,
            0.0,
            0.050051
          ],
          [
            0.045022,
            0.0,
            -0.04366
          ]
        ],
        "Lattice": [
          [
            7.106,
            0.0,
            0.0
          ],
          [
            0.0,
            5.024699515,
            0.0
          ],
          [
            0.0,
            0.0,
            17.703958439
          ]
        ],
        "NumAtoms": 21,
        "Positions": [
          [
            0.0,
            2.51235,
            0.0
          ],
          [
            3.553,
            2.51235,
            0.0
          ],
          [
            0.0,
            0.0,
            0.0
          ],
          [
            3.553,
            0.0,
            0.0
          ],
          [
            1.7765,
            3.76852,
            1.25617
          ],
          [
            5.3295,
            3.76852,
            1.25617
          ],
          [
            1.7765,
            1.25618,
            1.25617
          ],
          [
            5.3295,
            1.25618,
            1.25617
          ],
          [
            -0.02093,
            0.00694,
            2.46924
          ],
          [
            3.57575,
            0.00711,
            2.45866
          ],
          [
            -0.02093,
            2.50541,
            2.46924
          ],
          [
            3.57575,
            2.50524,
            2.45866
          ],
          [
            1.78545,
            1.25618,
            3.798
          ],
          [
            5.30309,
            3.76852,
            3.8132
          ],
          [
            5.31873,
            1.25618,
            3.78432
          ],
          [
            -0.04639,
            2.49711,
            4.9232
          ],
          [
            3.59298,
            2.48209,
            5.00231
          ],
          [
            -0.04639,
            0.01524,
            4.9232
          ],
          [
            3.59298,
            0.03026,
            5.00231
          ],
          [
            1.80054,
            3.76852,
            3.86031
          ],
          [
            3.56392,
            1.25617,
            6.08311
          ]
        ],
        "Stress": [
          [
            -13.89423,
            0.0,
            0.37723
          ],
          [
            0.0,
            -12.54102,
            0.0
          ],
          [
            0.37723,
            0.0,
            -8.16853
          ]
        ],
        "computation_code": "VASP",
        "pseudopotential_information": [
          [
            "PAW_PBE",
            "Ni",
            "02Aug2007"
          ],
          [
            "PAW_PBE",
            "Rh",
            "04Feb2005"
          ],
          [
            "PAW_PBE",
            "H",
            "15Jun2001"
          ]
        ]
      }
    ],
    "EnergyStyle": "electronvolt",
    "ForcesStyle": "electronvoltperangstrom",
    "LatticeStyle": "angstrom",
    "PositionsStyle": "angstrom",
    "StressStyle": "kB"
  }
}