{
  "Dataset": {
    "AtomTypeStyle": "chemicalsymbol",
    "Data": [
      {
        "AtomTypes": [
          "Ni",
          "Ni",
          "Ni",
          "Ni",
          "Ni",
          "Ni",
          "Ni",
          "Ni",
          "Ni",
          "Ni",
          "Ni",
          "Ni",
          "Ni",
          "Ni",
          "Ni",
          "Ni",
          "Ni",
          "Ni",
          "Ni",
          "Rh",
          "O",
          "H"
        ],
        "Energy": -102.59030774,
        "Forces": [
          [
            -0.013649,
            -0.010701,
            0.513714
          ],
          [
            0.019473,
            -0.000313,
            0.531599
          ],
          [
            -0.013649,
            0.010701,
            0.513714
          ],
          [
            0.019473,
            0.000313,
            0.531599
          ],
          [
            0.000306,
            0.0,
            -0.585872
          ],
          [
            -0.046388,
            0.0,
            -0.494392
          ],
          [
            0.01564,
            0.0,
            -0.849636
          ],
          [
            -0.038845,
            0.0,
            -0.647773
          ],
          [
            -0.050478,
            -0.020458,
            0.068678
          ],
          [
            0.079717,
            -0.021762,
            0.047865
          ],
          [
            -0.050478,
            0.020458,
            0.068678
          ],
          [
            0.079717,
            0.021762,
            0.047865
          ],
          [
            -0.011508,
            0.0,
            -0.037206
          ],
          [
            0.031706,
            0.0,
            -0.033166
          ],
          [
            -0.000644,
            0.0,
            0.034875
          ],
          [
            0.033316,
            0.026707,
            -0.002537
          ],
          [
            -0.054178,
            -0.109048,
            0.13484
          ],
          [
            0.033316,
            -0.026707,
            -0.002537
          ],
          [
            -0.054178,
            0.109048,
            0.13484
          ],
          [
            0.02494,
            0.0,
            0.080849
          ],
          [
            -0.023827,
            0.0,
            -0.076099
          ],
          [
            0.020219,
            0.0,
            0.020102
          ]
        ],
        "Lattice": [
          [
            7.106,
            0.0,
            0.0
          ],
          [
            0.0,
            5.024699515,
            0.0
          ],
          [
            0.0,
            0.0,
            17.703958439
          ]
        ],
        "NumAtoms": 22,
        "Positions": [
          [
            0.0,
            2.51235,
            0.0
          ],
          [
            3.553,
            2.51235,
            0.0
          ],
          [
            0.0,
            0.0,
            0.0
          ],
          [
            3.553,
            0.0,
            0.0
          ],
          [
            1.7765,
            3.76852,
            1.25617
          ],
          [
            5.3295,
            3.76852,
            1.25617
          ],
          [
            1.7765,
            1.25618,
            1.25617
          ],
          [
            5.3295,
            1.25618,
            1.25617
          ],
          [
            0.0164,
            0.00285,
            2.4608
          ],
          [
            3.52865,
            0.00497,
            2.47296
          ],
          [
            0.0164,
            2.5095,
            2.4608
          ],
          [
            3.52865,
            2.50738,
            2.47296
          ],
          [
            1.81097,
            3.76852,
            3.80116
          ],
          [
            1.77052,
            1.25618,
            3.73914
          ],
          [
            5.33475,
            1.25618,
            3.77274
          ],
          [
            0.05728,
            2.49731,
            4.91196
          ],
          [
            3.49617,
            2.50614,
            5.03104
          ],
          [
            0.05728,
            0.01504,
            4.91196
          ],
          [
            3.49617,
            0.00621,
            5.03104
          ],
          [
            5.30762,
            3.76852,
            3.86183
          ],
          [
            3.57625,
            1.25617,
            6.52332
          ],
          [
            4.46318,
            1.25617,
            6.93192
          ]
        ],
        "Stress": [
          [
            -14.50744,
            0.0,
            0.09838
          ],
          [
            0.0,
            -13.16084,
            0.0
          ],
          [
            0.09838,
            0.0,
            -7.90103
          ]
        ],
        "computation_code": "VASP",
        "pseudopotential_information": [
          [
            "PAW_PBE",
            "Ni",
            "02Aug2007"
          ],
          [
            "PAW_PBE",
            "Rh",
            "04Feb2005"
          ],
          [
            "PAW_PBE",
            "O",
            "08Apr2002"
          ],
          [
            "PAW_PBE",
            "H",
            "15Jun2001"
          ]
        ]
      }
    ],
    "EnergyStyle": "electronvolt",
    "ForcesStyle": "electronvoltperangstrom",
    "LatticeStyle": "angstrom",
    "PositionsStyle": "angstrom",
    "StressStyle": "kB"
  }
}