{
  "Dataset": {
    "AtomTypeStyle": "chemicalsymbol",
    "Data": [
      {
        "AtomTypes": [
          "Ni",
          "Ni",
          "Ni",
          "Ni",
          "Ni",
          "Ni",
          "Ni",
          "Ni",
          "Ni",
          "Ni",
          "Ni",
          "Ni",
          "Ni",
          "Ni",
          "Ni",
          "Rh",
          "O",
          "H"
        ],
        "Energy": -85.24349733,
        "Forces": [
          [
            0.051009,
            -0.00275,
            0.296903
          ],
          [
            0.003852,
            0.003036,
            0.290328
          ],
          [
            -0.051994,
            -0.007502,
            0.296327
          ],
          [
            -0.00654,
            0.004954,
            0.291837
          ],
          [
            0.002709,
            0.009245,
            -0.423213
          ],
          [
            -0.003895,
            0.020442,
            -0.356664
          ],
          [
            -0.003448,
            -0.002219,
            -0.356603
          ],
          [
            -0.005739,
            -0.036707,
            -0.407361
          ],
          [
            0.025773,
            0.00354,
            0.048274
          ],
          [
            -0.02127,
            0.004758,
            0.050775
          ],
          [
            0.009679,
            0.003239,
            0.057116
          ],
          [
            -0.005363,
            -0.002483,
            0.057635
          ],
          [
            0.007937,
            -0.030019,
            0.028983
          ],
          [
            0.004779,
            0.009496,
            0.049689
          ],
          [
            0.001719,
            -0.001074,
            -0.001808
          ],
          [
            0.005524,
            0.020215,
            0.038999
          ],
          [
            0.148405,
            -0.000884,
            0.111571
          ],
          [
            -0.163135,
            0.004712,
            -0.072787
          ]
        ],
        "Lattice": [
          [
            5.025196436,
            0.0,
            0.0
          ],
          [
            0.0,
            5.025196436,
            0.0
          ],
          [
            0.0,
            0.0,
            17.427492376
          ]
        ],
        "NumAtoms": 18,
        "Positions": [
          [
            3.7689,
            1.2563,
            0.0
          ],
          [
            3.7689,
            3.7689,
            0.0
          ],
          [
            1.2563,
            1.2563,
            0.0
          ],
          [
            1.2563,
            3.7689,
            0.0
          ],
          [
            0.0,
            0.0,
            1.77656
          ],
          [
            2.5126,
            0.0,
            1.77656
          ],
          [
            0.0,
            2.5126,
            1.77656
          ],
          [
            2.5126,
            2.5126,
            1.77656
          ],
          [
            1.27925,
            1.25754,
            3.56465
          ],
          [
            3.7481,
            1.25475,
            3.56057
          ],
          [
            1.26452,
            3.76658,
            3.54655
          ],
          [
            3.75437,
            3.76694,
            3.54765
          ],
          [
            2.51374,
            0.02665,
            5.4055
          ],
          [
            5.01882,
            2.51128,
            5.22698
          ],
          [
            2.5164,
            2.48268,
            5.41425
          ],
          [
            5.02118,
            0.01199,
            5.34971
          ],
          [
            2.42969,
            3.76593,
            6.8826
          ],
          [
            3.2721,
            3.77141,
            7.38942
          ]
        ],
        "Stress": [
          [
            -15.12962,
            0.14834,
            -0.08119
          ],
          [
            0.14834,
            -20.12345,
            0.11996
          ],
          [
            -0.08119,
            0.11996,
            -9.12098
          ]
        ],
        "computation_code": "VASP",
        "pseudopotential_information": [
          [
            "PAW_PBE",
            "Ni",
            "02Aug2007"
          ],
          [
            "PAW_PBE",
            "Rh",
            "04Feb2005"
          ],
          [
            "PAW_PBE",
            "O",
            "08Apr2002"
          ],
          [
            "PAW_PBE",
            "H",
            "15Jun2001"
          ]
        ]
      }
    ],
    "EnergyStyle": "electronvolt",
    "ForcesStyle": "electronvoltperangstrom",
    "LatticeStyle": "angstrom",
    "PositionsStyle": "angstrom",
    "StressStyle": "kB"
  }
}