{
  "Dataset": {
    "AtomTypeStyle": "chemicalsymbol",
    "Data": [
      {
        "AtomTypes": [
          "Ni",
          "Ni",
          "Ni",
          "Ni",
          "Ni",
          "Ni",
          "Ni",
          "Ni",
          "Ni",
          "Ni",
          "Ni",
          "Ni",
          "Ni",
          "Ni",
          "Ni",
          "Ni",
          "Ni",
          "Ni",
          "Ni",
          "Rh",
          "O",
          "H"
        ],
        "Energy": -102.34722275,
        "Forces": [
          [
            3.3e-05,
            -0.00924,
            0.557804
          ],
          [
            0.004867,
            0.006294,
            0.574363
          ],
          [
            -0.001892,
            0.007378,
            0.550371
          ],
          [
            0.002391,
            -0.010086,
            0.599757
          ],
          [
            0.06179,
            -0.022594,
            -0.540961
          ],
          [
            -0.073039,
            -0.014667,
            -0.521465
          ],
          [
            0.082098,
            -0.023156,
            -0.576369
          ],
          [
            -0.111174,
            -0.03645,
            -0.559222
          ],
          [
            -0.002425,
            -0.00812,
            0.052907
          ],
          [
            0.000141,
            0.024108,
            -0.02506
          ],
          [
            0.014875,
            0.020693,
            -0.038837
          ],
          [
            -0.013629,
            0.00156,
            -0.012262
          ],
          [
            -0.007702,
            -0.006001,
            0.01354
          ],
          [
            0.005971,
            -0.017004,
            0.000624
          ],
          [
            0.025647,
            0.020086,
            -8.8e-05
          ],
          [
            0.011583,
            0.009654,
            0.00268
          ],
          [
            0.00586,
            0.019912,
            0.0102
          ],
          [
            -0.005704,
            -0.008913,
            -0.047575
          ],
          [
            0.031537,
            0.022337,
            -0.008766
          ],
          [
            -0.015949,
            0.004523,
            -0.006446
          ],
          [
            -0.075802,
            0.01162,
            -0.037162
          ],
          [
            0.060524,
            0.008066,
            0.011968
          ]
        ],
        "Lattice": [
          [
            7.106,
            0.0,
            0.0
          ],
          [
            0.0,
            5.024699515,
            0.0
          ],
          [
            0.0,
            0.0,
            17.703958439
          ]
        ],
        "NumAtoms": 22,
        "Positions": [
          [
            0.0,
            2.51235,
            0.0
          ],
          [
            3.553,
            2.51235,
            0.0
          ],
          [
            0.0,
            0.0,
            0.0
          ],
          [
            3.553,
            0.0,
            0.0
          ],
          [
            1.7765,
            3.76852,
            1.25617
          ],
          [
            5.3295,
            3.76852,
            1.25617
          ],
          [
            1.7765,
            1.25618,
            1.25617
          ],
          [
            5.3295,
            1.25618,
            1.25617
          ],
          [
            -0.00382,
            5.01657,
            2.47015
          ],
          [
            3.5526,
            5.00538,
            2.51797
          ],
          [
            7.09915,
            2.50626,
            2.48579
          ],
          [
            3.55653,
            2.50339,
            2.50013
          ],
          [
            1.78496,
            3.75225,
            3.78679
          ],
          [
            5.32034,
            3.75947,
            3.80958
          ],
          [
            1.76862,
            1.23754,
            3.77739
          ],
          [
            5.33098,
            1.23682,
            3.78993
          ],
          [
            0.00409,
            2.49235,
            4.90492
          ],
          [
            0.0095,
            5.0067,
            4.89038
          ],
          [
            3.52718,
            4.96403,
            5.03892
          ],
          [
            3.551,
            2.49784,
            5.0846
          ],
          [
            3.59778,
            1.06444,
            6.63855
          ],
          [
            4.48425,
            1.0327,
            7.04508
          ]
        ],
        "Stress": [
          [
            -21.19483,
            -0.06914,
            0.34447
          ],
          [
            -0.06914,
            -18.38244,
            0.78313
          ],
          [
            0.34447,
            0.78313,
            -12.03647
          ]
        ],
        "computation_code": "VASP",
        "pseudopotential_information": [
          [
            "PAW_PBE",
            "Ni",
            "02Aug2007"
          ],
          [
            "PAW_PBE",
            "Rh",
            "04Feb2005"
          ],
          [
            "PAW_PBE",
            "O",
            "08Apr2002"
          ],
          [
            "PAW_PBE",
            "H",
            "15Jun2001"
          ]
        ]
      }
    ],
    "EnergyStyle": "electronvolt",
    "ForcesStyle": "electronvoltperangstrom",
    "LatticeStyle": "angstrom",
    "PositionsStyle": "angstrom",
    "StressStyle": "kB"
  }
}