{
  "Dataset": {
    "AtomTypeStyle": "chemicalsymbol",
    "Data": [
      {
        "AtomTypes": [
          "Ni",
          "Ni",
          "Ni",
          "Ni",
          "Ni",
          "Ni",
          "Ni",
          "Ni",
          "Ni",
          "Ni",
          "Ni",
          "Ni",
          "Ni",
          "Ni",
          "Ni",
          "Rh",
          "O"
        ],
        "Energy": -81.75862255,
        "Forces": [
          [
            -0.0,
            -0.0,
            0.222739
          ],
          [
            -0.0,
            -0.0,
            0.330573
          ],
          [
            -0.0,
            -0.0,
            0.330573
          ],
          [
            -0.0,
            -0.0,
            0.138213
          ],
          [
            0.067987,
            -0.067987,
            -0.503479
          ],
          [
            -0.067987,
            -0.067987,
            -0.503479
          ],
          [
            0.067987,
            0.067987,
            -0.503479
          ],
          [
            -0.067987,
            0.067987,
            -0.503479
          ],
          [
            -0.0,
            -0.0,
            0.137308
          ],
          [
            -0.0,
            -0.0,
            -0.002827
          ],
          [
            -0.0,
            -0.0,
            0.137308
          ],
          [
            -0.107189,
            0.107189,
            0.030498
          ],
          [
            0.107189,
            0.107189,
            0.030498
          ],
          [
            -0.107189,
            -0.107189,
            0.030498
          ],
          [
            0.107189,
            -0.107189,
            0.030498
          ],
          [
            -0.0,
            -0.0,
            0.171455
          ],
          [
            -0.0,
            -0.0,
            0.426583
          ]
        ],
        "Lattice": [
          [
            5.025196436,
            0.0,
            0.0
          ],
          [
            0.0,
            5.025196436,
            0.0
          ],
          [
            0.0,
            0.0,
            17.427492376
          ]
        ],
        "NumAtoms": 17,
        "Positions": [
          [
            3.7689,
            1.2563,
            0.0
          ],
          [
            3.7689,
            3.7689,
            0.0
          ],
          [
            1.2563,
            1.2563,
            0.0
          ],
          [
            1.2563,
            3.7689,
            0.0
          ],
          [
            0.0,
            0.0,
            1.77656
          ],
          [
            2.5126,
            0.0,
            1.77656
          ],
          [
            0.0,
            2.5126,
            1.77656
          ],
          [
            2.5126,
            2.5126,
            1.77656
          ],
          [
            1.2563,
            1.2563,
            3.55483
          ],
          [
            1.2563,
            3.7689,
            3.48677
          ],
          [
            3.7689,
            3.7689,
            3.55483
          ],
          [
            0.01808,
            -0.01808,
            5.36364
          ],
          [
            2.49452,
            -0.01808,
            5.36364
          ],
          [
            0.01808,
            2.53068,
            5.36364
          ],
          [
            2.49452,
            2.53068,
            5.36364
          ],
          [
            3.7689,
            1.2563,
            3.6197
          ],
          [
            1.2563,
            3.7689,
            6.19996
          ]
        ],
        "Stress": [
          [
            -9.64234,
            0.0,
            -0.0
          ],
          [
            0.0,
            -9.64234,
            0.0
          ],
          [
            -0.0,
            0.0,
            -0.13599
          ]
        ],
        "computation_code": "VASP",
        "pseudopotential_information": [
          [
            "PAW_PBE",
            "Ni",
            "02Aug2007"
          ],
          [
            "PAW_PBE",
            "Rh",
            "04Feb2005"
          ],
          [
            "PAW_PBE",
            "O",
            "08Apr2002"
          ]
        ]
      }
    ],
    "EnergyStyle": "electronvolt",
    "ForcesStyle": "electronvoltperangstrom",
    "LatticeStyle": "angstrom",
    "PositionsStyle": "angstrom",
    "StressStyle": "kB"
  }
}