{
  "Dataset": {
    "AtomTypeStyle": "chemicalsymbol",
    "Data": [
      {
        "AtomTypes": [
          "Ni",
          "Ni",
          "Ni",
          "Ni",
          "Ni",
          "Ni",
          "Ni",
          "Ni",
          "Ni",
          "Ni",
          "Ni",
          "Ni",
          "Ni",
          "Ni",
          "Ni",
          "Rh"
        ],
        "Energy": -74.55646303,
        "Forces": [
          [
            0.0,
            -0.0,
            0.325466
          ],
          [
            0.0,
            -0.0,
            0.213129
          ],
          [
            0.0,
            -0.0,
            0.246491
          ],
          [
            0.0,
            -0.0,
            0.325466
          ],
          [
            -0.08965,
            -0.08965,
            -0.281781
          ],
          [
            0.08965,
            -0.08965,
            -0.281781
          ],
          [
            -0.08965,
            0.08965,
            -0.281781
          ],
          [
            0.08965,
            0.08965,
            -0.281781
          ],
          [
            0.0,
            -0.0,
            0.001562
          ],
          [
            0.0,
            -0.0,
            0.001562
          ],
          [
            0.0,
            -0.0,
            6.2e-05
          ],
          [
            0.004634,
            0.004634,
            -0.001789
          ],
          [
            -0.004634,
            0.004634,
            -0.001789
          ],
          [
            0.004634,
            -0.004634,
            -0.001789
          ],
          [
            -0.004634,
            -0.004634,
            -0.001789
          ],
          [
            0.0,
            -0.0,
            0.020545
          ]
        ],
        "Lattice": [
          [
            5.025196436,
            0.0,
            0.0
          ],
          [
            0.0,
            5.025196436,
            0.0
          ],
          [
            0.0,
            0.0,
            17.427492376
          ]
        ],
        "NumAtoms": 16,
        "Positions": [
          [
            3.7689,
            1.2563,
            0.0
          ],
          [
            3.7689,
            3.7689,
            0.0
          ],
          [
            1.2563,
            1.2563,
            0.0
          ],
          [
            1.2563,
            3.7689,
            0.0
          ],
          [
            0.0,
            0.0,
            1.77656
          ],
          [
            2.5126,
            0.0,
            1.77656
          ],
          [
            0.0,
            2.5126,
            1.77656
          ],
          [
            2.5126,
            2.5126,
            1.77656
          ],
          [
            3.7689,
            1.2563,
            3.61453
          ],
          [
            1.2563,
            3.7689,
            3.61453
          ],
          [
            3.7689,
            3.7689,
            3.60213
          ],
          [
            -0.02638,
            -0.02638,
            5.38017
          ],
          [
            2.53898,
            -0.02638,
            5.38017
          ],
          [
            -0.02638,
            2.53898,
            5.38017
          ],
          [
            2.53898,
            2.53898,
            5.38017
          ],
          [
            1.2563,
            1.2563,
            3.6495
          ]
        ],
        "Stress": [
          [
            -15.68812,
            0.0,
            0.0
          ],
          [
            0.0,
            -15.68812,
            0.0
          ],
          [
            0.0,
            0.0,
            -9.74025
          ]
        ],
        "computation_code": "VASP",
        "pseudopotential_information": [
          [
            "PAW_PBE",
            "Ni",
            "02Aug2007"
          ],
          [
            "PAW_PBE",
            "Rh",
            "04Feb2005"
          ]
        ]
      }
    ],
    "EnergyStyle": "electronvolt",
    "ForcesStyle": "electronvoltperangstrom",
    "LatticeStyle": "angstrom",
    "PositionsStyle": "angstrom",
    "StressStyle": "kB"
  }
}