{
  "Dataset": {
    "AtomTypeStyle": "chemicalsymbol",
    "Data": [
      {
        "AtomTypes": [
          "Ni",
          "Ni",
          "Ni",
          "Ni",
          "Ni",
          "Ni",
          "Ni",
          "Ni",
          "Ni",
          "Ni",
          "Ni",
          "Ni",
          "Ni",
          "Ni",
          "Ni",
          "Rh"
        ],
        "Energy": -74.54007372,
        "Forces": [
          [
            -0.0,
            -0.0,
            0.314417
          ],
          [
            -0.0,
            -0.0,
            0.200784
          ],
          [
            -0.0,
            -0.0,
            0.235259
          ],
          [
            -0.0,
            -0.0,
            0.314417
          ],
          [
            -0.113574,
            -0.113574,
            -0.406059
          ],
          [
            0.113574,
            -0.113574,
            -0.406059
          ],
          [
            -0.113574,
            0.113574,
            -0.406059
          ],
          [
            0.113574,
            0.113574,
            -0.406059
          ],
          [
            -0.0,
            -0.0,
            0.028965
          ],
          [
            -0.0,
            -0.0,
            0.028965
          ],
          [
            -0.0,
            -0.0,
            -0.098149
          ],
          [
            -0.045183,
            -0.045183,
            0.155553
          ],
          [
            0.045183,
            -0.045183,
            0.155553
          ],
          [
            -0.045183,
            0.045183,
            0.155553
          ],
          [
            0.045183,
            0.045183,
            0.155553
          ],
          [
            -0.0,
            -0.0,
            -0.022632
          ]
        ],
        "Lattice": [
          [
            5.025196436,
            0.0,
            0.0
          ],
          [
            0.0,
            5.025196436,
            0.0
          ],
          [
            0.0,
            0.0,
            17.427492376
          ]
        ],
        "NumAtoms": 16,
        "Positions": [
          [
            3.7689,
            1.2563,
            0.0
          ],
          [
            3.7689,
            3.7689,
            0.0
          ],
          [
            1.2563,
            1.2563,
            0.0
          ],
          [
            1.2563,
            3.7689,
            0.0
          ],
          [
            0.0,
            0.0,
            1.77656
          ],
          [
            2.5126,
            0.0,
            1.77656
          ],
          [
            0.0,
            2.5126,
            1.77656
          ],
          [
            2.5126,
            2.5126,
            1.77656
          ],
          [
            3.7689,
            1.2563,
            3.58439
          ],
          [
            1.2563,
            3.7689,
            3.58439
          ],
          [
            3.7689,
            3.7689,
            3.59085
          ],
          [
            -0.02148,
            -0.02148,
            5.33094
          ],
          [
            2.53408,
            -0.02148,
            5.33094
          ],
          [
            -0.02148,
            2.53408,
            5.33094
          ],
          [
            2.53408,
            2.53408,
            5.33094
          ],
          [
            1.2563,
            1.2563,
            3.62279
          ]
        ],
        "Stress": [
          [
            -11.20192,
            0.0,
            0.0
          ],
          [
            0.0,
            -11.20192,
            0.0
          ],
          [
            0.0,
            0.0,
            -1.8064
          ]
        ],
        "computation_code": "VASP",
        "pseudopotential_information": [
          [
            "PAW_PBE",
            "Ni",
            "02Aug2007"
          ],
          [
            "PAW_PBE",
            "Rh",
            "04Feb2005"
          ]
        ]
      }
    ],
    "EnergyStyle": "electronvolt",
    "ForcesStyle": "electronvoltperangstrom",
    "LatticeStyle": "angstrom",
    "PositionsStyle": "angstrom",
    "StressStyle": "kB"
  }
}