{
  "Dataset": {
    "AtomTypeStyle": "chemicalsymbol",
    "Data": [
      {
        "AtomTypes": [
          "Ni",
          "Ni",
          "Ni",
          "Ni",
          "Ni",
          "Ni",
          "Ni",
          "Ni",
          "Ni",
          "Ni",
          "Ni",
          "Ni",
          "Pt",
          "Ni",
          "Ni",
          "Ni",
          "O"
        ],
        "Energy": -80.77257652,
        "Forces": [
          [
            -0.002183,
            -0.004529,
            0.346541
          ],
          [
            0.015884,
            0.015884,
            0.286478
          ],
          [
            -0.004719,
            -0.004719,
            0.298831
          ],
          [
            -0.004529,
            -0.002183,
            0.346541
          ],
          [
            0.002542,
            0.002542,
            -0.36514
          ],
          [
            -0.079728,
            0.028417,
            -0.315166
          ],
          [
            0.028417,
            -0.079728,
            -0.315166
          ],
          [
            -0.081689,
            -0.081689,
            -0.243851
          ],
          [
            -0.016304,
            -0.016304,
            0.03883
          ],
          [
            0.00799,
            -0.027652,
            0.028121
          ],
          [
            -0.027652,
            0.00799,
            0.028121
          ],
          [
            0.018127,
            0.018127,
            0.101561
          ],
          [
            -0.035986,
            -0.035986,
            -0.043304
          ],
          [
            0.025334,
            0.019884,
            -0.079445
          ],
          [
            0.019884,
            0.025334,
            -0.079445
          ],
          [
            0.109852,
            0.109852,
            -0.051594
          ],
          [
            0.024761,
            0.024761,
            0.018088
          ]
        ],
        "Lattice": [
          [
            5.025196436,
            0.0,
            0.0
          ],
          [
            0.0,
            5.025196436,
            0.0
          ],
          [
            0.0,
            0.0,
            17.427492376
          ]
        ],
        "NumAtoms": 17,
        "Positions": [
          [
            3.7689,
            1.2563,
            0.0
          ],
          [
            3.7689,
            3.7689,
            0.0
          ],
          [
            1.2563,
            1.2563,
            0.0
          ],
          [
            1.2563,
            3.7689,
            0.0
          ],
          [
            0.0,
            0.0,
            1.77656
          ],
          [
            2.5126,
            0.0,
            1.77656
          ],
          [
            0.0,
            2.5126,
            1.77656
          ],
          [
            2.5126,
            2.5126,
            1.77656
          ],
          [
            1.23553,
            1.23553,
            3.51757
          ],
          [
            3.74405,
            1.28605,
            3.62615
          ],
          [
            1.28605,
            3.74405,
            3.62615
          ],
          [
            3.74295,
            3.74295,
            3.47475
          ],
          [
            -0.25008,
            -0.25008,
            5.45705
          ],
          [
            2.28037,
            0.28844,
            5.55924
          ],
          [
            0.28844,
            2.28037,
            5.55924
          ],
          [
            2.84169,
            2.84169,
            5.56899
          ],
          [
            1.74986,
            1.74986,
            6.56369
          ]
        ],
        "Stress": [
          [
            -27.96152,
            -0.06916,
            1.98108
          ],
          [
            -0.06916,
            -27.96152,
            1.98108
          ],
          [
            1.98108,
            1.98108,
            -15.0012
          ]
        ],
        "computation_code": "VASP",
        "pseudopotential_information": [
          [
            "PAW_PBE",
            "Ni",
            "02Aug2007"
          ],
          [
            "PAW_PBE",
            "Pt",
            "04Feb2005"
          ],
          [
            "PAW_PBE",
            "O",
            "08Apr2002"
          ]
        ]
      }
    ],
    "EnergyStyle": "electronvolt",
    "ForcesStyle": "electronvoltperangstrom",
    "LatticeStyle": "angstrom",
    "PositionsStyle": "angstrom",
    "StressStyle": "kB"
  }
}