{
  "Dataset": {
    "AtomTypeStyle": "chemicalsymbol",
    "Data": [
      {
        "AtomTypes": [
          "Ni",
          "Ni",
          "Ni",
          "Ni",
          "Ni",
          "Ni",
          "Ni",
          "Ni",
          "Ni",
          "Ni",
          "Ni",
          "Ni",
          "Pt",
          "Ni",
          "Ni",
          "Ni",
          "O",
          "H"
        ],
        "Energy": -84.58091063,
        "Forces": [
          [
            0.059052,
            -0.00281,
            0.300731
          ],
          [
            0.011381,
            0.002671,
            0.296837
          ],
          [
            -0.060611,
            -0.002963,
            0.301529
          ],
          [
            -0.014021,
            0.002739,
            0.296931
          ],
          [
            0.00271,
            0.007045,
            -0.343648
          ],
          [
            -0.009655,
            0.035556,
            -0.306103
          ],
          [
            0.001194,
            0.01532,
            -0.316637
          ],
          [
            -0.008073,
            -0.01159,
            -0.225275
          ],
          [
            0.002821,
            0.000611,
            0.003844
          ],
          [
            0.006025,
            -0.003199,
            0.014242
          ],
          [
            -0.00443,
            -0.001551,
            -5.6e-05
          ],
          [
            0.013817,
            -0.004727,
            0.002323
          ],
          [
            -0.00039,
            0.006548,
            -0.003003
          ],
          [
            -6.7e-05,
            0.010246,
            -0.011085
          ],
          [
            0.001755,
            -0.013155,
            0.007735
          ],
          [
            0.007813,
            -0.034521,
            -0.020523
          ],
          [
            -0.009485,
            0.006539,
            0.019601
          ],
          [
            0.000164,
            -0.01276,
            -0.017444
          ]
        ],
        "Lattice": [
          [
            5.025196436,
            0.0,
            0.0
          ],
          [
            0.0,
            5.025196436,
            0.0
          ],
          [
            0.0,
            0.0,
            17.427492376
          ]
        ],
        "NumAtoms": 18,
        "Positions": [
          [
            3.7689,
            1.2563,
            0.0
          ],
          [
            3.7689,
            3.7689,
            0.0
          ],
          [
            1.2563,
            1.2563,
            0.0
          ],
          [
            1.2563,
            3.7689,
            0.0
          ],
          [
            0.0,
            0.0,
            1.77656
          ],
          [
            2.5126,
            0.0,
            1.77656
          ],
          [
            0.0,
            2.5126,
            1.77656
          ],
          [
            2.5126,
            2.5126,
            1.77656
          ],
          [
            1.29137,
            1.26997,
            3.57459
          ],
          [
            3.73662,
            1.27016,
            3.56472
          ],
          [
            1.27401,
            3.7653,
            3.56191
          ],
          [
            3.74321,
            3.76529,
            3.56239
          ],
          [
            5.01476,
            0.04109,
            5.38345
          ],
          [
            2.50462,
            -0.01452,
            5.48751
          ],
          [
            5.02439,
            2.53918,
            5.26386
          ],
          [
            2.52234,
            2.45509,
            5.43924
          ],
          [
            2.46064,
            3.68975,
            6.93755
          ],
          [
            3.30869,
            3.71068,
            7.42686
          ]
        ],
        "Stress": [
          [
            -11.95111,
            0.02215,
            0.2322
          ],
          [
            0.02215,
            -18.74598,
            -0.57629
          ],
          [
            0.2322,
            -0.57629,
            -12.91303
          ]
        ],
        "computation_code": "VASP",
        "pseudopotential_information": [
          [
            "PAW_PBE",
            "Ni",
            "02Aug2007"
          ],
          [
            "PAW_PBE",
            "Pt",
            "04Feb2005"
          ],
          [
            "PAW_PBE",
            "O",
            "08Apr2002"
          ],
          [
            "PAW_PBE",
            "H",
            "15Jun2001"
          ]
        ]
      }
    ],
    "EnergyStyle": "electronvolt",
    "ForcesStyle": "electronvoltperangstrom",
    "LatticeStyle": "angstrom",
    "PositionsStyle": "angstrom",
    "StressStyle": "kB"
  }
}