{
  "Dataset": {
    "AtomTypeStyle": "chemicalsymbol",
    "Data": [
      {
        "AtomTypes": [
          "Ni",
          "Ni",
          "Ni",
          "Ni",
          "Ni",
          "Ni",
          "Ni",
          "Ni",
          "Ni",
          "Ni",
          "Pt",
          "Ni",
          "Ni",
          "Ni",
          "Ni",
          "Ni",
          "O"
        ],
        "Energy": -80.38548929,
        "Forces": [
          [
            -0.0,
            -0.0,
            0.260168
          ],
          [
            -0.0,
            -0.0,
            0.285302
          ],
          [
            -0.0,
            -0.0,
            0.285291
          ],
          [
            -0.0,
            -0.0,
            0.168561
          ],
          [
            -0.404303,
            0.404305,
            -0.830243
          ],
          [
            0.404303,
            0.404305,
            -0.830243
          ],
          [
            -0.404303,
            -0.404305,
            -0.830243
          ],
          [
            0.404303,
            -0.404305,
            -0.830243
          ],
          [
            -0.0,
            -0.0,
            0.145867
          ],
          [
            -0.0,
            -0.0,
            0.279373
          ],
          [
            -0.0,
            -0.0,
            0.446084
          ],
          [
            -0.0,
            -0.0,
            0.145869
          ],
          [
            0.071518,
            -0.071519,
            0.285787
          ],
          [
            -0.071518,
            -0.071519,
            0.285787
          ],
          [
            0.071518,
            0.071519,
            0.285787
          ],
          [
            -0.071518,
            0.071519,
            0.285787
          ],
          [
            -0.0,
            -0.0,
            0.161312
          ]
        ],
        "Lattice": [
          [
            5.025196436,
            0.0,
            0.0
          ],
          [
            0.0,
            5.025196436,
            0.0
          ],
          [
            0.0,
            0.0,
            17.427492376
          ]
        ],
        "NumAtoms": 17,
        "Positions": [
          [
            3.7689,
            1.2563,
            0.0
          ],
          [
            3.7689,
            3.7689,
            0.0
          ],
          [
            1.2563,
            1.2563,
            0.0
          ],
          [
            1.2563,
            3.7689,
            0.0
          ],
          [
            0.0,
            0.0,
            1.77656
          ],
          [
            2.5126,
            0.0,
            1.77656
          ],
          [
            0.0,
            2.5126,
            1.77656
          ],
          [
            2.5126,
            2.5126,
            1.77656
          ],
          [
            1.2563,
            1.2563,
            3.55621
          ],
          [
            3.7689,
            1.2563,
            3.5846
          ],
          [
            1.2563,
            3.7689,
            3.49787
          ],
          [
            3.7689,
            3.7689,
            3.55621
          ],
          [
            -0.01648,
            0.01648,
            5.36162
          ],
          [
            2.52908,
            0.01648,
            5.36162
          ],
          [
            -0.01648,
            2.49612,
            5.36162
          ],
          [
            2.52908,
            2.49612,
            5.36162
          ],
          [
            1.2563,
            3.7689,
            6.24187
          ]
        ],
        "Stress": [
          [
            -6.64389,
            0.0,
            0.0
          ],
          [
            0.0,
            -6.64383,
            0.0
          ],
          [
            0.0,
            0.0,
            12.76363
          ]
        ],
        "computation_code": "VASP",
        "pseudopotential_information": [
          [
            "PAW_PBE",
            "Ni",
            "02Aug2007"
          ],
          [
            "PAW_PBE",
            "Pt",
            "04Feb2005"
          ],
          [
            "PAW_PBE",
            "O",
            "08Apr2002"
          ]
        ]
      }
    ],
    "EnergyStyle": "electronvolt",
    "ForcesStyle": "electronvoltperangstrom",
    "LatticeStyle": "angstrom",
    "PositionsStyle": "angstrom",
    "StressStyle": "kB"
  }
}