{
  "Dataset": {
    "AtomTypeStyle": "chemicalsymbol",
    "Data": [
      {
        "AtomTypes": [
          "Ni",
          "Ni",
          "Ni",
          "Ni",
          "Ni",
          "Ni",
          "Ni",
          "Ni",
          "Ni",
          "Ni",
          "Ni",
          "Ni",
          "Pt",
          "Ni",
          "Ni",
          "Ni",
          "O",
          "H"
        ],
        "Energy": -84.58114441,
        "Forces": [
          [
            0.059146,
            -0.00316,
            0.300586
          ],
          [
            0.011419,
            0.002281,
            0.295904
          ],
          [
            -0.060403,
            -0.003387,
            0.302121
          ],
          [
            -0.013699,
            0.002399,
            0.296614
          ],
          [
            0.005168,
            0.00198,
            -0.346228
          ],
          [
            -0.006743,
            0.030046,
            -0.306447
          ],
          [
            0.00368,
            0.010953,
            -0.319409
          ],
          [
            -0.004127,
            -0.015045,
            -0.229146
          ],
          [
            0.002611,
            -0.001651,
            0.005639
          ],
          [
            0.003682,
            -0.004611,
            0.016176
          ],
          [
            -0.000293,
            0.002219,
            0.004288
          ],
          [
            0.010818,
            -0.002865,
            0.005636
          ],
          [
            -0.004062,
            0.001149,
            0.006787
          ],
          [
            -0.007557,
            0.001215,
            -0.012367
          ],
          [
            0.00766,
            -0.005175,
            0.000655
          ],
          [
            0.003819,
            -0.018092,
            -0.006882
          ],
          [
            -0.013909,
            0.0136,
            0.004449
          ],
          [
            0.002791,
            -0.011858,
            -0.018379
          ]
        ],
        "Lattice": [
          [
            5.025196436,
            0.0,
            0.0
          ],
          [
            0.0,
            5.025196436,
            0.0
          ],
          [
            0.0,
            0.0,
            17.427492376
          ]
        ],
        "NumAtoms": 18,
        "Positions": [
          [
            3.7689,
            1.2563,
            0.0
          ],
          [
            3.7689,
            3.7689,
            0.0
          ],
          [
            1.2563,
            1.2563,
            0.0
          ],
          [
            1.2563,
            3.7689,
            0.0
          ],
          [
            0.0,
            0.0,
            1.77656
          ],
          [
            2.5126,
            0.0,
            1.77656
          ],
          [
            0.0,
            2.5126,
            1.77656
          ],
          [
            2.5126,
            2.5126,
            1.77656
          ],
          [
            1.29277,
            1.26831,
            3.57365
          ],
          [
            3.73822,
            1.26826,
            3.56404
          ],
          [
            1.2748,
            3.76281,
            3.56153
          ],
          [
            3.74445,
            3.76342,
            3.56214
          ],
          [
            5.01902,
            0.03967,
            5.38197
          ],
          [
            2.50937,
            -0.02211,
            5.4899
          ],
          [
            5.02442,
            2.53688,
            5.26468
          ],
          [
            2.52348,
            2.44628,
            5.43786
          ],
          [
            2.46384,
            3.67914,
            6.93899
          ],
          [
            3.31118,
            3.69779,
            7.42942
          ]
        ],
        "Stress": [
          [
            -12.04821,
            0.00932,
            0.06813
          ],
          [
            0.00932,
            -18.8158,
            -0.31997
          ],
          [
            0.06813,
            -0.31997,
            -12.98556
          ]
        ],
        "computation_code": "VASP",
        "pseudopotential_information": [
          [
            "PAW_PBE",
            "Ni",
            "02Aug2007"
          ],
          [
            "PAW_PBE",
            "Pt",
            "04Feb2005"
          ],
          [
            "PAW_PBE",
            "O",
            "08Apr2002"
          ],
          [
            "PAW_PBE",
            "H",
            "15Jun2001"
          ]
        ]
      }
    ],
    "EnergyStyle": "electronvolt",
    "ForcesStyle": "electronvoltperangstrom",
    "LatticeStyle": "angstrom",
    "PositionsStyle": "angstrom",
    "StressStyle": "kB"
  }
}