{
  "Dataset": {
    "AtomTypeStyle": "chemicalsymbol",
    "Data": [
      {
        "AtomTypes": [
          "Ni",
          "Ni",
          "Ni",
          "Ni",
          "Ni",
          "Ni",
          "Ni",
          "Ni",
          "Pt",
          "Ni",
          "Ni",
          "Ni",
          "Ni",
          "Ni",
          "Ni",
          "Ni",
          "O",
          "H"
        ],
        "Energy": -84.43422346,
        "Forces": [
          [
            0.053419,
            0.0,
            0.317802
          ],
          [
            0.006768,
            0.0,
            0.28826
          ],
          [
            -0.063343,
            0.0,
            0.207884
          ],
          [
            0.0012,
            0.0,
            0.307102
          ],
          [
            -0.131387,
            -0.153619,
            -0.513926
          ],
          [
            0.156997,
            -0.124621,
            -0.448425
          ],
          [
            -0.131387,
            0.153619,
            -0.513926
          ],
          [
            0.156997,
            0.124621,
            -0.448425
          ],
          [
            -0.007632,
            0.0,
            -0.100186
          ],
          [
            -0.084478,
            0.0,
            0.101718
          ],
          [
            -0.036512,
            0.0,
            0.107267
          ],
          [
            -0.015476,
            0.0,
            0.05749
          ],
          [
            0.063745,
            0.092737,
            0.031231
          ],
          [
            -0.056036,
            -0.050436,
            0.162012
          ],
          [
            0.063745,
            -0.092737,
            0.031231
          ],
          [
            -0.056036,
            0.050436,
            0.162012
          ],
          [
            -0.096897,
            0.0,
            0.025118
          ],
          [
            0.176315,
            0.0,
            0.225761
          ]
        ],
        "Lattice": [
          [
            5.025196436,
            0.0,
            0.0
          ],
          [
            0.0,
            5.025196436,
            0.0
          ],
          [
            0.0,
            0.0,
            17.427492376
          ]
        ],
        "NumAtoms": 18,
        "Positions": [
          [
            3.7689,
            1.2563,
            0.0
          ],
          [
            3.7689,
            3.7689,
            0.0
          ],
          [
            1.2563,
            1.2563,
            0.0
          ],
          [
            1.2563,
            3.7689,
            0.0
          ],
          [
            0.0,
            0.0,
            1.77656
          ],
          [
            2.5126,
            0.0,
            1.77656
          ],
          [
            0.0,
            2.5126,
            1.77656
          ],
          [
            2.5126,
            2.5126,
            1.77656
          ],
          [
            1.28433,
            1.2563,
            3.65403
          ],
          [
            3.78101,
            1.2563,
            3.58422
          ],
          [
            1.25242,
            3.7689,
            3.58182
          ],
          [
            3.75316,
            3.7689,
            3.56361
          ],
          [
            4.95953,
            -0.03871,
            5.31924
          ],
          [
            2.54033,
            0.00283,
            5.45603
          ],
          [
            4.95953,
            2.5513,
            5.31924
          ],
          [
            2.54033,
            2.50976,
            5.45603
          ],
          [
            2.43996,
            3.7689,
            6.92847
          ],
          [
            3.28412,
            3.7689,
            7.41238
          ]
        ],
        "Stress": [
          [
            -2.30672,
            0.0,
            1.16821
          ],
          [
            0.0,
            -6.83946,
            0.0
          ],
          [
            1.16821,
            0.0,
            -0.97302
          ]
        ],
        "computation_code": "VASP",
        "pseudopotential_information": [
          [
            "PAW_PBE",
            "Ni",
            "02Aug2007"
          ],
          [
            "PAW_PBE",
            "Pt",
            "04Feb2005"
          ],
          [
            "PAW_PBE",
            "O",
            "08Apr2002"
          ],
          [
            "PAW_PBE",
            "H",
            "15Jun2001"
          ]
        ]
      }
    ],
    "EnergyStyle": "electronvolt",
    "ForcesStyle": "electronvoltperangstrom",
    "LatticeStyle": "angstrom",
    "PositionsStyle": "angstrom",
    "StressStyle": "kB"
  }
}