{
  "Dataset": {
    "AtomTypeStyle": "chemicalsymbol",
    "Data": [
      {
        "AtomTypes": [
          "Ni",
          "Ni",
          "Ni",
          "Ni",
          "Ni",
          "Ni",
          "Ni",
          "Ni",
          "Ni",
          "Ni",
          "Pt",
          "Ni",
          "Ni",
          "Ni",
          "Ni",
          "Ni",
          "O"
        ],
        "Energy": -80.52313736,
        "Forces": [
          [
            0.0,
            0.0,
            0.312285
          ],
          [
            0.0,
            0.0,
            0.320048
          ],
          [
            0.0,
            0.0,
            0.320049
          ],
          [
            0.0,
            0.0,
            0.218306
          ],
          [
            -0.30806,
            0.308062,
            -0.332816
          ],
          [
            0.30806,
            0.308062,
            -0.332816
          ],
          [
            -0.30806,
            -0.308062,
            -0.332816
          ],
          [
            0.30806,
            -0.308062,
            -0.332816
          ],
          [
            0.0,
            0.0,
            0.126196
          ],
          [
            0.0,
            0.0,
            -0.111498
          ],
          [
            0.0,
            0.0,
            0.03867
          ],
          [
            0.0,
            0.0,
            0.126197
          ],
          [
            0.070746,
            -0.070749,
            -0.024029
          ],
          [
            -0.070746,
            -0.070749,
            -0.024029
          ],
          [
            0.070746,
            0.070749,
            -0.024029
          ],
          [
            -0.070746,
            0.070749,
            -0.024029
          ],
          [
            0.0,
            0.0,
            0.077127
          ]
        ],
        "Lattice": [
          [
            5.025196436,
            0.0,
            0.0
          ],
          [
            0.0,
            5.025196436,
            0.0
          ],
          [
            0.0,
            0.0,
            17.427492376
          ]
        ],
        "NumAtoms": 17,
        "Positions": [
          [
            3.7689,
            1.2563,
            0.0
          ],
          [
            3.7689,
            3.7689,
            0.0
          ],
          [
            1.2563,
            1.2563,
            0.0
          ],
          [
            1.2563,
            3.7689,
            0.0
          ],
          [
            0.0,
            0.0,
            1.77656
          ],
          [
            2.5126,
            0.0,
            1.77656
          ],
          [
            0.0,
            2.5126,
            1.77656
          ],
          [
            2.5126,
            2.5126,
            1.77656
          ],
          [
            1.2563,
            1.2563,
            3.6298
          ],
          [
            3.7689,
            1.2563,
            3.72602
          ],
          [
            1.2563,
            3.7689,
            3.57926
          ],
          [
            3.7689,
            3.7689,
            3.6298
          ],
          [
            -0.01388,
            0.01388,
            5.50754
          ],
          [
            2.52648,
            0.01388,
            5.50754
          ],
          [
            -0.01388,
            2.49872,
            5.50754
          ],
          [
            2.52648,
            2.49872,
            5.50754
          ],
          [
            1.2563,
            3.7689,
            6.38025
          ]
        ],
        "Stress": [
          [
            -19.18694,
            0.0,
            0.0
          ],
          [
            0.0,
            -19.18715,
            0.0
          ],
          [
            0.0,
            0.0,
            -11.28338
          ]
        ],
        "computation_code": "VASP",
        "pseudopotential_information": [
          [
            "PAW_PBE",
            "Ni",
            "02Aug2007"
          ],
          [
            "PAW_PBE",
            "Pt",
            "04Feb2005"
          ],
          [
            "PAW_PBE",
            "O",
            "08Apr2002"
          ]
        ]
      }
    ],
    "EnergyStyle": "electronvolt",
    "ForcesStyle": "electronvoltperangstrom",
    "LatticeStyle": "angstrom",
    "PositionsStyle": "angstrom",
    "StressStyle": "kB"
  }
}