{
  "Dataset": {
    "AtomTypeStyle": "chemicalsymbol",
    "Data": [
      {
        "AtomTypes": [
          "Ni",
          "Ni",
          "Ni",
          "Ni",
          "Ni",
          "Ni",
          "Ni",
          "Ni",
          "Ni",
          "Ni",
          "Ni",
          "Ni",
          "Pt",
          "Ni",
          "Ni",
          "Ni",
          "O"
        ],
        "Energy": -80.69174389,
        "Forces": [
          [
            -0.005382,
            -0.004447,
            0.322864
          ],
          [
            0.02018,
            0.02018,
            0.269073
          ],
          [
            -0.014976,
            -0.014976,
            0.277566
          ],
          [
            -0.004447,
            -0.005382,
            0.322864
          ],
          [
            -0.10678,
            -0.10678,
            -0.602047
          ],
          [
            -0.076834,
            -0.058812,
            -0.579754
          ],
          [
            -0.058812,
            -0.076834,
            -0.579754
          ],
          [
            -0.100728,
            -0.100728,
            -0.551567
          ],
          [
            0.012983,
            0.012983,
            0.042165
          ],
          [
            -0.009568,
            -0.021322,
            0.132494
          ],
          [
            -0.021322,
            -0.009568,
            0.132494
          ],
          [
            0.03293,
            0.03293,
            0.095582
          ],
          [
            0.16891,
            0.16891,
            0.156697
          ],
          [
            0.075043,
            0.035195,
            0.3032
          ],
          [
            0.035195,
            0.075043,
            0.3032
          ],
          [
            0.034551,
            0.034551,
            -0.124558
          ],
          [
            0.019058,
            0.019058,
            0.07948
          ]
        ],
        "Lattice": [
          [
            5.025196436,
            0.0,
            0.0
          ],
          [
            0.0,
            5.025196436,
            0.0
          ],
          [
            0.0,
            0.0,
            17.427492376
          ]
        ],
        "NumAtoms": 17,
        "Positions": [
          [
            3.7689,
            1.2563,
            0.0
          ],
          [
            3.7689,
            3.7689,
            0.0
          ],
          [
            1.2563,
            1.2563,
            0.0
          ],
          [
            1.2563,
            3.7689,
            0.0
          ],
          [
            0.0,
            0.0,
            1.77656
          ],
          [
            2.5126,
            0.0,
            1.77656
          ],
          [
            0.0,
            2.5126,
            1.77656
          ],
          [
            2.5126,
            2.5126,
            1.77656
          ],
          [
            1.23522,
            1.23522,
            3.44484
          ],
          [
            3.74284,
            1.25059,
            3.56879
          ],
          [
            1.25059,
            3.74284,
            3.56879
          ],
          [
            3.71085,
            3.71085,
            3.44646
          ],
          [
            -0.32654,
            -0.32654,
            5.4275
          ],
          [
            2.21935,
            0.2268,
            5.40178
          ],
          [
            0.2268,
            2.21935,
            5.40178
          ],
          [
            2.79692,
            2.79692,
            5.52681
          ],
          [
            1.66929,
            1.66929,
            6.43283
          ]
        ],
        "Stress": [
          [
            -20.39247,
            0.4806,
            4.59624
          ],
          [
            0.4806,
            -20.39247,
            4.59624
          ],
          [
            4.59624,
            4.59624,
            -0.21272
          ]
        ],
        "computation_code": "VASP",
        "pseudopotential_information": [
          [
            "PAW_PBE",
            "Ni",
            "02Aug2007"
          ],
          [
            "PAW_PBE",
            "Pt",
            "04Feb2005"
          ],
          [
            "PAW_PBE",
            "O",
            "08Apr2002"
          ]
        ]
      }
    ],
    "EnergyStyle": "electronvolt",
    "ForcesStyle": "electronvoltperangstrom",
    "LatticeStyle": "angstrom",
    "PositionsStyle": "angstrom",
    "StressStyle": "kB"
  }
}