{
  "Dataset": {
    "AtomTypeStyle": "chemicalsymbol",
    "Data": [
      {
        "AtomTypes": [
          "Ni",
          "Ni",
          "Ni",
          "Ni",
          "Ni",
          "Ni",
          "Ni",
          "Ni",
          "Ni",
          "Ni",
          "Pt",
          "Ni",
          "Ni",
          "Ni",
          "Ni",
          "Ni",
          "O",
          "H"
        ],
        "Energy": -84.43807607,
        "Forces": [
          [
            0.059659,
            0.0,
            0.318938
          ],
          [
            0.0005,
            0.0,
            0.321795
          ],
          [
            -0.049551,
            0.0,
            0.336139
          ],
          [
            -0.009631,
            0.0,
            0.217676
          ],
          [
            -0.147314,
            0.163912,
            -0.331125
          ],
          [
            0.156255,
            0.200966,
            -0.296352
          ],
          [
            -0.147314,
            -0.163912,
            -0.331125
          ],
          [
            0.156255,
            -0.200966,
            -0.296352
          ],
          [
            -0.016305,
            0.0,
            0.016693
          ],
          [
            -0.003357,
            0.0,
            -0.037907
          ],
          [
            0.015734,
            0.0,
            -0.028852
          ],
          [
            -0.016329,
            0.0,
            0.003555
          ],
          [
            -0.008026,
            -0.000292,
            0.007171
          ],
          [
            0.016378,
            0.013224,
            0.025381
          ],
          [
            -0.008026,
            0.000292,
            0.007171
          ],
          [
            0.016378,
            -0.013224,
            0.025381
          ],
          [
            -0.043521,
            0.0,
            -0.022697
          ],
          [
            0.028214,
            0.0,
            0.064511
          ]
        ],
        "Lattice": [
          [
            5.025196436,
            0.0,
            0.0
          ],
          [
            0.0,
            5.025196436,
            0.0
          ],
          [
            0.0,
            0.0,
            17.427492376
          ]
        ],
        "NumAtoms": 18,
        "Positions": [
          [
            3.7689,
            1.2563,
            0.0
          ],
          [
            3.7689,
            3.7689,
            0.0
          ],
          [
            1.2563,
            1.2563,
            0.0
          ],
          [
            1.2563,
            3.7689,
            0.0
          ],
          [
            0.0,
            0.0,
            1.77656
          ],
          [
            2.5126,
            0.0,
            1.77656
          ],
          [
            0.0,
            2.5126,
            1.77656
          ],
          [
            2.5126,
            2.5126,
            1.77656
          ],
          [
            1.27533,
            1.2563,
            3.64199
          ],
          [
            3.73992,
            1.2563,
            3.62042
          ],
          [
            1.25959,
            3.7689,
            3.65884
          ],
          [
            3.75881,
            3.7689,
            3.62043
          ],
          [
            4.96819,
            0.05472,
            5.35686
          ],
          [
            2.52861,
            0.04573,
            5.53724
          ],
          [
            4.96819,
            2.45788,
            5.35686
          ],
          [
            2.52861,
            2.46687,
            5.53724
          ],
          [
            2.44233,
            3.7689,
            6.99648
          ],
          [
            3.27791,
            3.7689,
            7.50223
          ]
        ],
        "Stress": [
          [
            -8.72937,
            0.0,
            0.08836
          ],
          [
            0.0,
            -11.86666,
            0.0
          ],
          [
            0.08836,
            0.0,
            -11.20012
          ]
        ],
        "computation_code": "VASP",
        "pseudopotential_information": [
          [
            "PAW_PBE",
            "Ni",
            "02Aug2007"
          ],
          [
            "PAW_PBE",
            "Pt",
            "04Feb2005"
          ],
          [
            "PAW_PBE",
            "O",
            "08Apr2002"
          ],
          [
            "PAW_PBE",
            "H",
            "15Jun2001"
          ]
        ]
      }
    ],
    "EnergyStyle": "electronvolt",
    "ForcesStyle": "electronvoltperangstrom",
    "LatticeStyle": "angstrom",
    "PositionsStyle": "angstrom",
    "StressStyle": "kB"
  }
}