{
  "Dataset": {
    "AtomTypeStyle": "chemicalsymbol",
    "Data": [
      {
        "AtomTypes": [
          "Ni",
          "Ni",
          "Ni",
          "Ni",
          "Ni",
          "Ni",
          "Ni",
          "Ni",
          "Ni",
          "Ni",
          "Ni",
          "Ni",
          "Ni",
          "Pt",
          "Ni",
          "Ni",
          "Ni",
          "Ni",
          "Ni",
          "Ni",
          "H"
        ],
        "Energy": -94.70033636,
        "Forces": [
          [
            -0.00141,
            -0.006781,
            0.58678
          ],
          [
            0.008502,
            -0.019687,
            0.573899
          ],
          [
            -0.00141,
            0.006781,
            0.58678
          ],
          [
            0.008502,
            0.019687,
            0.573899
          ],
          [
            -0.040394,
            0.0,
            -0.600491
          ],
          [
            0.075064,
            0.0,
            -0.512062
          ],
          [
            -0.01002,
            0.0,
            -0.67939
          ],
          [
            0.051887,
            0.0,
            -0.514142
          ],
          [
            -0.006645,
            -0.018008,
            0.021649
          ],
          [
            -0.011221,
            0.029705,
            -0.024064
          ],
          [
            -0.006645,
            0.018008,
            0.021649
          ],
          [
            -0.011221,
            -0.029705,
            -0.024064
          ],
          [
            0.006599,
            0.0,
            0.00368
          ],
          [
            0.029099,
            0.0,
            0.001299
          ],
          [
            -0.025984,
            0.0,
            0.001129
          ],
          [
            0.005009,
            0.0,
            -0.02698
          ],
          [
            -0.008111,
            -0.016975,
            0.001363
          ],
          [
            -0.001325,
            -0.023457,
            0.011826
          ],
          [
            -0.008111,
            0.016975,
            0.001363
          ],
          [
            -0.001325,
            0.023457,
            0.011826
          ],
          [
            -0.050841,
            0.0,
            -0.015946
          ]
        ],
        "Lattice": [
          [
            7.106,
            0.0,
            0.0
          ],
          [
            0.0,
            5.024699515,
            0.0
          ],
          [
            0.0,
            0.0,
            17.703958439
          ]
        ],
        "NumAtoms": 21,
        "Positions": [
          [
            0.0,
            2.51235,
            0.0
          ],
          [
            3.553,
            2.51235,
            0.0
          ],
          [
            0.0,
            0.0,
            0.0
          ],
          [
            3.553,
            0.0,
            0.0
          ],
          [
            1.7765,
            3.76852,
            1.25617
          ],
          [
            5.3295,
            3.76852,
            1.25617
          ],
          [
            1.7765,
            1.25618,
            1.25617
          ],
          [
            5.3295,
            1.25618,
            1.25617
          ],
          [
            6e-05,
            0.00954,
            2.48498
          ],
          [
            3.56071,
            0.00565,
            2.47168
          ],
          [
            6e-05,
            2.5028,
            2.48498
          ],
          [
            3.56071,
            2.5067,
            2.47168
          ],
          [
            1.80604,
            3.76852,
            3.751
          ],
          [
            5.3068,
            3.76852,
            3.97243
          ],
          [
            1.79857,
            1.25618,
            3.73359
          ],
          [
            5.32829,
            1.25618,
            3.87924
          ],
          [
            0.13452,
            2.49269,
            4.95052
          ],
          [
            3.43005,
            2.47394,
            5.03805
          ],
          [
            0.13452,
            0.01966,
            4.95052
          ],
          [
            3.43005,
            0.03841,
            5.03805
          ],
          [
            3.44434,
            1.25617,
            6.11862
          ]
        ],
        "Stress": [
          [
            -14.37083,
            0.0,
            -0.84852
          ],
          [
            0.0,
            -10.84616,
            0.0
          ],
          [
            -0.84852,
            0.0,
            -9.88479
          ]
        ],
        "computation_code": "VASP",
        "pseudopotential_information": [
          [
            "PAW_PBE",
            "Ni",
            "02Aug2007"
          ],
          [
            "PAW_PBE",
            "Pt",
            "04Feb2005"
          ],
          [
            "PAW_PBE",
            "H",
            "15Jun2001"
          ]
        ]
      }
    ],
    "EnergyStyle": "electronvolt",
    "ForcesStyle": "electronvoltperangstrom",
    "LatticeStyle": "angstrom",
    "PositionsStyle": "angstrom",
    "StressStyle": "kB"
  }
}