{
  "Dataset": {
    "AtomTypeStyle": "chemicalsymbol",
    "Data": [
      {
        "AtomTypes": [
          "Ni",
          "Ni",
          "Ni",
          "Ni",
          "Ni",
          "Ni",
          "Ni",
          "Ni",
          "Ni",
          "Ni",
          "Ni",
          "Ni",
          "Pt",
          "Ni",
          "Ni",
          "Ni",
          "O"
        ],
        "Energy": -80.78196175,
        "Forces": [
          [
            0.000612,
            -0.005876,
            0.346742
          ],
          [
            0.014794,
            0.014794,
            0.291616
          ],
          [
            -0.007008,
            -0.007008,
            0.302577
          ],
          [
            -0.005876,
            0.000612,
            0.346742
          ],
          [
            -0.011805,
            -0.011805,
            -0.361646
          ],
          [
            -0.06631,
            0.0213,
            -0.298863
          ],
          [
            0.0213,
            -0.06631,
            -0.298863
          ],
          [
            -0.06732,
            -0.06732,
            -0.204505
          ],
          [
            0.004181,
            0.004181,
            -0.004603
          ],
          [
            0.018642,
            0.010515,
            -0.031331
          ],
          [
            0.010515,
            0.018642,
            -0.031331
          ],
          [
            0.019055,
            0.019055,
            -0.010855
          ],
          [
            0.02238,
            0.02238,
            -0.001832
          ],
          [
            0.04123,
            -0.008406,
            -0.010763
          ],
          [
            -0.008406,
            0.04123,
            -0.010763
          ],
          [
            0.011384,
            0.011384,
            -0.018918
          ],
          [
            0.002632,
            0.002632,
            -0.003403
          ]
        ],
        "Lattice": [
          [
            5.025196436,
            0.0,
            0.0
          ],
          [
            0.0,
            5.025196436,
            0.0
          ],
          [
            0.0,
            0.0,
            17.427492376
          ]
        ],
        "NumAtoms": 17,
        "Positions": [
          [
            3.7689,
            1.2563,
            0.0
          ],
          [
            3.7689,
            3.7689,
            0.0
          ],
          [
            1.2563,
            1.2563,
            0.0
          ],
          [
            1.2563,
            3.7689,
            0.0
          ],
          [
            0.0,
            0.0,
            1.77656
          ],
          [
            2.5126,
            0.0,
            1.77656
          ],
          [
            0.0,
            2.5126,
            1.77656
          ],
          [
            2.5126,
            2.5126,
            1.77656
          ],
          [
            1.23023,
            1.23023,
            3.51534
          ],
          [
            3.74213,
            1.29166,
            3.63498
          ],
          [
            1.29166,
            3.74213,
            3.63498
          ],
          [
            3.74843,
            3.74843,
            3.48255
          ],
          [
            -0.23517,
            -0.23517,
            5.45569
          ],
          [
            2.29517,
            0.33284,
            5.55459
          ],
          [
            0.33284,
            2.29517,
            5.55459
          ],
          [
            2.8961,
            2.8961,
            5.59635
          ],
          [
            1.79582,
            1.79582,
            6.5725
          ]
        ],
        "Stress": [
          [
            -28.27744,
            0.10946,
            1.27809
          ],
          [
            0.10946,
            -28.27744,
            1.27809
          ],
          [
            1.27809,
            1.27809,
            -14.30012
          ]
        ],
        "computation_code": "VASP",
        "pseudopotential_information": [
          [
            "PAW_PBE",
            "Ni",
            "02Aug2007"
          ],
          [
            "PAW_PBE",
            "Pt",
            "04Feb2005"
          ],
          [
            "PAW_PBE",
            "O",
            "08Apr2002"
          ]
        ]
      }
    ],
    "EnergyStyle": "electronvolt",
    "ForcesStyle": "electronvoltperangstrom",
    "LatticeStyle": "angstrom",
    "PositionsStyle": "angstrom",
    "StressStyle": "kB"
  }
}