{
  "Dataset": {
    "AtomTypeStyle": "chemicalsymbol",
    "Data": [
      {
        "AtomTypes": [
          "Ni",
          "Ni",
          "Ni",
          "Ni",
          "Ni",
          "Ni",
          "Ni",
          "Ni",
          "Ni",
          "Ni",
          "Ni",
          "Ni",
          "Ni",
          "Ni",
          "Pt",
          "Ni",
          "Ni",
          "Ni",
          "Ni",
          "Ni",
          "O",
          "H"
        ],
        "Energy": -101.73898757,
        "Forces": [
          [
            0.003523,
            -0.018348,
            0.578383
          ],
          [
            -0.008114,
            -0.002646,
            0.585186
          ],
          [
            0.003523,
            0.018348,
            0.578383
          ],
          [
            -0.008114,
            0.002646,
            0.585186
          ],
          [
            0.017082,
            0.0,
            -0.502727
          ],
          [
            -0.065438,
            0.0,
            -0.602056
          ],
          [
            0.028823,
            0.0,
            -0.67104
          ],
          [
            -0.088471,
            0.0,
            -0.626029
          ],
          [
            -0.009414,
            -0.03453,
            -0.007403
          ],
          [
            0.030019,
            -0.073081,
            0.000506
          ],
          [
            -0.009414,
            0.03453,
            -0.007403
          ],
          [
            0.030019,
            0.073081,
            0.000506
          ],
          [
            0.017354,
            0.0,
            0.023103
          ],
          [
            -0.077617,
            0.0,
            -0.023887
          ],
          [
            -0.077919,
            0.0,
            0.061051
          ],
          [
            0.009326,
            0.0,
            0.012076
          ],
          [
            0.042983,
            -0.066837,
            -0.023793
          ],
          [
            0.014572,
            0.031831,
            -0.01597
          ],
          [
            0.042983,
            0.066837,
            -0.023793
          ],
          [
            0.014572,
            -0.031831,
            -0.01597
          ],
          [
            -0.041655,
            0.0,
            0.012334
          ],
          [
            0.131378,
            0.0,
            0.083359
          ]
        ],
        "Lattice": [
          [
            7.106,
            0.0,
            0.0
          ],
          [
            0.0,
            5.024699515,
            0.0
          ],
          [
            0.0,
            0.0,
            17.703958439
          ]
        ],
        "NumAtoms": 22,
        "Positions": [
          [
            0.0,
            2.51235,
            0.0
          ],
          [
            3.553,
            2.51235,
            0.0
          ],
          [
            0.0,
            0.0,
            0.0
          ],
          [
            3.553,
            0.0,
            0.0
          ],
          [
            1.7765,
            3.76852,
            1.25617
          ],
          [
            5.3295,
            3.76852,
            1.25617
          ],
          [
            1.7765,
            1.25618,
            1.25617
          ],
          [
            5.3295,
            1.25618,
            1.25617
          ],
          [
            7.09109,
            5.01162,
            2.4785
          ],
          [
            3.55371,
            5.01338,
            2.49889
          ],
          [
            7.09109,
            2.52543,
            2.4785
          ],
          [
            3.55371,
            2.52367,
            2.49889
          ],
          [
            1.80397,
            3.76852,
            3.8726
          ],
          [
            5.29638,
            3.76852,
            3.771
          ],
          [
            1.75888,
            1.25618,
            3.88912
          ],
          [
            5.31967,
            1.25618,
            3.75284
          ],
          [
            -0.114,
            2.54722,
            4.95145
          ],
          [
            3.64629,
            2.52524,
            5.0895
          ],
          [
            -0.114,
            4.98983,
            4.95145
          ],
          [
            3.64629,
            5.01181,
            5.0895
          ],
          [
            3.65424,
            1.25617,
            6.5654
          ],
          [
            4.52173,
            1.25617,
            7.00854
          ]
        ],
        "Stress": [
          [
            -14.61102,
            0.0,
            1.89151
          ],
          [
            0.0,
            -12.09437,
            0.0
          ],
          [
            1.89151,
            0.0,
            -10.20414
          ]
        ],
        "computation_code": "VASP",
        "pseudopotential_information": [
          [
            "PAW_PBE",
            "Ni",
            "02Aug2007"
          ],
          [
            "PAW_PBE",
            "Pt",
            "04Feb2005"
          ],
          [
            "PAW_PBE",
            "O",
            "08Apr2002"
          ],
          [
            "PAW_PBE",
            "H",
            "15Jun2001"
          ]
        ]
      }
    ],
    "EnergyStyle": "electronvolt",
    "ForcesStyle": "electronvoltperangstrom",
    "LatticeStyle": "angstrom",
    "PositionsStyle": "angstrom",
    "StressStyle": "kB"
  }
}