{
  "Dataset": {
    "AtomTypeStyle": "chemicalsymbol",
    "Data": [
      {
        "AtomTypes": [
          "Ni",
          "Ni",
          "Ni",
          "Ni",
          "Ni",
          "Ni",
          "Ni",
          "Ni",
          "Ni",
          "Ni",
          "Ni",
          "Ni",
          "Ni",
          "Ni",
          "Pt",
          "Ni",
          "Ni",
          "Ni",
          "Ni",
          "Ni",
          "H"
        ],
        "Energy": -94.62096613,
        "Forces": [
          [
            0.000925,
            -0.007154,
            0.599285
          ],
          [
            -0.012274,
            -0.029318,
            0.579876
          ],
          [
            0.000925,
            0.007154,
            0.599285
          ],
          [
            -0.012274,
            0.029318,
            0.579876
          ],
          [
            -0.082414,
            0.0,
            -0.507969
          ],
          [
            0.055705,
            0.0,
            -0.659062
          ],
          [
            -0.039351,
            0.0,
            -0.522092
          ],
          [
            0.019397,
            0.0,
            -0.595896
          ],
          [
            -0.013044,
            0.011471,
            -0.020048
          ],
          [
            0.006625,
            0.030672,
            -0.00868
          ],
          [
            -0.013044,
            -0.011471,
            -0.020048
          ],
          [
            0.006625,
            -0.030672,
            -0.00868
          ],
          [
            -0.011181,
            0.0,
            0.012155
          ],
          [
            0.016727,
            0.0,
            0.01464
          ],
          [
            0.019907,
            0.0,
            -0.01811
          ],
          [
            -0.003031,
            0.0,
            0.042067
          ],
          [
            -0.02825,
            -0.036806,
            -0.033499
          ],
          [
            0.022243,
            -0.102051,
            0.030029
          ],
          [
            -0.02825,
            0.036806,
            -0.033499
          ],
          [
            0.022243,
            0.102051,
            0.030029
          ],
          [
            0.071791,
            0.0,
            -0.059658
          ]
        ],
        "Lattice": [
          [
            7.106,
            0.0,
            0.0
          ],
          [
            0.0,
            5.024699515,
            0.0
          ],
          [
            0.0,
            0.0,
            17.703958439
          ]
        ],
        "NumAtoms": 21,
        "Positions": [
          [
            0.0,
            2.51235,
            0.0
          ],
          [
            3.553,
            2.51235,
            0.0
          ],
          [
            0.0,
            0.0,
            0.0
          ],
          [
            3.553,
            0.0,
            0.0
          ],
          [
            1.7765,
            3.76852,
            1.25617
          ],
          [
            5.3295,
            3.76852,
            1.25617
          ],
          [
            1.7765,
            1.25618,
            1.25617
          ],
          [
            5.3295,
            1.25618,
            1.25617
          ],
          [
            -0.00075,
            5.01233,
            2.49073
          ],
          [
            3.54794,
            5.01036,
            2.47226
          ],
          [
            -0.00075,
            2.52472,
            2.49073
          ],
          [
            3.54794,
            2.52669,
            2.47226
          ],
          [
            1.79563,
            3.76852,
            3.88322
          ],
          [
            5.29929,
            3.76852,
            3.74287
          ],
          [
            1.7636,
            1.25618,
            3.95156
          ],
          [
            5.31811,
            1.25618,
            3.75002
          ],
          [
            -0.1303,
            2.54698,
            4.96605
          ],
          [
            3.66641,
            2.51917,
            5.03402
          ],
          [
            -0.1303,
            4.99007,
            4.96605
          ],
          [
            3.66641,
            -0.00682,
            5.03402
          ],
          [
            3.63431,
            1.25617,
            6.08004
          ]
        ],
        "Stress": [
          [
            -14.16271,
            0.0,
            0.93648
          ],
          [
            0.0,
            -12.22477,
            0.0
          ],
          [
            0.93648,
            0.0,
            -10.47233
          ]
        ],
        "computation_code": "VASP",
        "pseudopotential_information": [
          [
            "PAW_PBE",
            "Ni",
            "02Aug2007"
          ],
          [
            "PAW_PBE",
            "Pt",
            "04Feb2005"
          ],
          [
            "PAW_PBE",
            "H",
            "15Jun2001"
          ]
        ]
      }
    ],
    "EnergyStyle": "electronvolt",
    "ForcesStyle": "electronvoltperangstrom",
    "LatticeStyle": "angstrom",
    "PositionsStyle": "angstrom",
    "StressStyle": "kB"
  }
}