{
  "Dataset": {
    "AtomTypeStyle": "chemicalsymbol",
    "Data": [
      {
        "AtomTypes": [
          "Ni",
          "Ni",
          "Ni",
          "Ni",
          "Ni",
          "Ni",
          "Ni",
          "Ni",
          "Ni",
          "Ni",
          "Ni",
          "Ni",
          "Mo",
          "Ni",
          "Ni",
          "Ni",
          "O",
          "H"
        ],
        "Energy": -89.06400081,
        "Forces": [
          [
            0.018814,
            0.006024,
            0.321743
          ],
          [
            0.004236,
            -0.014206,
            0.352495
          ],
          [
            -0.015142,
            0.041922,
            0.36535
          ],
          [
            -0.000453,
            -0.026013,
            0.350957
          ],
          [
            -0.073397,
            0.03948,
            -0.263298
          ],
          [
            0.017187,
            0.032789,
            -0.34294
          ],
          [
            -0.08493,
            -0.038549,
            -0.314282
          ],
          [
            0.122176,
            -0.056236,
            -0.467796
          ],
          [
            0.006446,
            0.003864,
            -0.000643
          ],
          [
            0.003103,
            -0.005367,
            0.003355
          ],
          [
            -0.00159,
            -0.00052,
            0.004372
          ],
          [
            0.004158,
            0.002293,
            0.001061
          ],
          [
            0.019841,
            0.003177,
            0.02416
          ],
          [
            -0.013782,
            0.004094,
            -0.004488
          ],
          [
            0.0024,
            -0.003075,
            -0.004544
          ],
          [
            0.000248,
            0.005455,
            0.002007
          ],
          [
            -0.012604,
            0.011265,
            -0.002958
          ],
          [
            0.003289,
            -0.006396,
            -0.024551
          ]
        ],
        "Lattice": [
          [
            5.025196436,
            0.0,
            0.0
          ],
          [
            0.0,
            5.025196436,
            0.0
          ],
          [
            0.0,
            0.0,
            17.427492376
          ]
        ],
        "NumAtoms": 18,
        "Positions": [
          [
            3.7689,
            1.2563,
            0.0
          ],
          [
            3.7689,
            3.7689,
            0.0
          ],
          [
            1.2563,
            1.2563,
            0.0
          ],
          [
            1.2563,
            3.7689,
            0.0
          ],
          [
            0.0,
            0.0,
            1.77656
          ],
          [
            2.5126,
            0.0,
            1.77656
          ],
          [
            0.0,
            2.5126,
            1.77656
          ],
          [
            2.5126,
            2.5126,
            1.77656
          ],
          [
            1.25706,
            1.2061,
            3.61754
          ],
          [
            3.75991,
            1.26367,
            3.56335
          ],
          [
            1.23742,
            3.7566,
            3.5349
          ],
          [
            3.74889,
            3.81777,
            3.59922
          ],
          [
            0.55356,
            4.90938,
            5.51089
          ],
          [
            3.24634,
            0.22482,
            5.7304
          ],
          [
            4.87926,
            2.48307,
            5.33923
          ],
          [
            2.40551,
            2.61047,
            5.2858
          ],
          [
            1.76184,
            0.04161,
            7.13665
          ],
          [
            1.62424,
            0.86939,
            7.64106
          ]
        ],
        "Stress": [
          [
            -33.52401,
            -0.67086,
            -0.0353
          ],
          [
            -0.67086,
            -40.9241,
            0.32217
          ],
          [
            -0.0353,
            0.32217,
            -16.82379
          ]
        ],
        "computation_code": "VASP",
        "pseudopotential_information": [
          [
            "PAW_PBE",
            "Ni",
            "02Aug2007"
          ],
          [
            "PAW_PBE",
            "Mo",
            "08Apr2002"
          ],
          [
            "PAW_PBE",
            "O",
            "08Apr2002"
          ],
          [
            "PAW_PBE",
            "H",
            "15Jun2001"
          ]
        ]
      }
    ],
    "EnergyStyle": "electronvolt",
    "ForcesStyle": "electronvoltperangstrom",
    "LatticeStyle": "angstrom",
    "PositionsStyle": "angstrom",
    "StressStyle": "kB"
  }
}