{
  "Dataset": {
    "AtomTypeStyle": "chemicalsymbol",
    "Data": [
      {
        "AtomTypes": [
          "Ni",
          "Ni",
          "Ni",
          "Ni",
          "Ni",
          "Ni",
          "Ni",
          "Ni",
          "Ni",
          "Ni",
          "Ni",
          "Ni",
          "Mo",
          "Ni",
          "Ni",
          "Ni",
          "O",
          "H"
        ],
        "Energy": -89.06254198,
        "Forces": [
          [
            0.019009,
            0.005423,
            0.323772
          ],
          [
            0.00501,
            -0.015155,
            0.351281
          ],
          [
            -0.014993,
            0.040732,
            0.366475
          ],
          [
            -0.000564,
            -0.027871,
            0.351684
          ],
          [
            -0.071844,
            0.027876,
            -0.258146
          ],
          [
            0.013233,
            0.020537,
            -0.338473
          ],
          [
            -0.089418,
            -0.033218,
            -0.307122
          ],
          [
            0.123961,
            -0.046024,
            -0.462874
          ],
          [
            -0.004025,
            -0.028841,
            0.004122
          ],
          [
            0.006272,
            0.030315,
            0.005639
          ],
          [
            0.000962,
            0.015403,
            -0.030875
          ],
          [
            0.008223,
            -0.02565,
            -0.011776
          ],
          [
            0.038348,
            -0.00148,
            0.062312
          ],
          [
            -0.020631,
            -0.003674,
            0.025234
          ],
          [
            -0.000759,
            0.003297,
            -0.00628
          ],
          [
            0.01428,
            -0.005077,
            0.006136
          ],
          [
            -0.05597,
            0.106231,
            -0.043308
          ],
          [
            0.028906,
            -0.062823,
            -0.037801
          ]
        ],
        "Lattice": [
          [
            5.025196436,
            0.0,
            0.0
          ],
          [
            0.0,
            5.025196436,
            0.0
          ],
          [
            0.0,
            0.0,
            17.427492376
          ]
        ],
        "NumAtoms": 18,
        "Positions": [
          [
            3.7689,
            1.2563,
            0.0
          ],
          [
            3.7689,
            3.7689,
            0.0
          ],
          [
            1.2563,
            1.2563,
            0.0
          ],
          [
            1.2563,
            3.7689,
            0.0
          ],
          [
            0.0,
            0.0,
            1.77656
          ],
          [
            2.5126,
            0.0,
            1.77656
          ],
          [
            0.0,
            2.5126,
            1.77656
          ],
          [
            2.5126,
            2.5126,
            1.77656
          ],
          [
            1.25786,
            1.20985,
            3.61403
          ],
          [
            3.75915,
            1.25881,
            3.56215
          ],
          [
            1.23531,
            3.75635,
            3.54019
          ],
          [
            3.74737,
            3.81799,
            3.60359
          ],
          [
            0.55632,
            4.91214,
            5.51146
          ],
          [
            3.24557,
            0.22213,
            5.72974
          ],
          [
            4.87668,
            2.47459,
            5.34087
          ],
          [
            2.401,
            2.60473,
            5.28692
          ],
          [
            1.76439,
            0.01588,
            7.14537
          ],
          [
            1.61877,
            0.84604,
            7.64695
          ]
        ],
        "Stress": [
          [
            -28.52543,
            -0.71206,
            0.03771
          ],
          [
            -0.71206,
            -35.96304,
            0.57083
          ],
          [
            0.03771,
            0.57083,
            -11.72454
          ]
        ],
        "computation_code": "VASP",
        "pseudopotential_information": [
          [
            "PAW_PBE",
            "Ni",
            "02Aug2007"
          ],
          [
            "PAW_PBE",
            "Mo",
            "08Apr2002"
          ],
          [
            "PAW_PBE",
            "O",
            "08Apr2002"
          ],
          [
            "PAW_PBE",
            "H",
            "15Jun2001"
          ]
        ]
      }
    ],
    "EnergyStyle": "electronvolt",
    "ForcesStyle": "electronvoltperangstrom",
    "LatticeStyle": "angstrom",
    "PositionsStyle": "angstrom",
    "StressStyle": "kB"
  }
}