{
  "Dataset": {
    "AtomTypeStyle": "chemicalsymbol",
    "Data": [
      {
        "AtomTypes": [
          "Ni",
          "Ni",
          "Ni",
          "Ni",
          "Ni",
          "Ni",
          "Ni",
          "Ni",
          "Ni",
          "Ni",
          "Mo",
          "Ni",
          "Ni",
          "Ni",
          "Ni",
          "Ni",
          "O",
          "H"
        ],
        "Energy": -89.12232937,
        "Forces": [
          [
            0.011551,
            -0.0,
            -0.087179
          ],
          [
            0.002204,
            -0.0,
            0.284727
          ],
          [
            -0.023205,
            -0.0,
            0.342901
          ],
          [
            -0.000422,
            -0.0,
            0.288666
          ],
          [
            -0.010747,
            0.05915,
            -0.140638
          ],
          [
            -0.003118,
            0.085114,
            -0.247028
          ],
          [
            -0.010747,
            -0.05915,
            -0.140638
          ],
          [
            -0.003118,
            -0.085114,
            -0.247028
          ],
          [
            0.001296,
            -0.0,
            0.022583
          ],
          [
            -0.000267,
            -0.0,
            -0.011271
          ],
          [
            0.007082,
            -0.0,
            0.017982
          ],
          [
            0.01,
            -0.0,
            -0.003026
          ],
          [
            0.004355,
            0.004718,
            -0.015486
          ],
          [
            0.000571,
            0.027413,
            -0.015522
          ],
          [
            0.004355,
            -0.004718,
            -0.015486
          ],
          [
            0.000571,
            -0.027413,
            -0.015522
          ],
          [
            -0.019577,
            -0.0,
            -0.022365
          ],
          [
            0.029216,
            -0.0,
            0.004329
          ]
        ],
        "Lattice": [
          [
            5.025196436,
            0.0,
            0.0
          ],
          [
            0.0,
            5.025196436,
            0.0
          ],
          [
            0.0,
            0.0,
            17.427492376
          ]
        ],
        "NumAtoms": 18,
        "Positions": [
          [
            3.7689,
            1.2563,
            0.0
          ],
          [
            3.7689,
            3.7689,
            0.0
          ],
          [
            1.2563,
            1.2563,
            0.0
          ],
          [
            1.2563,
            3.7689,
            0.0
          ],
          [
            0.0,
            0.0,
            1.77656
          ],
          [
            2.5126,
            0.0,
            1.77656
          ],
          [
            0.0,
            2.5126,
            1.77656
          ],
          [
            2.5126,
            2.5126,
            1.77656
          ],
          [
            1.28825,
            1.2563,
            3.61056
          ],
          [
            3.74125,
            1.2563,
            3.61021
          ],
          [
            1.24571,
            3.7689,
            3.63536
          ],
          [
            3.73836,
            3.7689,
            3.57783
          ],
          [
            4.99997,
            0.01917,
            5.29985
          ],
          [
            2.48627,
            -0.00027,
            5.48403
          ],
          [
            4.99997,
            2.49343,
            5.29985
          ],
          [
            2.48627,
            2.51287,
            5.48403
          ],
          [
            2.56958,
            3.7689,
            6.98448
          ],
          [
            3.46747,
            3.7689,
            7.37317
          ]
        ],
        "Stress": [
          [
            -12.1943,
            0.0,
            0.64621
          ],
          [
            0.0,
            -17.13119,
            0.0
          ],
          [
            0.64621,
            0.0,
            -11.39081
          ]
        ],
        "computation_code": "VASP",
        "pseudopotential_information": [
          [
            "PAW_PBE",
            "Ni",
            "02Aug2007"
          ],
          [
            "PAW_PBE",
            "Mo",
            "08Apr2002"
          ],
          [
            "PAW_PBE",
            "O",
            "08Apr2002"
          ],
          [
            "PAW_PBE",
            "H",
            "15Jun2001"
          ]
        ]
      }
    ],
    "EnergyStyle": "electronvolt",
    "ForcesStyle": "electronvoltperangstrom",
    "LatticeStyle": "angstrom",
    "PositionsStyle": "angstrom",
    "StressStyle": "kB"
  }
}