{
  "Dataset": {
    "AtomTypeStyle": "chemicalsymbol",
    "Data": [
      {
        "AtomTypes": [
          "Ni",
          "Ni",
          "Ni",
          "Ni",
          "Ni",
          "Ni",
          "Ni",
          "Ni",
          "Ni",
          "Ni",
          "Mo",
          "Ni",
          "Ni",
          "Ni",
          "Ni",
          "Ni",
          "O",
          "H"
        ],
        "Energy": -89.12155753,
        "Forces": [
          [
            0.011777,
            0.0,
            -0.085908
          ],
          [
            0.002316,
            0.0,
            0.286902
          ],
          [
            -0.023093,
            0.0,
            0.344022
          ],
          [
            -3e-06,
            0.0,
            0.288456
          ],
          [
            -0.005998,
            0.058665,
            -0.142775
          ],
          [
            -0.011084,
            0.083616,
            -0.233066
          ],
          [
            -0.005998,
            -0.058665,
            -0.142775
          ],
          [
            -0.011084,
            -0.083616,
            -0.233066
          ],
          [
            0.030448,
            0.0,
            -0.001806
          ],
          [
            -0.03485,
            0.0,
            -0.012402
          ],
          [
            0.030746,
            0.0,
            0.019377
          ],
          [
            -0.029316,
            0.0,
            -0.001959
          ],
          [
            0.029179,
            -0.008306,
            -0.010259
          ],
          [
            -0.01179,
            -0.034451,
            0.003895
          ],
          [
            0.029179,
            0.008306,
            -0.010259
          ],
          [
            -0.01179,
            0.034451,
            0.003895
          ],
          [
            0.100576,
            0.0,
            -0.020693
          ],
          [
            -0.089214,
            0.0,
            -0.05158
          ]
        ],
        "Lattice": [
          [
            5.025196436,
            0.0,
            0.0
          ],
          [
            0.0,
            5.025196436,
            0.0
          ],
          [
            0.0,
            0.0,
            17.427492376
          ]
        ],
        "NumAtoms": 18,
        "Positions": [
          [
            3.7689,
            1.2563,
            0.0
          ],
          [
            3.7689,
            3.7689,
            0.0
          ],
          [
            1.2563,
            1.2563,
            0.0
          ],
          [
            1.2563,
            3.7689,
            0.0
          ],
          [
            0.0,
            0.0,
            1.77656
          ],
          [
            2.5126,
            0.0,
            1.77656
          ],
          [
            0.0,
            2.5126,
            1.77656
          ],
          [
            2.5126,
            2.5126,
            1.77656
          ],
          [
            1.28359,
            1.2563,
            3.6146
          ],
          [
            3.74214,
            1.2563,
            3.60934
          ],
          [
            1.24348,
            3.7689,
            3.63755
          ],
          [
            3.74096,
            3.7689,
            3.57754
          ],
          [
            4.99444,
            0.0203,
            5.30191
          ],
          [
            2.48551,
            0.00381,
            5.48496
          ],
          [
            4.99444,
            2.4923,
            5.30191
          ],
          [
            2.48551,
            2.50879,
            5.48496
          ],
          [
            2.56013,
            3.7689,
            6.98851
          ],
          [
            3.45856,
            3.7689,
            7.38307
          ]
        ],
        "Stress": [
          [
            -12.91688,
            0.0,
            0.71052
          ],
          [
            0.0,
            -17.49098,
            0.0
          ],
          [
            0.71052,
            0.0,
            -12.02846
          ]
        ],
        "computation_code": "VASP",
        "pseudopotential_information": [
          [
            "PAW_PBE",
            "Ni",
            "02Aug2007"
          ],
          [
            "PAW_PBE",
            "Mo",
            "08Apr2002"
          ],
          [
            "PAW_PBE",
            "O",
            "08Apr2002"
          ],
          [
            "PAW_PBE",
            "H",
            "15Jun2001"
          ]
        ]
      }
    ],
    "EnergyStyle": "electronvolt",
    "ForcesStyle": "electronvoltperangstrom",
    "LatticeStyle": "angstrom",
    "PositionsStyle": "angstrom",
    "StressStyle": "kB"
  }
}