{
  "Dataset": {
    "AtomTypeStyle": "chemicalsymbol",
    "Data": [
      {
        "AtomTypes": [
          "Ni",
          "Ni",
          "Ni",
          "Ni",
          "Ni",
          "Ni",
          "Ni",
          "Ni",
          "Ni",
          "Ni",
          "Mo",
          "Ni",
          "Ni",
          "Ni",
          "Ni",
          "Ni",
          "O"
        ],
        "Energy": -85.3724594,
        "Forces": [
          [
            -0.0,
            0.0,
            -0.210078
          ],
          [
            -0.0,
            0.0,
            0.346165
          ],
          [
            -0.0,
            0.0,
            0.346071
          ],
          [
            -0.0,
            0.0,
            0.239151
          ],
          [
            -0.112217,
            0.112222,
            -0.1822
          ],
          [
            0.112217,
            0.112222,
            -0.1822
          ],
          [
            -0.112217,
            -0.112222,
            -0.1822
          ],
          [
            0.112217,
            -0.112222,
            -0.1822
          ],
          [
            -0.0,
            0.0,
            -0.010284
          ],
          [
            -0.0,
            0.0,
            0.004561
          ],
          [
            -0.0,
            0.0,
            0.013104
          ],
          [
            -0.0,
            0.0,
            -0.010287
          ],
          [
            -0.002613,
            0.002618,
            0.002778
          ],
          [
            0.002613,
            0.002618,
            0.002778
          ],
          [
            -0.002613,
            -0.002618,
            0.002778
          ],
          [
            0.002613,
            -0.002618,
            0.002778
          ],
          [
            -0.0,
            0.0,
            -0.000718
          ]
        ],
        "Lattice": [
          [
            5.025196436,
            0.0,
            0.0
          ],
          [
            0.0,
            5.025196436,
            0.0
          ],
          [
            0.0,
            0.0,
            17.427492376
          ]
        ],
        "NumAtoms": 17,
        "Positions": [
          [
            3.7689,
            1.2563,
            0.0
          ],
          [
            3.7689,
            3.7689,
            0.0
          ],
          [
            1.2563,
            1.2563,
            0.0
          ],
          [
            1.2563,
            3.7689,
            0.0
          ],
          [
            0.0,
            0.0,
            1.77656
          ],
          [
            2.5126,
            0.0,
            1.77656
          ],
          [
            0.0,
            2.5126,
            1.77656
          ],
          [
            2.5126,
            2.5126,
            1.77656
          ],
          [
            1.2563,
            1.2563,
            3.59286
          ],
          [
            3.7689,
            1.2563,
            3.67346
          ],
          [
            1.2563,
            3.7689,
            3.53793
          ],
          [
            3.7689,
            3.7689,
            3.59286
          ],
          [
            0.00854,
            -0.00854,
            5.40918
          ],
          [
            2.50406,
            -0.00854,
            5.40918
          ],
          [
            0.00854,
            2.52114,
            5.40918
          ],
          [
            2.50406,
            2.52114,
            5.40918
          ],
          [
            1.2563,
            3.7689,
            6.27212
          ]
        ],
        "Stress": [
          [
            -17.89599,
            0.0,
            0.0
          ],
          [
            0.0,
            -17.89614,
            0.0
          ],
          [
            0.0,
            0.0,
            -9.57918
          ]
        ],
        "computation_code": "VASP",
        "pseudopotential_information": [
          [
            "PAW_PBE",
            "Ni",
            "02Aug2007"
          ],
          [
            "PAW_PBE",
            "Mo",
            "08Apr2002"
          ],
          [
            "PAW_PBE",
            "O",
            "08Apr2002"
          ]
        ]
      }
    ],
    "EnergyStyle": "electronvolt",
    "ForcesStyle": "electronvoltperangstrom",
    "LatticeStyle": "angstrom",
    "PositionsStyle": "angstrom",
    "StressStyle": "kB"
  }
}