{
  "Dataset": {
    "AtomTypeStyle": "chemicalsymbol",
    "Data": [
      {
        "AtomTypes": [
          "Ni",
          "Ni",
          "Ni",
          "Ni",
          "Ni",
          "Ni",
          "Ni",
          "Ni",
          "Ni",
          "Ni",
          "Ni",
          "Ni",
          "Mo",
          "Ni",
          "Ni",
          "Ni",
          "O",
          "H"
        ],
        "Energy": -89.05794584,
        "Forces": [
          [
            0.019831,
            0.005324,
            0.324916
          ],
          [
            0.004549,
            -0.015648,
            0.353018
          ],
          [
            -0.016569,
            0.038343,
            0.374478
          ],
          [
            -0.000204,
            -0.028713,
            0.352983
          ],
          [
            -0.069626,
            0.017806,
            -0.240679
          ],
          [
            0.03663,
            0.006554,
            -0.325691
          ],
          [
            -0.086484,
            -0.065862,
            -0.301297
          ],
          [
            0.136407,
            -0.080224,
            -0.469657
          ],
          [
            -0.030048,
            0.006353,
            -0.041028
          ],
          [
            0.008693,
            -0.010488,
            -0.049104
          ],
          [
            -0.010911,
            -0.007474,
            -0.015611
          ],
          [
            -0.015598,
            0.024847,
            0.012591
          ],
          [
            0.072487,
            0.009107,
            0.082983
          ],
          [
            -0.061257,
            0.004849,
            0.014634
          ],
          [
            -0.035862,
            0.023777,
            -0.039837
          ],
          [
            0.053851,
            0.01045,
            -0.001519
          ],
          [
            0.014277,
            -0.011509,
            -0.041561
          ],
          [
            -0.020166,
            0.072508,
            0.010383
          ]
        ],
        "Lattice": [
          [
            5.025196436,
            0.0,
            0.0
          ],
          [
            0.0,
            5.025196436,
            0.0
          ],
          [
            0.0,
            0.0,
            17.427492376
          ]
        ],
        "NumAtoms": 18,
        "Positions": [
          [
            3.7689,
            1.2563,
            0.0
          ],
          [
            3.7689,
            3.7689,
            0.0
          ],
          [
            1.2563,
            1.2563,
            0.0
          ],
          [
            1.2563,
            3.7689,
            0.0
          ],
          [
            0.0,
            0.0,
            1.77656
          ],
          [
            2.5126,
            0.0,
            1.77656
          ],
          [
            0.0,
            2.5126,
            1.77656
          ],
          [
            2.5126,
            2.5126,
            1.77656
          ],
          [
            1.26258,
            1.19884,
            3.61716
          ],
          [
            3.75975,
            1.25151,
            3.57157
          ],
          [
            1.24191,
            3.74868,
            3.53811
          ],
          [
            3.75529,
            3.79985,
            3.6028
          ],
          [
            0.54261,
            4.899,
            5.50091
          ],
          [
            3.24225,
            0.19857,
            5.73028
          ],
          [
            4.87834,
            2.45354,
            5.35096
          ],
          [
            2.39644,
            2.58509,
            5.29051
          ],
          [
            1.7542,
            4.99018,
            7.13067
          ],
          [
            1.62983,
            0.76586,
            7.6761
          ]
        ],
        "Stress": [
          [
            -32.93308,
            -0.78415,
            -0.23866
          ],
          [
            -0.78415,
            -40.41248,
            2.01214
          ],
          [
            -0.23866,
            2.01214,
            -16.40237
          ]
        ],
        "computation_code": "VASP",
        "pseudopotential_information": [
          [
            "PAW_PBE",
            "Ni",
            "02Aug2007"
          ],
          [
            "PAW_PBE",
            "Mo",
            "08Apr2002"
          ],
          [
            "PAW_PBE",
            "O",
            "08Apr2002"
          ],
          [
            "PAW_PBE",
            "H",
            "15Jun2001"
          ]
        ]
      }
    ],
    "EnergyStyle": "electronvolt",
    "ForcesStyle": "electronvoltperangstrom",
    "LatticeStyle": "angstrom",
    "PositionsStyle": "angstrom",
    "StressStyle": "kB"
  }
}