{
  "Dataset": {
    "AtomTypeStyle": "chemicalsymbol",
    "Data": [
      {
        "AtomTypes": [
          "Ni",
          "Ni",
          "Ni",
          "Ni",
          "Ni",
          "Ni",
          "Ni",
          "Ni",
          "Ni",
          "Ni",
          "Ni",
          "Ni",
          "Mo",
          "Ni",
          "Ni",
          "Ni",
          "O",
          "H"
        ],
        "Energy": -89.0380279,
        "Forces": [
          [
            0.020995,
            0.006647,
            0.328372
          ],
          [
            0.004192,
            -0.0167,
            0.349152
          ],
          [
            -0.017504,
            0.036811,
            0.37429
          ],
          [
            1.3e-05,
            -0.027492,
            0.348895
          ],
          [
            -0.093953,
            -0.019197,
            -0.267929
          ],
          [
            0.025308,
            -0.034889,
            -0.350573
          ],
          [
            -0.108608,
            -0.077534,
            -0.324587
          ],
          [
            0.120977,
            -0.081533,
            -0.483291
          ],
          [
            0.00471,
            0.043391,
            -0.000418
          ],
          [
            -0.013383,
            -0.010219,
            -0.016714
          ],
          [
            0.007531,
            -0.045245,
            0.038322
          ],
          [
            -0.001993,
            0.018469,
            -0.005796
          ],
          [
            0.014266,
            0.008327,
            0.005327
          ],
          [
            -0.003446,
            -0.021141,
            -0.006093
          ],
          [
            0.063922,
            0.049816,
            -0.004793
          ],
          [
            -0.022096,
            0.020193,
            -0.032931
          ],
          [
            0.034436,
            -0.039125,
            -0.040845
          ],
          [
            -0.035368,
            0.18942,
            0.089614
          ]
        ],
        "Lattice": [
          [
            5.025196436,
            0.0,
            0.0
          ],
          [
            0.0,
            5.025196436,
            0.0
          ],
          [
            0.0,
            0.0,
            17.427492376
          ]
        ],
        "NumAtoms": 18,
        "Positions": [
          [
            3.7689,
            1.2563,
            0.0
          ],
          [
            3.7689,
            3.7689,
            0.0
          ],
          [
            1.2563,
            1.2563,
            0.0
          ],
          [
            1.2563,
            3.7689,
            0.0
          ],
          [
            0.0,
            0.0,
            1.77656
          ],
          [
            2.5126,
            0.0,
            1.77656
          ],
          [
            0.0,
            2.5126,
            1.77656
          ],
          [
            2.5126,
            2.5126,
            1.77656
          ],
          [
            1.25245,
            1.18468,
            3.60714
          ],
          [
            3.75017,
            1.24035,
            3.55812
          ],
          [
            1.2351,
            3.74015,
            3.53379
          ],
          [
            3.75019,
            3.78975,
            3.61066
          ],
          [
            0.52599,
            4.87687,
            5.49446
          ],
          [
            3.2159,
            0.18926,
            5.72151
          ],
          [
            4.85328,
            2.40454,
            5.34879
          ],
          [
            2.38526,
            2.55512,
            5.28915
          ],
          [
            1.74957,
            4.86241,
            7.11399
          ],
          [
            1.62121,
            0.58054,
            7.73024
          ]
        ],
        "Stress": [
          [
            -31.43555,
            -1.07374,
            0.53732
          ],
          [
            -1.07374,
            -38.40451,
            4.2947
          ],
          [
            0.53732,
            4.2947,
            -13.69746
          ]
        ],
        "computation_code": "VASP",
        "pseudopotential_information": [
          [
            "PAW_PBE",
            "Ni",
            "02Aug2007"
          ],
          [
            "PAW_PBE",
            "Mo",
            "08Apr2002"
          ],
          [
            "PAW_PBE",
            "O",
            "08Apr2002"
          ],
          [
            "PAW_PBE",
            "H",
            "15Jun2001"
          ]
        ]
      }
    ],
    "EnergyStyle": "electronvolt",
    "ForcesStyle": "electronvoltperangstrom",
    "LatticeStyle": "angstrom",
    "PositionsStyle": "angstrom",
    "StressStyle": "kB"
  }
}