{
  "Dataset": {
    "AtomTypeStyle": "chemicalsymbol",
    "Data": [
      {
        "AtomTypes": [
          "Ni",
          "Ni",
          "Ni",
          "Ni",
          "Ni",
          "Ni",
          "Ni",
          "Ni",
          "Mo",
          "Ni",
          "Ni",
          "Ni",
          "Ni",
          "Ni",
          "Ni",
          "Ni",
          "O",
          "H"
        ],
        "Energy": -89.17830557,
        "Forces": [
          [
            0.002073,
            0.0,
            0.328154
          ],
          [
            0.001692,
            0.0,
            -0.067833
          ],
          [
            -0.025152,
            0.0,
            0.328031
          ],
          [
            0.025494,
            0.0,
            0.324379
          ],
          [
            -0.022619,
            0.048302,
            -0.169604
          ],
          [
            0.049516,
            -0.019528,
            -0.274953
          ],
          [
            -0.022619,
            -0.048302,
            -0.169604
          ],
          [
            0.049516,
            0.019528,
            -0.274953
          ],
          [
            -0.000325,
            0.0,
            0.003369
          ],
          [
            0.001043,
            0.0,
            0.001569
          ],
          [
            0.003479,
            0.0,
            -0.024312
          ],
          [
            -0.010962,
            0.0,
            -0.001947
          ],
          [
            -0.013342,
            0.010926,
            -0.003919
          ],
          [
            -0.000323,
            0.018475,
            -0.015807
          ],
          [
            -0.013342,
            -0.010926,
            -0.003919
          ],
          [
            -0.000323,
            -0.018475,
            -0.015807
          ],
          [
            -0.018067,
            0.0,
            0.034463
          ],
          [
            -0.005737,
            0.0,
            0.002693
          ]
        ],
        "Lattice": [
          [
            5.025196436,
            0.0,
            0.0
          ],
          [
            0.0,
            5.025196436,
            0.0
          ],
          [
            0.0,
            0.0,
            17.427492376
          ]
        ],
        "NumAtoms": 18,
        "Positions": [
          [
            3.7689,
            1.2563,
            0.0
          ],
          [
            3.7689,
            3.7689,
            0.0
          ],
          [
            1.2563,
            1.2563,
            0.0
          ],
          [
            1.2563,
            3.7689,
            0.0
          ],
          [
            0.0,
            0.0,
            1.77656
          ],
          [
            2.5126,
            0.0,
            1.77656
          ],
          [
            0.0,
            2.5126,
            1.77656
          ],
          [
            2.5126,
            2.5126,
            1.77656
          ],
          [
            1.26982,
            1.2563,
            3.67523
          ],
          [
            3.72545,
            1.2563,
            3.61008
          ],
          [
            1.28177,
            3.7689,
            3.5811
          ],
          [
            3.77622,
            3.7689,
            3.58376
          ],
          [
            0.0131,
            0.0023,
            5.30717
          ],
          [
            2.58119,
            0.00209,
            5.45091
          ],
          [
            0.0131,
            2.5103,
            5.30717
          ],
          [
            2.58119,
            2.51051,
            5.45091
          ],
          [
            2.36282,
            3.7689,
            6.94201
          ],
          [
            3.10318,
            3.7689,
            7.57971
          ]
        ],
        "Stress": [
          [
            -11.17707,
            0.0,
            -0.73921
          ],
          [
            0.0,
            -13.92327,
            0.0
          ],
          [
            -0.73921,
            0.0,
            -10.88301
          ]
        ],
        "computation_code": "VASP",
        "pseudopotential_information": [
          [
            "PAW_PBE",
            "Ni",
            "02Aug2007"
          ],
          [
            "PAW_PBE",
            "Mo",
            "08Apr2002"
          ],
          [
            "PAW_PBE",
            "O",
            "08Apr2002"
          ],
          [
            "PAW_PBE",
            "H",
            "15Jun2001"
          ]
        ]
      }
    ],
    "EnergyStyle": "electronvolt",
    "ForcesStyle": "electronvoltperangstrom",
    "LatticeStyle": "angstrom",
    "PositionsStyle": "angstrom",
    "StressStyle": "kB"
  }
}