{
  "Dataset": {
    "AtomTypeStyle": "chemicalsymbol",
    "Data": [
      {
        "AtomTypes": [
          "Ni",
          "Ni",
          "Ni",
          "Ni",
          "Ni",
          "Ni",
          "Ni",
          "Ni",
          "Mo",
          "Ni",
          "Ni",
          "Ni",
          "Ni",
          "Ni",
          "Ni",
          "Ni",
          "O"
        ],
        "Energy": -85.67754897,
        "Forces": [
          [
            -0.0,
            0.0,
            0.31848
          ],
          [
            -0.0,
            0.0,
            -0.122975
          ],
          [
            -0.0,
            0.0,
            0.362831
          ],
          [
            -0.0,
            0.0,
            0.258664
          ],
          [
            -0.180958,
            0.107022,
            -0.206741
          ],
          [
            0.180958,
            0.107022,
            -0.206741
          ],
          [
            -0.180958,
            -0.107022,
            -0.206741
          ],
          [
            0.180958,
            -0.107022,
            -0.206741
          ],
          [
            -0.0,
            0.0,
            0.003687
          ],
          [
            -0.0,
            0.0,
            0.007274
          ],
          [
            -0.0,
            0.0,
            0.000629
          ],
          [
            -0.0,
            0.0,
            0.009044
          ],
          [
            0.001211,
            0.0021,
            -0.002868
          ],
          [
            -0.001211,
            0.0021,
            -0.002868
          ],
          [
            0.001211,
            -0.0021,
            -0.002868
          ],
          [
            -0.001211,
            -0.0021,
            -0.002868
          ],
          [
            -0.0,
            0.0,
            0.000803
          ]
        ],
        "Lattice": [
          [
            5.025196436,
            0.0,
            0.0
          ],
          [
            0.0,
            5.025196436,
            0.0
          ],
          [
            0.0,
            0.0,
            17.427492376
          ]
        ],
        "NumAtoms": 17,
        "Positions": [
          [
            3.7689,
            1.2563,
            0.0
          ],
          [
            3.7689,
            3.7689,
            0.0
          ],
          [
            1.2563,
            1.2563,
            0.0
          ],
          [
            1.2563,
            3.7689,
            0.0
          ],
          [
            0.0,
            0.0,
            1.77656
          ],
          [
            2.5126,
            0.0,
            1.77656
          ],
          [
            0.0,
            2.5126,
            1.77656
          ],
          [
            2.5126,
            2.5126,
            1.77656
          ],
          [
            1.2563,
            1.2563,
            3.63762
          ],
          [
            3.7689,
            1.2563,
            3.6831
          ],
          [
            1.2563,
            3.7689,
            3.48712
          ],
          [
            3.7689,
            3.7689,
            3.60423
          ],
          [
            0.02578,
            -0.01385,
            5.42385
          ],
          [
            2.48682,
            -0.01385,
            5.42385
          ],
          [
            0.02578,
            2.52645,
            5.42385
          ],
          [
            2.48682,
            2.52645,
            5.42385
          ],
          [
            1.2563,
            3.7689,
            6.32886
          ]
        ],
        "Stress": [
          [
            -22.40029,
            0.0,
            0.0
          ],
          [
            0.0,
            -17.81907,
            0.0
          ],
          [
            0.0,
            0.0,
            -10.13215
          ]
        ],
        "computation_code": "VASP",
        "pseudopotential_information": [
          [
            "PAW_PBE",
            "Ni",
            "02Aug2007"
          ],
          [
            "PAW_PBE",
            "Mo",
            "08Apr2002"
          ],
          [
            "PAW_PBE",
            "O",
            "08Apr2002"
          ]
        ]
      }
    ],
    "EnergyStyle": "electronvolt",
    "ForcesStyle": "electronvoltperangstrom",
    "LatticeStyle": "angstrom",
    "PositionsStyle": "angstrom",
    "StressStyle": "kB"
  }
}