{
  "Dataset": {
    "AtomTypeStyle": "chemicalsymbol",
    "Data": [
      {
        "AtomTypes": [
          "Ni",
          "Ni",
          "Ni",
          "Ni",
          "Ni",
          "Ni",
          "Ni",
          "Ni",
          "Ni",
          "Ni",
          "Ni",
          "Ni",
          "Mo",
          "Ni",
          "Ni",
          "Ni",
          "O"
        ],
        "Energy": -85.45400082,
        "Forces": [
          [
            0.004727,
            0.002896,
            0.344274
          ],
          [
            -0.003955,
            -0.003955,
            0.366661
          ],
          [
            0.018748,
            0.018748,
            0.349992
          ],
          [
            0.002896,
            0.004727,
            0.344274
          ],
          [
            -0.073615,
            -0.073615,
            -0.14954
          ],
          [
            0.042415,
            -0.074654,
            -0.161343
          ],
          [
            -0.074654,
            0.042415,
            -0.161343
          ],
          [
            -0.002337,
            -0.002337,
            -0.51128
          ],
          [
            -0.043959,
            -0.043959,
            -0.089164
          ],
          [
            0.094312,
            0.145384,
            -0.069015
          ],
          [
            0.145384,
            0.094312,
            -0.069015
          ],
          [
            0.066846,
            0.066846,
            -0.487964
          ],
          [
            -0.287361,
            -0.287361,
            -0.23763
          ],
          [
            -0.048863,
            0.027759,
            0.07012
          ],
          [
            0.027759,
            -0.048863,
            0.07012
          ],
          [
            -0.009487,
            -0.009487,
            0.156192
          ],
          [
            0.141143,
            0.141143,
            0.234661
          ]
        ],
        "Lattice": [
          [
            5.025196436,
            0.0,
            0.0
          ],
          [
            0.0,
            5.025196436,
            0.0
          ],
          [
            0.0,
            0.0,
            17.427492376
          ]
        ],
        "NumAtoms": 17,
        "Positions": [
          [
            3.7689,
            1.2563,
            0.0
          ],
          [
            3.7689,
            3.7689,
            0.0
          ],
          [
            1.2563,
            1.2563,
            0.0
          ],
          [
            1.2563,
            3.7689,
            0.0
          ],
          [
            0.0,
            0.0,
            1.77656
          ],
          [
            2.5126,
            0.0,
            1.77656
          ],
          [
            0.0,
            2.5126,
            1.77656
          ],
          [
            2.5126,
            2.5126,
            1.77656
          ],
          [
            1.27627,
            1.27627,
            3.56922
          ],
          [
            3.79526,
            1.21338,
            3.61813
          ],
          [
            1.21338,
            3.79526,
            3.61813
          ],
          [
            3.73132,
            3.73132,
            3.622
          ],
          [
            -0.04596,
            -0.04596,
            5.4708
          ],
          [
            2.5502,
            0.12371,
            5.43248
          ],
          [
            0.12371,
            2.5502,
            5.43248
          ],
          [
            2.61397,
            2.61397,
            5.3393
          ],
          [
            1.02759,
            1.02759,
            6.55542
          ]
        ],
        "Stress": [
          [
            -25.0491,
            3.88273,
            -0.19552
          ],
          [
            3.88273,
            -25.0491,
            -0.19552
          ],
          [
            -0.19552,
            -0.19552,
            -13.83851
          ]
        ],
        "computation_code": "VASP",
        "pseudopotential_information": [
          [
            "PAW_PBE",
            "Ni",
            "02Aug2007"
          ],
          [
            "PAW_PBE",
            "Mo",
            "08Apr2002"
          ],
          [
            "PAW_PBE",
            "O",
            "08Apr2002"
          ]
        ]
      }
    ],
    "EnergyStyle": "electronvolt",
    "ForcesStyle": "electronvoltperangstrom",
    "LatticeStyle": "angstrom",
    "PositionsStyle": "angstrom",
    "StressStyle": "kB"
  }
}