{
  "Dataset": {
    "AtomTypeStyle": "chemicalsymbol",
    "Data": [
      {
        "AtomTypes": [
          "Ni",
          "Ni",
          "Ni",
          "Ni",
          "Ni",
          "Ni",
          "Ni",
          "Ni",
          "Ni",
          "Ni",
          "Mo",
          "Ni",
          "Ni",
          "Ni",
          "Ni",
          "Ni",
          "O",
          "H"
        ],
        "Energy": -89.11867835,
        "Forces": [
          [
            0.010972,
            0.0,
            -0.089816
          ],
          [
            0.001646,
            0.0,
            0.283667
          ],
          [
            -0.023071,
            0.0,
            0.341021
          ],
          [
            -0.000266,
            0.0,
            0.284167
          ],
          [
            -0.027548,
            0.0602,
            -0.15936
          ],
          [
            -0.010984,
            0.088136,
            -0.264394
          ],
          [
            -0.027548,
            -0.0602,
            -0.15936
          ],
          [
            -0.010984,
            -0.088136,
            -0.264394
          ],
          [
            0.01614,
            0.0,
            0.011148
          ],
          [
            -0.000713,
            0.0,
            0.003738
          ],
          [
            0.015729,
            0.0,
            0.003716
          ],
          [
            0.00741,
            0.0,
            0.003176
          ],
          [
            -0.018461,
            0.007863,
            0.015313
          ],
          [
            0.014123,
            0.014731,
            -8.7e-05
          ],
          [
            -0.018461,
            -0.007863,
            0.015313
          ],
          [
            0.014123,
            -0.014731,
            -8.7e-05
          ],
          [
            0.088641,
            0.0,
            0.02595
          ],
          [
            -0.030748,
            0.0,
            -0.049709
          ]
        ],
        "Lattice": [
          [
            5.025196436,
            0.0,
            0.0
          ],
          [
            0.0,
            5.025196436,
            0.0
          ],
          [
            0.0,
            0.0,
            17.427492376
          ]
        ],
        "NumAtoms": 18,
        "Positions": [
          [
            3.7689,
            1.2563,
            0.0
          ],
          [
            3.7689,
            3.7689,
            0.0
          ],
          [
            1.2563,
            1.2563,
            0.0
          ],
          [
            1.2563,
            3.7689,
            0.0
          ],
          [
            0.0,
            0.0,
            1.77656
          ],
          [
            2.5126,
            0.0,
            1.77656
          ],
          [
            0.0,
            2.5126,
            1.77656
          ],
          [
            2.5126,
            2.5126,
            1.77656
          ],
          [
            1.27936,
            1.2563,
            3.60541
          ],
          [
            3.73351,
            1.2563,
            3.6075
          ],
          [
            1.24216,
            3.7689,
            3.6302
          ],
          [
            3.7346,
            3.7689,
            3.57489
          ],
          [
            4.99455,
            0.01862,
            5.29204
          ],
          [
            2.47889,
            0.00198,
            5.47749
          ],
          [
            4.99455,
            2.49398,
            5.29204
          ],
          [
            2.47889,
            2.51062,
            5.47749
          ],
          [
            2.50171,
            3.7689,
            6.97923
          ],
          [
            3.38001,
            3.7689,
            7.41343
          ]
        ],
        "Stress": [
          [
            -11.90298,
            0.0,
            1.42074
          ],
          [
            0.0,
            -16.50166,
            0.0
          ],
          [
            1.42074,
            0.0,
            -10.3839
          ]
        ],
        "computation_code": "VASP",
        "pseudopotential_information": [
          [
            "PAW_PBE",
            "Ni",
            "02Aug2007"
          ],
          [
            "PAW_PBE",
            "Mo",
            "08Apr2002"
          ],
          [
            "PAW_PBE",
            "O",
            "08Apr2002"
          ],
          [
            "PAW_PBE",
            "H",
            "15Jun2001"
          ]
        ]
      }
    ],
    "EnergyStyle": "electronvolt",
    "ForcesStyle": "electronvoltperangstrom",
    "LatticeStyle": "angstrom",
    "PositionsStyle": "angstrom",
    "StressStyle": "kB"
  }
}