{
  "Dataset": {
    "AtomTypeStyle": "chemicalsymbol",
    "Data": [
      {
        "AtomTypes": [
          "Ni",
          "Ni",
          "Ni",
          "Ni",
          "Ni",
          "Ni",
          "Ni",
          "Ni",
          "Ni",
          "Ni",
          "Mo",
          "Ni",
          "Ni",
          "Ni",
          "Ni",
          "Ni",
          "O",
          "H"
        ],
        "Energy": -89.12285715,
        "Forces": [
          [
            0.012208,
            0.0,
            -0.087305
          ],
          [
            0.00237,
            0.0,
            0.285566
          ],
          [
            -0.023352,
            0.0,
            0.341898
          ],
          [
            -4e-05,
            0.0,
            0.289539
          ],
          [
            -0.004145,
            0.059077,
            -0.14155
          ],
          [
            0.000553,
            0.085237,
            -0.253958
          ],
          [
            -0.004145,
            -0.059077,
            -0.14155
          ],
          [
            0.000553,
            -0.085237,
            -0.253958
          ],
          [
            -0.011506,
            0.0,
            -0.003941
          ],
          [
            0.01208,
            0.0,
            -0.019125
          ],
          [
            0.001783,
            0.0,
            -0.012625
          ],
          [
            0.014417,
            0.0,
            -0.008079
          ],
          [
            -0.016885,
            0.003835,
            0.006554
          ],
          [
            0.013675,
            -0.004298,
            0.004972
          ],
          [
            -0.016885,
            -0.003835,
            0.006554
          ],
          [
            0.013675,
            0.004298,
            0.004972
          ],
          [
            0.003793,
            0.0,
            -0.013933
          ],
          [
            0.00185,
            0.0,
            -0.004031
          ]
        ],
        "Lattice": [
          [
            5.025196436,
            0.0,
            0.0
          ],
          [
            0.0,
            5.025196436,
            0.0
          ],
          [
            0.0,
            0.0,
            17.427492376
          ]
        ],
        "NumAtoms": 18,
        "Positions": [
          [
            3.7689,
            1.2563,
            0.0
          ],
          [
            3.7689,
            3.7689,
            0.0
          ],
          [
            1.2563,
            1.2563,
            0.0
          ],
          [
            1.2563,
            3.7689,
            0.0
          ],
          [
            0.0,
            0.0,
            1.77656
          ],
          [
            2.5126,
            0.0,
            1.77656
          ],
          [
            0.0,
            2.5126,
            1.77656
          ],
          [
            2.5126,
            2.5126,
            1.77656
          ],
          [
            1.29176,
            1.2563,
            3.61115
          ],
          [
            3.74252,
            1.2563,
            3.6083
          ],
          [
            1.2485,
            3.7689,
            3.63549
          ],
          [
            3.73972,
            3.7689,
            3.57728
          ],
          [
            5.00487,
            0.01952,
            5.29527
          ],
          [
            2.48849,
            0.00232,
            5.47999
          ],
          [
            5.00487,
            2.49308,
            5.29527
          ],
          [
            2.48849,
            2.51027,
            5.47999
          ],
          [
            2.5801,
            3.7689,
            6.97878
          ],
          [
            3.48131,
            3.7689,
            7.36147
          ]
        ],
        "Stress": [
          [
            -12.04698,
            0.0,
            0.31877
          ],
          [
            0.0,
            -17.00401,
            0.0
          ],
          [
            0.31877,
            0.0,
            -11.01134
          ]
        ],
        "computation_code": "VASP",
        "pseudopotential_information": [
          [
            "PAW_PBE",
            "Ni",
            "02Aug2007"
          ],
          [
            "PAW_PBE",
            "Mo",
            "08Apr2002"
          ],
          [
            "PAW_PBE",
            "O",
            "08Apr2002"
          ],
          [
            "PAW_PBE",
            "H",
            "15Jun2001"
          ]
        ]
      }
    ],
    "EnergyStyle": "electronvolt",
    "ForcesStyle": "electronvoltperangstrom",
    "LatticeStyle": "angstrom",
    "PositionsStyle": "angstrom",
    "StressStyle": "kB"
  }
}