{
  "Dataset": {
    "AtomTypeStyle": "chemicalsymbol",
    "Data": [
      {
        "AtomTypes": [
          "Ni",
          "Ni",
          "Ni",
          "Ni",
          "Ni",
          "Ni",
          "Ni",
          "Ni",
          "Ni",
          "Ni",
          "Ni",
          "Ni",
          "Mo",
          "Ni",
          "Ni",
          "Ni",
          "O"
        ],
        "Energy": -85.43814246,
        "Forces": [
          [
            -0.001749,
            -0.000887,
            0.342531
          ],
          [
            0.006444,
            0.006444,
            0.355783
          ],
          [
            0.016315,
            0.016315,
            0.329819
          ],
          [
            -0.000887,
            -0.001749,
            0.342531
          ],
          [
            -0.051696,
            -0.051696,
            -0.262582
          ],
          [
            0.090743,
            -0.042842,
            -0.278479
          ],
          [
            -0.042842,
            0.090743,
            -0.278479
          ],
          [
            0.037854,
            0.037854,
            -0.632052
          ],
          [
            -0.016451,
            -0.016451,
            0.010564
          ],
          [
            -0.000158,
            -0.00427,
            0.011832
          ],
          [
            -0.00427,
            -0.000158,
            0.011832
          ],
          [
            -0.018039,
            -0.018039,
            -0.015296
          ],
          [
            0.022621,
            0.022621,
            0.040478
          ],
          [
            -0.043093,
            0.048315,
            0.01337
          ],
          [
            0.048315,
            -0.043093,
            0.01337
          ],
          [
            -0.009489,
            -0.009489,
            -0.007273
          ],
          [
            -0.033619,
            -0.033619,
            0.002051
          ]
        ],
        "Lattice": [
          [
            5.025196436,
            0.0,
            0.0
          ],
          [
            0.0,
            5.025196436,
            0.0
          ],
          [
            0.0,
            0.0,
            17.427492376
          ]
        ],
        "NumAtoms": 17,
        "Positions": [
          [
            3.7689,
            1.2563,
            0.0
          ],
          [
            3.7689,
            3.7689,
            0.0
          ],
          [
            1.2563,
            1.2563,
            0.0
          ],
          [
            1.2563,
            3.7689,
            0.0
          ],
          [
            0.0,
            0.0,
            1.77656
          ],
          [
            2.5126,
            0.0,
            1.77656
          ],
          [
            0.0,
            2.5126,
            1.77656
          ],
          [
            2.5126,
            2.5126,
            1.77656
          ],
          [
            1.27806,
            1.27806,
            3.53874
          ],
          [
            3.80472,
            1.25104,
            3.59262
          ],
          [
            1.25104,
            3.80472,
            3.59262
          ],
          [
            3.74459,
            3.74459,
            3.59941
          ],
          [
            0.02668,
            0.02668,
            5.40184
          ],
          [
            2.62069,
            0.03327,
            5.39815
          ],
          [
            0.03327,
            2.62069,
            5.39815
          ],
          [
            2.53485,
            2.53485,
            5.39761
          ],
          [
            1.19473,
            1.19473,
            6.41136
          ]
        ],
        "Stress": [
          [
            -25.41105,
            -0.36131,
            -0.70461
          ],
          [
            -0.36131,
            -25.41105,
            -0.70461
          ],
          [
            -0.70461,
            -0.70461,
            -12.79852
          ]
        ],
        "computation_code": "VASP",
        "pseudopotential_information": [
          [
            "PAW_PBE",
            "Ni",
            "02Aug2007"
          ],
          [
            "PAW_PBE",
            "Mo",
            "08Apr2002"
          ],
          [
            "PAW_PBE",
            "O",
            "08Apr2002"
          ]
        ]
      }
    ],
    "EnergyStyle": "electronvolt",
    "ForcesStyle": "electronvoltperangstrom",
    "LatticeStyle": "angstrom",
    "PositionsStyle": "angstrom",
    "StressStyle": "kB"
  }
}