{
  "Dataset": {
    "AtomTypeStyle": "chemicalsymbol",
    "Data": [
      {
        "AtomTypes": [
          "Ni",
          "Ni",
          "Ni",
          "Ni",
          "Ni",
          "Ni",
          "Ni",
          "Ni",
          "Mo",
          "Ni",
          "Ni",
          "Ni",
          "Ni",
          "Ni",
          "Ni",
          "Ni",
          "O",
          "H"
        ],
        "Energy": -89.17783371,
        "Forces": [
          [
            0.002708,
            0.0,
            0.327917
          ],
          [
            0.002853,
            0.0,
            -0.066
          ],
          [
            -0.025031,
            0.0,
            0.327037
          ],
          [
            0.025429,
            0.0,
            0.32252
          ],
          [
            -0.018539,
            0.047275,
            -0.176308
          ],
          [
            0.053751,
            -0.017673,
            -0.281605
          ],
          [
            -0.018539,
            -0.047275,
            -0.176308
          ],
          [
            0.053751,
            0.017673,
            -0.281605
          ],
          [
            0.005271,
            0.0,
            0.003855
          ],
          [
            -0.013476,
            0.0,
            0.026013
          ],
          [
            -0.00147,
            0.0,
            0.017372
          ],
          [
            -0.00803,
            0.0,
            -0.006886
          ],
          [
            -0.003504,
            -0.010519,
            -0.006661
          ],
          [
            -0.010158,
            0.012249,
            -0.014356
          ],
          [
            -0.003504,
            0.010519,
            -0.006661
          ],
          [
            -0.010158,
            -0.012249,
            -0.014356
          ],
          [
            -0.002099,
            0.0,
            0.028045
          ],
          [
            -0.029256,
            0.0,
            -0.022015
          ]
        ],
        "Lattice": [
          [
            5.025196436,
            0.0,
            0.0
          ],
          [
            0.0,
            5.025196436,
            0.0
          ],
          [
            0.0,
            0.0,
            17.427492376
          ]
        ],
        "NumAtoms": 18,
        "Positions": [
          [
            3.7689,
            1.2563,
            0.0
          ],
          [
            3.7689,
            3.7689,
            0.0
          ],
          [
            1.2563,
            1.2563,
            0.0
          ],
          [
            1.2563,
            3.7689,
            0.0
          ],
          [
            0.0,
            0.0,
            1.77656
          ],
          [
            2.5126,
            0.0,
            1.77656
          ],
          [
            0.0,
            2.5126,
            1.77656
          ],
          [
            2.5126,
            2.5126,
            1.77656
          ],
          [
            1.27258,
            1.2563,
            3.67665
          ],
          [
            3.7291,
            1.2563,
            3.60569
          ],
          [
            1.28264,
            3.7689,
            3.57667
          ],
          [
            3.77679,
            3.7689,
            3.58415
          ],
          [
            0.01457,
            0.00381,
            5.30675
          ],
          [
            2.58465,
            0.00174,
            5.45116
          ],
          [
            0.01457,
            2.50879,
            5.30675
          ],
          [
            2.58465,
            2.51085,
            5.45116
          ],
          [
            2.37614,
            3.7689,
            6.9465
          ],
          [
            3.12019,
            3.7689,
            7.58094
          ]
        ],
        "Stress": [
          [
            -11.92571,
            0.0,
            -0.97968
          ],
          [
            0.0,
            -14.67534,
            0.0
          ],
          [
            -0.97968,
            0.0,
            -11.764
          ]
        ],
        "computation_code": "VASP",
        "pseudopotential_information": [
          [
            "PAW_PBE",
            "Ni",
            "02Aug2007"
          ],
          [
            "PAW_PBE",
            "Mo",
            "08Apr2002"
          ],
          [
            "PAW_PBE",
            "O",
            "08Apr2002"
          ],
          [
            "PAW_PBE",
            "H",
            "15Jun2001"
          ]
        ]
      }
    ],
    "EnergyStyle": "electronvolt",
    "ForcesStyle": "electronvoltperangstrom",
    "LatticeStyle": "angstrom",
    "PositionsStyle": "angstrom",
    "StressStyle": "kB"
  }
}