{
  "Dataset": {
    "AtomTypeStyle": "chemicalsymbol",
    "Data": [
      {
        "AtomTypes": [
          "Ni",
          "Ni",
          "Ni",
          "Ni",
          "Ni",
          "Ni",
          "Ni",
          "Ni",
          "Ni",
          "Ni",
          "Ni",
          "Ni",
          "Ni",
          "Ni",
          "Ni",
          "Fe",
          "H"
        ],
        "Energy": -80.03001153,
        "Forces": [
          [
            -0.0,
            0.0,
            0.150705
          ],
          [
            -0.0,
            -0.0,
            0.294994
          ],
          [
            -0.0,
            0.0,
            0.294994
          ],
          [
            -0.0,
            -0.0,
            0.327644
          ],
          [
            0.008462,
            -0.008462,
            -0.232789
          ],
          [
            -0.008462,
            -0.008462,
            -0.232789
          ],
          [
            0.008462,
            0.008462,
            -0.232789
          ],
          [
            -0.008462,
            0.008462,
            -0.232789
          ],
          [
            -0.0,
            0.0,
            0.004761
          ],
          [
            -0.0,
            0.0,
            -0.04076
          ],
          [
            -0.0,
            0.0,
            0.004761
          ],
          [
            -0.024157,
            0.024157,
            -0.0215
          ],
          [
            0.024157,
            0.024157,
            -0.0215
          ],
          [
            -0.024157,
            -0.024157,
            -0.0215
          ],
          [
            0.024157,
            -0.024157,
            -0.0215
          ],
          [
            -0.0,
            0.0,
            0.031427
          ],
          [
            -0.0,
            0.0,
            -0.051366
          ]
        ],
        "Lattice": [
          [
            5.025196436,
            0.0,
            0.0
          ],
          [
            0.0,
            5.025196436,
            0.0
          ],
          [
            0.0,
            0.0,
            17.427492376
          ]
        ],
        "NumAtoms": 17,
        "Positions": [
          [
            3.7689,
            1.2563,
            0.0
          ],
          [
            3.7689,
            3.7689,
            0.0
          ],
          [
            1.2563,
            1.2563,
            0.0
          ],
          [
            1.2563,
            3.7689,
            0.0
          ],
          [
            0.0,
            0.0,
            1.77656
          ],
          [
            2.5126,
            0.0,
            1.77656
          ],
          [
            0.0,
            2.5126,
            1.77656
          ],
          [
            2.5126,
            2.5126,
            1.77656
          ],
          [
            1.2563,
            1.2563,
            3.57347
          ],
          [
            3.7689,
            1.2563,
            3.62626
          ],
          [
            3.7689,
            3.7689,
            3.57347
          ],
          [
            0.01437,
            -0.01437,
            5.32125
          ],
          [
            2.49823,
            -0.01437,
            5.32125
          ],
          [
            0.01437,
            2.52697,
            5.32125
          ],
          [
            2.49823,
            2.52697,
            5.32125
          ],
          [
            1.2563,
            3.7689,
            3.56978
          ],
          [
            1.2563,
            3.7689,
            5.92837
          ]
        ],
        "Stress": [
          [
            -24.46694,
            0.0,
            -0.0
          ],
          [
            0.0,
            -24.46694,
            0.0
          ],
          [
            -0.0,
            0.0,
            -11.695
          ]
        ],
        "computation_code": "VASP",
        "pseudopotential_information": [
          [
            "PAW_PBE",
            "Ni",
            "02Aug2007"
          ],
          [
            "PAW_PBE",
            "Fe",
            "06Sep2000"
          ],
          [
            "PAW_PBE",
            "H",
            "15Jun2001"
          ]
        ]
      }
    ],
    "EnergyStyle": "electronvolt",
    "ForcesStyle": "electronvoltperangstrom",
    "LatticeStyle": "angstrom",
    "PositionsStyle": "angstrom",
    "StressStyle": "kB"
  }
}