{
  "Dataset": {
    "AtomTypeStyle": "chemicalsymbol",
    "Data": [
      {
        "AtomTypes": [
          "Ni",
          "Ni",
          "Ni",
          "Ni",
          "Ni",
          "Ni",
          "Ni",
          "Ni",
          "Ni",
          "Ni",
          "Ni",
          "Ni",
          "Ni",
          "Ni",
          "Ni",
          "Fe",
          "O",
          "H"
        ],
        "Energy": -86.96543548,
        "Forces": [
          [
            0.043949,
            0.020482,
            0.327064
          ],
          [
            0.016555,
            -0.030416,
            0.319609
          ],
          [
            -0.044757,
            0.018734,
            0.33097
          ],
          [
            -0.017756,
            -0.031251,
            0.317019
          ],
          [
            -0.004575,
            0.006362,
            -0.212314
          ],
          [
            -0.015221,
            0.018903,
            -0.242875
          ],
          [
            -0.001728,
            -0.007771,
            -0.438494
          ],
          [
            -0.018991,
            0.011177,
            -0.304978
          ],
          [
            0.026768,
            0.001489,
            0.005706
          ],
          [
            -0.016192,
            0.002631,
            0.006417
          ],
          [
            0.008598,
            0.008763,
            -0.010848
          ],
          [
            -0.000311,
            0.005386,
            -0.007927
          ],
          [
            0.007345,
            -0.008482,
            -0.012424
          ],
          [
            0.00867,
            -0.031667,
            -0.030955
          ],
          [
            0.018014,
            0.033442,
            0.01382
          ],
          [
            0.001034,
            -0.024127,
            0.009757
          ],
          [
            0.041652,
            0.020568,
            -0.02997
          ],
          [
            -0.053055,
            -0.014221,
            -0.039576
          ]
        ],
        "Lattice": [
          [
            5.025196436,
            0.0,
            0.0
          ],
          [
            0.0,
            5.025196436,
            0.0
          ],
          [
            0.0,
            0.0,
            17.427492376
          ]
        ],
        "NumAtoms": 18,
        "Positions": [
          [
            3.7689,
            1.2563,
            0.0
          ],
          [
            3.7689,
            3.7689,
            0.0
          ],
          [
            1.2563,
            1.2563,
            0.0
          ],
          [
            1.2563,
            3.7689,
            0.0
          ],
          [
            0.0,
            0.0,
            1.77656
          ],
          [
            2.5126,
            0.0,
            1.77656
          ],
          [
            0.0,
            2.5126,
            1.77656
          ],
          [
            2.5126,
            2.5126,
            1.77656
          ],
          [
            1.27887,
            1.25884,
            3.58344
          ],
          [
            3.73692,
            1.25895,
            3.5771
          ],
          [
            1.27133,
            3.7683,
            3.5817
          ],
          [
            3.74488,
            3.7678,
            3.57819
          ],
          [
            5.01059,
            0.01681,
            5.22823
          ],
          [
            5.01771,
            2.50079,
            5.24671
          ],
          [
            2.51258,
            2.44565,
            5.41093
          ],
          [
            2.50321,
            -0.00794,
            5.47781
          ],
          [
            2.47588,
            3.73326,
            6.97011
          ],
          [
            3.30102,
            3.70444,
            7.49481
          ]
        ],
        "Stress": [
          [
            -24.3435,
            -0.1615,
            0.44588
          ],
          [
            -0.1615,
            -27.21114,
            -0.05684
          ],
          [
            0.44588,
            -0.05684,
            -15.22061
          ]
        ],
        "computation_code": "VASP",
        "pseudopotential_information": [
          [
            "PAW_PBE",
            "Ni",
            "02Aug2007"
          ],
          [
            "PAW_PBE",
            "Fe",
            "06Sep2000"
          ],
          [
            "PAW_PBE",
            "O",
            "08Apr2002"
          ],
          [
            "PAW_PBE",
            "H",
            "15Jun2001"
          ]
        ]
      }
    ],
    "EnergyStyle": "electronvolt",
    "ForcesStyle": "electronvoltperangstrom",
    "LatticeStyle": "angstrom",
    "PositionsStyle": "angstrom",
    "StressStyle": "kB"
  }
}