{
  "Dataset": {
    "AtomTypeStyle": "chemicalsymbol",
    "Data": [
      {
        "AtomTypes": [
          "Ni",
          "Ni",
          "Ni",
          "Ni",
          "Ni",
          "Ni",
          "Ni",
          "Ni",
          "Ni",
          "Ni",
          "Ni",
          "Ni",
          "Ni",
          "Ni",
          "Ni",
          "Ni",
          "Ni",
          "Ni",
          "Ni",
          "Fe",
          "O",
          "H"
        ],
        "Energy": -104.05072433,
        "Forces": [
          [
            -0.025917,
            -0.004401,
            0.548804
          ],
          [
            0.027708,
            0.011565,
            0.578982
          ],
          [
            -0.025917,
            0.004401,
            0.548804
          ],
          [
            0.027708,
            -0.011565,
            0.578982
          ],
          [
            0.053277,
            0.0,
            -0.497328
          ],
          [
            -0.052267,
            0.0,
            -0.679387
          ],
          [
            0.039823,
            0.0,
            -0.550016
          ],
          [
            -0.085874,
            0.0,
            -0.56777
          ],
          [
            -0.01976,
            -0.007946,
            -0.052808
          ],
          [
            0.030081,
            -0.026855,
            -0.065753
          ],
          [
            -0.01976,
            0.007946,
            -0.052808
          ],
          [
            0.030081,
            0.026855,
            -0.065753
          ],
          [
            0.005972,
            0.0,
            -0.043507
          ],
          [
            -0.01533,
            0.0,
            -0.185331
          ],
          [
            0.021935,
            0.0,
            0.03467
          ],
          [
            0.006571,
            -0.087236,
            0.083617
          ],
          [
            -0.015917,
            -0.132283,
            0.068077
          ],
          [
            0.006571,
            0.087236,
            0.083617
          ],
          [
            -0.015917,
            0.132283,
            0.068077
          ],
          [
            0.002213,
            0.0,
            0.085439
          ],
          [
            0.001392,
            0.0,
            0.099108
          ],
          [
            0.023328,
            0.0,
            -0.01772
          ]
        ],
        "Lattice": [
          [
            7.106,
            0.0,
            0.0
          ],
          [
            0.0,
            5.024699515,
            0.0
          ],
          [
            0.0,
            0.0,
            17.703958439
          ]
        ],
        "NumAtoms": 22,
        "Positions": [
          [
            0.0,
            2.51235,
            0.0
          ],
          [
            3.553,
            2.51235,
            0.0
          ],
          [
            0.0,
            0.0,
            0.0
          ],
          [
            3.553,
            0.0,
            0.0
          ],
          [
            1.7765,
            3.76852,
            1.25617
          ],
          [
            5.3295,
            3.76852,
            1.25617
          ],
          [
            1.7765,
            1.25618,
            1.25617
          ],
          [
            5.3295,
            1.25618,
            1.25617
          ],
          [
            7.10001,
            5.01914,
            2.47647
          ],
          [
            3.55685,
            5.01943,
            2.50249
          ],
          [
            7.10001,
            2.51791,
            2.47647
          ],
          [
            3.55685,
            2.51762,
            2.50249
          ],
          [
            1.80621,
            3.76852,
            3.79119
          ],
          [
            5.30887,
            3.76852,
            3.81322
          ],
          [
            5.33326,
            1.25618,
            3.77372
          ],
          [
            0.01299,
            2.51501,
            4.88101
          ],
          [
            3.53314,
            2.51236,
            5.00832
          ],
          [
            0.01299,
            5.02204,
            4.88101
          ],
          [
            3.53314,
            5.02469,
            5.00832
          ],
          [
            1.76912,
            1.25618,
            3.74981
          ],
          [
            3.58401,
            1.25617,
            6.48965
          ],
          [
            4.45683,
            1.25617,
            6.9282
          ]
        ],
        "Stress": [
          [
            -20.3764,
            0.0,
            0.44062
          ],
          [
            0.0,
            -20.67886,
            0.0
          ],
          [
            0.44062,
            0.0,
            -8.82476
          ]
        ],
        "computation_code": "VASP",
        "pseudopotential_information": [
          [
            "PAW_PBE",
            "Ni",
            "02Aug2007"
          ],
          [
            "PAW_PBE",
            "Fe",
            "06Sep2000"
          ],
          [
            "PAW_PBE",
            "O",
            "08Apr2002"
          ],
          [
            "PAW_PBE",
            "H",
            "15Jun2001"
          ]
        ]
      }
    ],
    "EnergyStyle": "electronvolt",
    "ForcesStyle": "electronvoltperangstrom",
    "LatticeStyle": "angstrom",
    "PositionsStyle": "angstrom",
    "StressStyle": "kB"
  }
}