{
  "Dataset": {
    "AtomTypeStyle": "chemicalsymbol",
    "Data": [
      {
        "AtomTypes": [
          "Ni",
          "Ni",
          "Ni",
          "Ni",
          "Ni",
          "Ni",
          "Ni",
          "Ni",
          "Ni",
          "Ni",
          "Ni",
          "Ni",
          "Ni",
          "Ni",
          "Ni",
          "Ni",
          "Ni",
          "Ni",
          "Ni",
          "Fe",
          "O",
          "H"
        ],
        "Energy": -104.09952439,
        "Forces": [
          [
            0.015962,
            -0.009375,
            0.546128
          ],
          [
            -0.016868,
            0.004329,
            0.58879
          ],
          [
            0.015962,
            0.009375,
            0.546128
          ],
          [
            -0.016868,
            -0.004329,
            0.58879
          ],
          [
            0.046351,
            -0.0,
            -0.49662
          ],
          [
            -0.042604,
            -0.0,
            -0.459927
          ],
          [
            0.076842,
            -0.0,
            -0.815625
          ],
          [
            -0.073643,
            -0.0,
            -0.590915
          ],
          [
            0.001954,
            0.005871,
            -0.003956
          ],
          [
            -0.003248,
            0.004054,
            0.00579
          ],
          [
            0.001954,
            -0.005871,
            -0.003956
          ],
          [
            -0.003248,
            -0.004054,
            0.00579
          ],
          [
            0.000465,
            -0.0,
            0.006244
          ],
          [
            -0.000825,
            -0.0,
            -0.013094
          ],
          [
            -0.01158,
            -0.0,
            -0.002066
          ],
          [
            -0.00022,
            0.008789,
            0.017973
          ],
          [
            -0.008318,
            -0.000272,
            0.011519
          ],
          [
            -0.00022,
            -0.008789,
            0.017973
          ],
          [
            -0.008318,
            0.000272,
            0.011519
          ],
          [
            -0.015759,
            -0.0,
            0.02176
          ],
          [
            0.010618,
            -0.0,
            0.007431
          ],
          [
            0.03161,
            -0.0,
            0.010323
          ]
        ],
        "Lattice": [
          [
            7.106,
            0.0,
            0.0
          ],
          [
            0.0,
            5.024699515,
            0.0
          ],
          [
            0.0,
            0.0,
            17.703958439
          ]
        ],
        "NumAtoms": 22,
        "Positions": [
          [
            0.0,
            2.51235,
            0.0
          ],
          [
            3.553,
            2.51235,
            0.0
          ],
          [
            0.0,
            0.0,
            0.0
          ],
          [
            3.553,
            0.0,
            0.0
          ],
          [
            1.7765,
            3.76852,
            1.25617
          ],
          [
            5.3295,
            3.76852,
            1.25617
          ],
          [
            1.7765,
            1.25618,
            1.25617
          ],
          [
            5.3295,
            1.25618,
            1.25617
          ],
          [
            7.1017,
            5.01873,
            2.47445
          ],
          [
            3.5556,
            5.01919,
            2.50254
          ],
          [
            7.1017,
            2.51832,
            2.47445
          ],
          [
            3.5556,
            2.51786,
            2.50254
          ],
          [
            1.80579,
            3.76852,
            3.79649
          ],
          [
            1.76368,
            1.25618,
            3.73432
          ],
          [
            5.33554,
            1.25618,
            3.76671
          ],
          [
            0.01177,
            2.52177,
            4.8909
          ],
          [
            3.52992,
            2.51623,
            5.01635
          ],
          [
            0.01177,
            5.01528,
            4.8909
          ],
          [
            3.52992,
            5.02082,
            5.01635
          ],
          [
            5.30176,
            3.76852,
            3.82715
          ],
          [
            3.59193,
            1.25617,
            6.49203
          ],
          [
            4.46327,
            1.25617,
            6.9315
          ]
        ],
        "Stress": [
          [
            -20.95542,
            0.0,
            0.35902
          ],
          [
            0.0,
            -20.74353,
            0.0
          ],
          [
            0.35902,
            0.0,
            -10.33388
          ]
        ],
        "computation_code": "VASP",
        "pseudopotential_information": [
          [
            "PAW_PBE",
            "Ni",
            "02Aug2007"
          ],
          [
            "PAW_PBE",
            "Fe",
            "06Sep2000"
          ],
          [
            "PAW_PBE",
            "O",
            "08Apr2002"
          ],
          [
            "PAW_PBE",
            "H",
            "15Jun2001"
          ]
        ]
      }
    ],
    "EnergyStyle": "electronvolt",
    "ForcesStyle": "electronvoltperangstrom",
    "LatticeStyle": "angstrom",
    "PositionsStyle": "angstrom",
    "StressStyle": "kB"
  }
}