{
  "Dataset": {
    "AtomTypeStyle": "chemicalsymbol",
    "Data": [
      {
        "AtomTypes": [
          "Ni",
          "Ni",
          "Ni",
          "Ni",
          "Ni",
          "Ni",
          "Ni",
          "Ni",
          "Ni",
          "Ni",
          "Ni",
          "Ni",
          "Ni",
          "Ni",
          "Ni",
          "Ni",
          "Ni",
          "Ni",
          "Ni",
          "Fe",
          "H"
        ],
        "Energy": -96.87820469,
        "Forces": [
          [
            0.019437,
            -0.016203,
            0.578066
          ],
          [
            -0.02489,
            -0.014896,
            0.566322
          ],
          [
            0.019437,
            0.016203,
            0.578066
          ],
          [
            -0.02489,
            0.014896,
            0.566322
          ],
          [
            -0.047259,
            0.0,
            -0.496815
          ],
          [
            0.061706,
            0.0,
            -0.463038
          ],
          [
            -0.038139,
            0.0,
            -0.739212
          ],
          [
            0.019098,
            0.0,
            -0.526212
          ],
          [
            -0.00472,
            0.02449,
            -0.017322
          ],
          [
            -0.004657,
            -0.019055,
            0.019526
          ],
          [
            -0.00472,
            -0.02449,
            -0.017322
          ],
          [
            -0.004657,
            0.019055,
            0.019526
          ],
          [
            -0.019246,
            0.0,
            -0.009425
          ],
          [
            -0.006323,
            0.0,
            0.017117
          ],
          [
            0.00764,
            0.0,
            -0.001086
          ],
          [
            -0.004235,
            -0.005169,
            -0.044838
          ],
          [
            -0.005118,
            -0.017765,
            0.004433
          ],
          [
            -0.004235,
            0.005169,
            -0.044838
          ],
          [
            -0.005118,
            0.017765,
            0.004433
          ],
          [
            0.021267,
            0.0,
            0.025081
          ],
          [
            0.049623,
            0.0,
            -0.018784
          ]
        ],
        "Lattice": [
          [
            7.106,
            0.0,
            0.0
          ],
          [
            0.0,
            5.024699515,
            0.0
          ],
          [
            0.0,
            0.0,
            17.703958439
          ]
        ],
        "NumAtoms": 21,
        "Positions": [
          [
            0.0,
            2.51235,
            0.0
          ],
          [
            3.553,
            2.51235,
            0.0
          ],
          [
            0.0,
            0.0,
            0.0
          ],
          [
            3.553,
            0.0,
            0.0
          ],
          [
            1.7765,
            3.76852,
            1.25617
          ],
          [
            5.3295,
            3.76852,
            1.25617
          ],
          [
            1.7765,
            1.25618,
            1.25617
          ],
          [
            5.3295,
            1.25618,
            1.25617
          ],
          [
            -0.00483,
            -0.00343,
            2.48646
          ],
          [
            3.55404,
            -0.00042,
            2.47057
          ],
          [
            -0.00483,
            2.51578,
            2.48646
          ],
          [
            3.55404,
            2.51277,
            2.47057
          ],
          [
            1.78966,
            3.76852,
            3.80017
          ],
          [
            1.76831,
            1.25618,
            3.76162
          ],
          [
            5.31963,
            1.25618,
            3.80308
          ],
          [
            0.00183,
            2.52324,
            4.9177
          ],
          [
            3.52774,
            2.509,
            4.96966
          ],
          [
            0.00183,
            5.01381,
            4.9177
          ],
          [
            3.52774,
            0.00335,
            4.96966
          ],
          [
            5.31082,
            3.76852,
            3.81459
          ],
          [
            3.60118,
            1.25617,
            6.01709
          ]
        ],
        "Stress": [
          [
            -20.30673,
            0.0,
            0.42205
          ],
          [
            0.0,
            -20.6934,
            0.0
          ],
          [
            0.42205,
            0.0,
            -10.48067
          ]
        ],
        "computation_code": "VASP",
        "pseudopotential_information": [
          [
            "PAW_PBE",
            "Ni",
            "02Aug2007"
          ],
          [
            "PAW_PBE",
            "Fe",
            "06Sep2000"
          ],
          [
            "PAW_PBE",
            "H",
            "15Jun2001"
          ]
        ]
      }
    ],
    "EnergyStyle": "electronvolt",
    "ForcesStyle": "electronvoltperangstrom",
    "LatticeStyle": "angstrom",
    "PositionsStyle": "angstrom",
    "StressStyle": "kB"
  }
}