{
  "Dataset": {
    "AtomTypeStyle": "chemicalsymbol",
    "Data": [
      {
        "AtomTypes": [
          "Ni",
          "Ni",
          "Ni",
          "Ni",
          "Ni",
          "Ni",
          "Ni",
          "Ni",
          "Ni",
          "Ni",
          "Ni",
          "Ni",
          "Ni",
          "Ni",
          "Ni",
          "Fe",
          "H"
        ],
        "Energy": -80.03348505,
        "Forces": [
          [
            -0.0,
            -0.0,
            0.307254
          ],
          [
            -0.0,
            -0.0,
            0.145237
          ],
          [
            -0.0,
            -0.0,
            0.343971
          ],
          [
            -0.0,
            -0.0,
            0.286025
          ],
          [
            0.014721,
            0.085428,
            -0.23686
          ],
          [
            -0.014721,
            0.085428,
            -0.23686
          ],
          [
            0.014721,
            -0.085428,
            -0.23686
          ],
          [
            -0.014721,
            -0.085428,
            -0.23686
          ],
          [
            -0.0,
            -0.0,
            -0.030435
          ],
          [
            -0.0,
            -0.0,
            -0.022538
          ],
          [
            -0.0,
            -0.0,
            -0.000942
          ],
          [
            0.011598,
            -0.007563,
            -0.016249
          ],
          [
            -0.011598,
            -0.007563,
            -0.016249
          ],
          [
            0.011598,
            0.007563,
            -0.016249
          ],
          [
            -0.011598,
            0.007563,
            -0.016249
          ],
          [
            -0.0,
            -0.0,
            -0.011217
          ],
          [
            -0.0,
            -0.0,
            -0.00492
          ]
        ],
        "Lattice": [
          [
            5.025196436,
            0.0,
            0.0
          ],
          [
            0.0,
            5.025196436,
            0.0
          ],
          [
            0.0,
            0.0,
            17.427492376
          ]
        ],
        "NumAtoms": 17,
        "Positions": [
          [
            3.7689,
            1.2563,
            0.0
          ],
          [
            3.7689,
            3.7689,
            0.0
          ],
          [
            1.2563,
            1.2563,
            0.0
          ],
          [
            1.2563,
            3.7689,
            0.0
          ],
          [
            0.0,
            0.0,
            1.77656
          ],
          [
            2.5126,
            0.0,
            1.77656
          ],
          [
            0.0,
            2.5126,
            1.77656
          ],
          [
            2.5126,
            2.5126,
            1.77656
          ],
          [
            3.7689,
            1.2563,
            3.60665
          ],
          [
            1.2563,
            3.7689,
            3.54826
          ],
          [
            3.7689,
            3.7689,
            3.57701
          ],
          [
            0.00865,
            -0.00629,
            5.31953
          ],
          [
            2.50394,
            -0.00629,
            5.31953
          ],
          [
            0.00865,
            2.51889,
            5.31953
          ],
          [
            2.50394,
            2.51889,
            5.31953
          ],
          [
            1.2563,
            1.2563,
            3.60141
          ],
          [
            1.2563,
            3.7689,
            5.88844
          ]
        ],
        "Stress": [
          [
            -24.15728,
            0.0,
            0.0
          ],
          [
            0.0,
            -24.27132,
            0.0
          ],
          [
            0.0,
            0.0,
            -11.02708
          ]
        ],
        "computation_code": "VASP",
        "pseudopotential_information": [
          [
            "PAW_PBE",
            "Ni",
            "02Aug2007"
          ],
          [
            "PAW_PBE",
            "Fe",
            "06Sep2000"
          ],
          [
            "PAW_PBE",
            "H",
            "15Jun2001"
          ]
        ]
      }
    ],
    "EnergyStyle": "electronvolt",
    "ForcesStyle": "electronvoltperangstrom",
    "LatticeStyle": "angstrom",
    "PositionsStyle": "angstrom",
    "StressStyle": "kB"
  }
}