{
  "Dataset": {
    "AtomTypeStyle": "chemicalsymbol",
    "Data": [
      {
        "AtomTypes": [
          "Ni",
          "Ni",
          "Ni",
          "Ni",
          "Ni",
          "Ni",
          "Ni",
          "Ni",
          "Ni",
          "Ni",
          "Ni",
          "Ni",
          "Ni",
          "Ni",
          "Ni",
          "Fe"
        ],
        "Energy": -76.15685365,
        "Forces": [
          [
            0.0,
            0.0,
            0.276947
          ],
          [
            0.0,
            0.0,
            0.118518
          ],
          [
            0.0,
            0.0,
            0.317268
          ],
          [
            0.0,
            0.0,
            0.276947
          ],
          [
            0.038436,
            0.038436,
            -0.345447
          ],
          [
            -0.038436,
            0.038436,
            -0.345447
          ],
          [
            0.038436,
            -0.038436,
            -0.345447
          ],
          [
            -0.038436,
            -0.038436,
            -0.345447
          ],
          [
            0.0,
            0.0,
            0.311649
          ],
          [
            0.0,
            0.0,
            0.311649
          ],
          [
            0.0,
            0.0,
            0.378837
          ],
          [
            0.032971,
            0.032971,
            -0.284488
          ],
          [
            -0.032971,
            0.032971,
            -0.284488
          ],
          [
            0.032971,
            -0.032971,
            -0.284488
          ],
          [
            -0.032971,
            -0.032971,
            -0.284488
          ],
          [
            0.0,
            0.0,
            0.527923
          ]
        ],
        "Lattice": [
          [
            5.025196436,
            0.0,
            0.0
          ],
          [
            0.0,
            5.025196436,
            0.0
          ],
          [
            0.0,
            0.0,
            17.427492376
          ]
        ],
        "NumAtoms": 16,
        "Positions": [
          [
            3.7689,
            1.2563,
            0.0
          ],
          [
            3.7689,
            3.7689,
            0.0
          ],
          [
            1.2563,
            1.2563,
            0.0
          ],
          [
            1.2563,
            3.7689,
            0.0
          ],
          [
            0.0,
            0.0,
            1.77656
          ],
          [
            2.5126,
            0.0,
            1.77656
          ],
          [
            0.0,
            2.5126,
            1.77656
          ],
          [
            2.5126,
            2.5126,
            1.77656
          ],
          [
            3.7689,
            1.2563,
            3.55654
          ],
          [
            1.2563,
            3.7689,
            3.55654
          ],
          [
            3.7689,
            3.7689,
            3.55718
          ],
          [
            0.00035,
            0.00035,
            5.32682
          ],
          [
            2.51225,
            0.00035,
            5.32682
          ],
          [
            0.00035,
            2.51225,
            5.32682
          ],
          [
            2.51225,
            2.51225,
            5.32682
          ],
          [
            1.2563,
            1.2563,
            3.55878
          ]
        ],
        "Stress": [
          [
            -25.88766,
            -0.0,
            0.0
          ],
          [
            -0.0,
            -25.88766,
            -0.0
          ],
          [
            0.0,
            -0.0,
            -13.92216
          ]
        ],
        "computation_code": "VASP",
        "pseudopotential_information": [
          [
            "PAW_PBE",
            "Ni",
            "02Aug2007"
          ],
          [
            "PAW_PBE",
            "Fe",
            "06Sep2000"
          ]
        ]
      }
    ],
    "EnergyStyle": "electronvolt",
    "ForcesStyle": "electronvoltperangstrom",
    "LatticeStyle": "angstrom",
    "PositionsStyle": "angstrom",
    "StressStyle": "kB"
  }
}