{
  "Dataset": {
    "AtomTypeStyle": "chemicalsymbol",
    "Data": [
      {
        "AtomTypes": [
          "Ni",
          "Ni",
          "Ni",
          "Ni",
          "Ni",
          "Ni",
          "Ni",
          "Ni",
          "Ni",
          "Ni",
          "Ni",
          "Ni",
          "Ni",
          "Ni",
          "Ni",
          "Fe",
          "O",
          "H"
        ],
        "Energy": -86.91409518,
        "Forces": [
          [
            0.034559,
            0.0,
            0.279118
          ],
          [
            -0.023565,
            0.0,
            0.128688
          ],
          [
            -0.032703,
            0.0,
            0.342547
          ],
          [
            -0.000884,
            0.0,
            0.270817
          ],
          [
            0.013668,
            0.085472,
            -0.252679
          ],
          [
            -0.044144,
            0.052349,
            -0.341178
          ],
          [
            0.013668,
            -0.085472,
            -0.252679
          ],
          [
            -0.044144,
            -0.052349,
            -0.341178
          ],
          [
            -0.014576,
            0.0,
            0.00477
          ],
          [
            0.010027,
            0.0,
            0.019406
          ],
          [
            0.039432,
            0.0,
            -0.00273
          ],
          [
            0.048723,
            -0.005908,
            0.016557
          ],
          [
            0.072706,
            -0.080704,
            0.073713
          ],
          [
            0.048723,
            0.005908,
            0.016557
          ],
          [
            0.072706,
            0.080704,
            0.073713
          ],
          [
            -0.087446,
            0.0,
            0.039441
          ],
          [
            0.278867,
            0.0,
            0.112887
          ],
          [
            -0.385618,
            0.0,
            -0.187771
          ]
        ],
        "Lattice": [
          [
            5.025196436,
            0.0,
            0.0
          ],
          [
            0.0,
            5.025196436,
            0.0
          ],
          [
            0.0,
            0.0,
            17.427492376
          ]
        ],
        "NumAtoms": 18,
        "Positions": [
          [
            3.7689,
            1.2563,
            0.0
          ],
          [
            3.7689,
            3.7689,
            0.0
          ],
          [
            1.2563,
            1.2563,
            0.0
          ],
          [
            1.2563,
            3.7689,
            0.0
          ],
          [
            0.0,
            0.0,
            1.77656
          ],
          [
            2.5126,
            0.0,
            1.77656
          ],
          [
            0.0,
            2.5126,
            1.77656
          ],
          [
            2.5126,
            2.5126,
            1.77656
          ],
          [
            3.718,
            1.2563,
            3.57491
          ],
          [
            1.26254,
            3.7689,
            3.55932
          ],
          [
            3.75385,
            3.7689,
            3.56108
          ],
          [
            5.02097,
            0.01757,
            5.22351
          ],
          [
            2.53491,
            0.0293,
            5.39486
          ],
          [
            5.02097,
            2.49503,
            5.22351
          ],
          [
            2.53491,
            2.4833,
            5.39486
          ],
          [
            1.27644,
            1.2563,
            3.5857
          ],
          [
            2.42183,
            3.7689,
            6.87887
          ],
          [
            3.27003,
            3.7689,
            7.38542
          ]
        ],
        "Stress": [
          [
            -19.61079,
            0.0,
            0.40128
          ],
          [
            0.0,
            -22.54166,
            0.0
          ],
          [
            0.40128,
            0.0,
            -10.72777
          ]
        ],
        "computation_code": "VASP",
        "pseudopotential_information": [
          [
            "PAW_PBE",
            "Ni",
            "02Aug2007"
          ],
          [
            "PAW_PBE",
            "Fe",
            "06Sep2000"
          ],
          [
            "PAW_PBE",
            "O",
            "08Apr2002"
          ],
          [
            "PAW_PBE",
            "H",
            "15Jun2001"
          ]
        ]
      }
    ],
    "EnergyStyle": "electronvolt",
    "ForcesStyle": "electronvoltperangstrom",
    "LatticeStyle": "angstrom",
    "PositionsStyle": "angstrom",
    "StressStyle": "kB"
  }
}