{
  "Dataset": {
    "AtomTypeStyle": "chemicalsymbol",
    "Data": [
      {
        "AtomTypes": [
          "Ni",
          "Ni",
          "Ni",
          "Ni",
          "Ni",
          "Ni",
          "Ni",
          "Ni",
          "Ni",
          "Ni",
          "Ni",
          "Ni",
          "Ni",
          "Ni",
          "Ni",
          "Fe",
          "O",
          "H"
        ],
        "Energy": -86.709619,
        "Forces": [
          [
            0.021696,
            0.012748,
            0.35153
          ],
          [
            -0.022666,
            -0.011108,
            0.332657
          ],
          [
            -0.020851,
            0.010451,
            0.356654
          ],
          [
            0.019281,
            -0.011817,
            0.332892
          ],
          [
            -0.003511,
            0.01058,
            -0.191568
          ],
          [
            -0.00466,
            0.050498,
            -0.212392
          ],
          [
            -0.003729,
            0.004359,
            -0.159266
          ],
          [
            -0.010624,
            -0.016183,
            -0.462211
          ],
          [
            0.031175,
            0.008159,
            -0.053635
          ],
          [
            -0.022411,
            0.010363,
            -0.059451
          ],
          [
            0.014372,
            -0.028235,
            -0.053968
          ],
          [
            -0.008133,
            -0.02428,
            -0.057421
          ],
          [
            0.040809,
            0.055137,
            -0.057155
          ],
          [
            0.000789,
            -0.028888,
            -0.033404
          ],
          [
            -0.00367,
            -0.026973,
            -0.052572
          ],
          [
            0.018902,
            -0.030274,
            -0.02573
          ],
          [
            0.039107,
            0.036334,
            0.040174
          ],
          [
            -0.085874,
            -0.020869,
            0.004867
          ]
        ],
        "Lattice": [
          [
            5.025196436,
            0.0,
            0.0
          ],
          [
            0.0,
            5.025196436,
            0.0
          ],
          [
            0.0,
            0.0,
            17.427492376
          ]
        ],
        "NumAtoms": 18,
        "Positions": [
          [
            3.7689,
            1.2563,
            0.0
          ],
          [
            3.7689,
            3.7689,
            0.0
          ],
          [
            1.2563,
            1.2563,
            0.0
          ],
          [
            1.2563,
            3.7689,
            0.0
          ],
          [
            0.0,
            0.0,
            1.77656
          ],
          [
            2.5126,
            0.0,
            1.77656
          ],
          [
            0.0,
            2.5126,
            1.77656
          ],
          [
            2.5126,
            2.5126,
            1.77656
          ],
          [
            1.28159,
            1.25498,
            3.61079
          ],
          [
            3.74254,
            1.25483,
            3.60453
          ],
          [
            1.26232,
            3.78005,
            3.59338
          ],
          [
            3.75443,
            3.7798,
            3.5952
          ],
          [
            2.50954,
            -0.00172,
            5.43981
          ],
          [
            5.02015,
            2.51406,
            5.24859
          ],
          [
            2.51888,
            2.4756,
            5.45812
          ],
          [
            5.01781,
            0.04591,
            5.28913
          ],
          [
            2.44309,
            3.75245,
            6.93858
          ],
          [
            3.28882,
            3.75041,
            7.43194
          ]
        ],
        "Stress": [
          [
            -24.47172,
            0.21383,
            -0.00695
          ],
          [
            0.21383,
            -27.27789,
            -0.36241
          ],
          [
            -0.00695,
            -0.36241,
            -16.84693
          ]
        ],
        "computation_code": "VASP",
        "pseudopotential_information": [
          [
            "PAW_PBE",
            "Ni",
            "02Aug2007"
          ],
          [
            "PAW_PBE",
            "Fe",
            "06Sep2000"
          ],
          [
            "PAW_PBE",
            "O",
            "08Apr2002"
          ],
          [
            "PAW_PBE",
            "H",
            "15Jun2001"
          ]
        ]
      }
    ],
    "EnergyStyle": "electronvolt",
    "ForcesStyle": "electronvoltperangstrom",
    "LatticeStyle": "angstrom",
    "PositionsStyle": "angstrom",
    "StressStyle": "kB"
  }
}