{
  "Dataset": {
    "AtomTypeStyle": "chemicalsymbol",
    "Data": [
      {
        "AtomTypes": [
          "Ni",
          "Ni",
          "Ni",
          "Ni",
          "Ni",
          "Ni",
          "Ni",
          "Ni",
          "Ni",
          "Ni",
          "Ni",
          "Ni",
          "Ni",
          "Ni",
          "Ni",
          "Ni",
          "Ni",
          "Ni",
          "Ni",
          "Fe",
          "O",
          "H"
        ],
        "Energy": -104.22082519,
        "Forces": [
          [
            -0.000751,
            -0.00883,
            0.567362
          ],
          [
            0.000378,
            -0.009381,
            0.49403
          ],
          [
            -0.001165,
            0.013254,
            0.497841
          ],
          [
            -0.000144,
            0.016256,
            0.568171
          ],
          [
            0.107397,
            -0.001146,
            -0.509553
          ],
          [
            -0.097689,
            -0.009687,
            -0.49278
          ],
          [
            0.14752,
            0.022305,
            -0.589961
          ],
          [
            -0.143385,
            0.029236,
            -0.578651
          ],
          [
            0.001648,
            -0.004109,
            -0.013365
          ],
          [
            -0.007644,
            -0.011724,
            0.010783
          ],
          [
            -0.008609,
            -0.004635,
            -0.025586
          ],
          [
            0.000476,
            0.011937,
            -0.012605
          ],
          [
            0.031949,
            -0.010902,
            0.016624
          ],
          [
            -0.022337,
            0.001034,
            0.011926
          ],
          [
            -0.002436,
            0.009684,
            0.003032
          ],
          [
            0.003341,
            0.008871,
            0.015695
          ],
          [
            -0.008991,
            0.007531,
            0.034084
          ],
          [
            0.00347,
            0.011215,
            0.012959
          ],
          [
            -0.017323,
            -0.038162,
            -0.011309
          ],
          [
            0.017669,
            -0.012099,
            0.010272
          ],
          [
            0.029542,
            -0.017929,
            0.02079
          ],
          [
            -0.032916,
            -0.002718,
            -0.02976
          ]
        ],
        "Lattice": [
          [
            7.106,
            0.0,
            0.0
          ],
          [
            0.0,
            5.024699515,
            0.0
          ],
          [
            0.0,
            0.0,
            17.703958439
          ]
        ],
        "NumAtoms": 22,
        "Positions": [
          [
            0.0,
            2.51235,
            0.0
          ],
          [
            3.553,
            2.51235,
            0.0
          ],
          [
            0.0,
            0.0,
            0.0
          ],
          [
            3.553,
            0.0,
            0.0
          ],
          [
            1.7765,
            3.76852,
            1.25617
          ],
          [
            5.3295,
            3.76852,
            1.25617
          ],
          [
            1.7765,
            1.25618,
            1.25617
          ],
          [
            5.3295,
            1.25618,
            1.25617
          ],
          [
            7.10429,
            0.00173,
            2.4557
          ],
          [
            3.55621,
            5.01879,
            2.5094
          ],
          [
            7.10511,
            2.52271,
            2.48274
          ],
          [
            3.55515,
            2.51237,
            2.52319
          ],
          [
            1.80581,
            3.7795,
            3.80786
          ],
          [
            5.30382,
            3.77429,
            3.82226
          ],
          [
            1.77856,
            1.26656,
            3.76909
          ],
          [
            5.32836,
            1.26478,
            3.77663
          ],
          [
            0.00939,
            2.51916,
            4.88014
          ],
          [
            0.00659,
            0.0047,
            4.87525
          ],
          [
            3.54681,
            0.04224,
            4.99388
          ],
          [
            3.54682,
            2.56867,
            5.03068
          ],
          [
            3.58658,
            1.30753,
            6.53639
          ],
          [
            4.445,
            1.27425,
            7.00189
          ]
        ],
        "Stress": [
          [
            -22.59781,
            -0.18266,
            0.02787
          ],
          [
            -0.18266,
            -22.71341,
            -0.57991
          ],
          [
            0.02787,
            -0.57991,
            -10.41989
          ]
        ],
        "computation_code": "VASP",
        "pseudopotential_information": [
          [
            "PAW_PBE",
            "Ni",
            "02Aug2007"
          ],
          [
            "PAW_PBE",
            "Fe",
            "06Sep2000"
          ],
          [
            "PAW_PBE",
            "O",
            "08Apr2002"
          ],
          [
            "PAW_PBE",
            "H",
            "15Jun2001"
          ]
        ]
      }
    ],
    "EnergyStyle": "electronvolt",
    "ForcesStyle": "electronvoltperangstrom",
    "LatticeStyle": "angstrom",
    "PositionsStyle": "angstrom",
    "StressStyle": "kB"
  }
}