{
  "Dataset": {
    "AtomTypeStyle": "chemicalsymbol",
    "Data": [
      {
        "AtomTypes": [
          "Ni",
          "Ni",
          "Ni",
          "Ni",
          "Ni",
          "Ni",
          "Ni",
          "Ni",
          "Ni",
          "Ni",
          "Ni",
          "Ni",
          "Ni",
          "Ni",
          "Ni",
          "Ni",
          "Ni",
          "Ni",
          "Ni",
          "Fe",
          "O",
          "H"
        ],
        "Energy": -104.10055266,
        "Forces": [
          [
            0.015071,
            -0.008966,
            0.555803
          ],
          [
            -0.017294,
            0.003454,
            0.598329
          ],
          [
            0.015071,
            0.008966,
            0.555803
          ],
          [
            -0.017294,
            -0.003454,
            0.598329
          ],
          [
            0.038735,
            0.0,
            -0.478966
          ],
          [
            -0.048526,
            0.0,
            -0.435982
          ],
          [
            0.069054,
            0.0,
            -0.803888
          ],
          [
            -0.081065,
            0.0,
            -0.575755
          ],
          [
            0.000325,
            0.000693,
            -0.004671
          ],
          [
            0.000782,
            0.006487,
            0.004087
          ],
          [
            0.000325,
            -0.000693,
            -0.004671
          ],
          [
            0.000782,
            -0.006487,
            0.004087
          ],
          [
            0.004847,
            0.0,
            0.001035
          ],
          [
            0.009687,
            0.0,
            0.001991
          ],
          [
            -0.006865,
            0.0,
            -0.002187
          ],
          [
            8e-05,
            0.00114,
            0.002009
          ],
          [
            0.002323,
            0.000331,
            0.001134
          ],
          [
            8e-05,
            -0.00114,
            0.002009
          ],
          [
            0.002323,
            -0.000331,
            0.001134
          ],
          [
            -0.004127,
            0.0,
            -0.006694
          ],
          [
            -0.028648,
            0.0,
            -0.020978
          ],
          [
            0.044335,
            0.0,
            0.008045
          ]
        ],
        "Lattice": [
          [
            7.106,
            0.0,
            0.0
          ],
          [
            0.0,
            5.024699515,
            0.0
          ],
          [
            0.0,
            0.0,
            17.703958439
          ]
        ],
        "NumAtoms": 22,
        "Positions": [
          [
            0.0,
            2.51235,
            0.0
          ],
          [
            3.553,
            2.51235,
            0.0
          ],
          [
            0.0,
            0.0,
            0.0
          ],
          [
            3.553,
            0.0,
            0.0
          ],
          [
            1.7765,
            3.76852,
            1.25617
          ],
          [
            5.3295,
            3.76852,
            1.25617
          ],
          [
            1.7765,
            1.25618,
            1.25617
          ],
          [
            5.3295,
            1.25618,
            1.25617
          ],
          [
            7.09956,
            5.01877,
            2.47755
          ],
          [
            3.5547,
            5.01894,
            2.50574
          ],
          [
            7.09956,
            2.51828,
            2.47755
          ],
          [
            3.5547,
            2.51811,
            2.50574
          ],
          [
            1.80436,
            3.76852,
            3.79997
          ],
          [
            1.76061,
            1.25618,
            3.73487
          ],
          [
            5.33258,
            1.25618,
            3.77057
          ],
          [
            0.01083,
            2.52243,
            4.89599
          ],
          [
            3.52401,
            2.51504,
            5.02483
          ],
          [
            0.01083,
            5.01462,
            4.89599
          ],
          [
            3.52401,
            5.02201,
            5.02483
          ],
          [
            5.29615,
            3.76852,
            3.83853
          ],
          [
            3.60645,
            1.25617,
            6.50191
          ],
          [
            4.48141,
            1.25617,
            6.9334
          ]
        ],
        "Stress": [
          [
            -21.76244,
            0.0,
            0.49775
          ],
          [
            0.0,
            -21.29124,
            0.0
          ],
          [
            0.49775,
            0.0,
            -11.63365
          ]
        ],
        "computation_code": "VASP",
        "pseudopotential_information": [
          [
            "PAW_PBE",
            "Ni",
            "02Aug2007"
          ],
          [
            "PAW_PBE",
            "Fe",
            "06Sep2000"
          ],
          [
            "PAW_PBE",
            "O",
            "08Apr2002"
          ],
          [
            "PAW_PBE",
            "H",
            "15Jun2001"
          ]
        ]
      }
    ],
    "EnergyStyle": "electronvolt",
    "ForcesStyle": "electronvoltperangstrom",
    "LatticeStyle": "angstrom",
    "PositionsStyle": "angstrom",
    "StressStyle": "kB"
  }
}