{
  "Dataset": {
    "AtomTypeStyle": "chemicalsymbol",
    "Data": [
      {
        "AtomTypes": [
          "Ni",
          "Ni",
          "Ni",
          "Ni",
          "Ni",
          "Ni",
          "Ni",
          "Ni",
          "Ni",
          "Ni",
          "Ni",
          "Ni",
          "Ni",
          "Ni",
          "Ni",
          "Ni",
          "Ni",
          "Ni",
          "Ni",
          "Fe",
          "O",
          "H"
        ],
        "Energy": -104.06035392,
        "Forces": [
          [
            -0.024294,
            -0.004371,
            0.547801
          ],
          [
            0.026595,
            0.007049,
            0.562575
          ],
          [
            -0.024294,
            0.004371,
            0.547801
          ],
          [
            0.026595,
            -0.007049,
            0.562575
          ],
          [
            0.046348,
            0.0,
            -0.508449
          ],
          [
            -0.037125,
            0.0,
            -0.726247
          ],
          [
            0.035017,
            0.0,
            -0.521413
          ],
          [
            -0.070371,
            0.0,
            -0.558326
          ],
          [
            -0.005198,
            -0.004168,
            -0.005839
          ],
          [
            0.000378,
            -0.012801,
            0.012516
          ],
          [
            -0.005198,
            0.004168,
            -0.005839
          ],
          [
            0.000378,
            0.012801,
            0.012516
          ],
          [
            0.023355,
            0.0,
            0.015076
          ],
          [
            -0.023374,
            0.0,
            0.00953
          ],
          [
            -0.002964,
            0.0,
            -0.000666
          ],
          [
            -0.006111,
            -0.010762,
            0.006726
          ],
          [
            0.002603,
            0.020261,
            0.002514
          ],
          [
            -0.006111,
            0.010762,
            0.006726
          ],
          [
            0.002603,
            -0.020261,
            0.002514
          ],
          [
            0.002897,
            0.0,
            0.013317
          ],
          [
            0.053687,
            0.0,
            0.029485
          ],
          [
            -0.015414,
            0.0,
            -0.004894
          ]
        ],
        "Lattice": [
          [
            7.106,
            0.0,
            0.0
          ],
          [
            0.0,
            5.024699515,
            0.0
          ],
          [
            0.0,
            0.0,
            17.703958439
          ]
        ],
        "NumAtoms": 22,
        "Positions": [
          [
            0.0,
            2.51235,
            0.0
          ],
          [
            3.553,
            2.51235,
            0.0
          ],
          [
            0.0,
            0.0,
            0.0
          ],
          [
            3.553,
            0.0,
            0.0
          ],
          [
            1.7765,
            3.76852,
            1.25617
          ],
          [
            5.3295,
            3.76852,
            1.25617
          ],
          [
            1.7765,
            1.25618,
            1.25617
          ],
          [
            5.3295,
            1.25618,
            1.25617
          ],
          [
            7.10098,
            5.02024,
            2.47461
          ],
          [
            3.55781,
            5.01988,
            2.49457
          ],
          [
            7.10098,
            2.51681,
            2.47461
          ],
          [
            3.55781,
            2.51717,
            2.49457
          ],
          [
            1.80688,
            3.76852,
            3.78742
          ],
          [
            5.3065,
            3.76852,
            3.78649
          ],
          [
            5.33483,
            1.25618,
            3.78197
          ],
          [
            0.01166,
            2.51026,
            4.89091
          ],
          [
            3.53165,
            2.49704,
            5.01895
          ],
          [
            0.01166,
            0.00209,
            4.89091
          ],
          [
            3.53165,
            0.0153,
            5.01895
          ],
          [
            1.77024,
            1.25618,
            3.76549
          ],
          [
            3.58441,
            1.25617,
            6.51813
          ],
          [
            4.47134,
            1.25617,
            6.92974
          ]
        ],
        "Stress": [
          [
            -21.41024,
            0.0,
            0.51634
          ],
          [
            0.0,
            -20.8971,
            0.0
          ],
          [
            0.51634,
            0.0,
            -10.28795
          ]
        ],
        "computation_code": "VASP",
        "pseudopotential_information": [
          [
            "PAW_PBE",
            "Ni",
            "02Aug2007"
          ],
          [
            "PAW_PBE",
            "Fe",
            "06Sep2000"
          ],
          [
            "PAW_PBE",
            "O",
            "08Apr2002"
          ],
          [
            "PAW_PBE",
            "H",
            "15Jun2001"
          ]
        ]
      }
    ],
    "EnergyStyle": "electronvolt",
    "ForcesStyle": "electronvoltperangstrom",
    "LatticeStyle": "angstrom",
    "PositionsStyle": "angstrom",
    "StressStyle": "kB"
  }
}