{
  "Dataset": {
    "AtomTypeStyle": "chemicalsymbol",
    "Data": [
      {
        "AtomTypes": [
          "Ni",
          "Ni",
          "Ni",
          "Ni",
          "Ni",
          "Ni",
          "Ni",
          "Ni",
          "Ni",
          "Ni",
          "Ni",
          "Ni",
          "Ni",
          "Ni",
          "Ni",
          "Fe",
          "O",
          "H"
        ],
        "Energy": -86.7055438,
        "Forces": [
          [
            0.021387,
            0.012515,
            0.351893
          ],
          [
            -0.023121,
            -0.010714,
            0.332678
          ],
          [
            -0.020789,
            0.010264,
            0.356932
          ],
          [
            0.019546,
            -0.011364,
            0.33283
          ],
          [
            -0.003915,
            0.011817,
            -0.194653
          ],
          [
            -0.004945,
            0.055279,
            -0.198748
          ],
          [
            -0.004062,
            0.005631,
            -0.162148
          ],
          [
            -0.01122,
            -0.017607,
            -0.450217
          ],
          [
            0.061946,
            0.006007,
            -0.050505
          ],
          [
            -0.056611,
            0.008512,
            -0.055393
          ],
          [
            0.031712,
            -0.026462,
            -0.033572
          ],
          [
            -0.028007,
            -0.020954,
            -0.033716
          ],
          [
            0.035994,
            -0.042991,
            -0.047675
          ],
          [
            -0.000978,
            -0.042041,
            -0.066706
          ],
          [
            -0.005774,
            0.067442,
            -0.005471
          ],
          [
            0.022679,
            -0.027904,
            -0.03391
          ],
          [
            0.270821,
            0.059157,
            0.057493
          ],
          [
            -0.304663,
            -0.036586,
            -0.099113
          ]
        ],
        "Lattice": [
          [
            5.025196436,
            0.0,
            0.0
          ],
          [
            0.0,
            5.025196436,
            0.0
          ],
          [
            0.0,
            0.0,
            17.427492376
          ]
        ],
        "NumAtoms": 18,
        "Positions": [
          [
            3.7689,
            1.2563,
            0.0
          ],
          [
            3.7689,
            3.7689,
            0.0
          ],
          [
            1.2563,
            1.2563,
            0.0
          ],
          [
            1.2563,
            3.7689,
            0.0
          ],
          [
            0.0,
            0.0,
            1.77656
          ],
          [
            2.5126,
            0.0,
            1.77656
          ],
          [
            0.0,
            2.5126,
            1.77656
          ],
          [
            2.5126,
            2.5126,
            1.77656
          ],
          [
            1.27734,
            1.25599,
            3.61195
          ],
          [
            3.74645,
            1.25553,
            3.60597
          ],
          [
            1.26039,
            3.78076,
            3.59361
          ],
          [
            3.75606,
            3.78012,
            3.59523
          ],
          [
            2.50705,
            0.00422,
            5.44502
          ],
          [
            5.02036,
            2.51851,
            5.25696
          ],
          [
            2.51926,
            2.46793,
            5.45791
          ],
          [
            5.01586,
            0.04712,
            5.29454
          ],
          [
            2.4382,
            3.74701,
            6.94624
          ],
          [
            3.29609,
            3.75373,
            7.42959
          ]
        ],
        "Stress": [
          [
            -25.65124,
            0.17343,
            -0.27239
          ],
          [
            0.17343,
            -27.92849,
            -0.42404
          ],
          [
            -0.27239,
            -0.42404,
            -18.09664
          ]
        ],
        "computation_code": "VASP",
        "pseudopotential_information": [
          [
            "PAW_PBE",
            "Ni",
            "02Aug2007"
          ],
          [
            "PAW_PBE",
            "Fe",
            "06Sep2000"
          ],
          [
            "PAW_PBE",
            "O",
            "08Apr2002"
          ],
          [
            "PAW_PBE",
            "H",
            "15Jun2001"
          ]
        ]
      }
    ],
    "EnergyStyle": "electronvolt",
    "ForcesStyle": "electronvoltperangstrom",
    "LatticeStyle": "angstrom",
    "PositionsStyle": "angstrom",
    "StressStyle": "kB"
  }
}