{
  "Dataset": {
    "AtomTypeStyle": "chemicalsymbol",
    "Data": [
      {
        "AtomTypes": [
          "O",
          "H",
          "H"
        ],
        "Energy": -13.86687421,
        "Forces": [
          [
            4.341913,
            4.651656,
            2.859964
          ],
          [
            -0.257144,
            -0.27524,
            -0.978926
          ],
          [
            -4.084769,
            -4.376416,
            -1.881038
          ]
        ],
        "Lattice": [
          [
            14.0,
            0.0,
            0.0
          ],
          [
            0.0,
            15.0,
            0.0
          ],
          [
            0.0,
            0.0,
            16.0
          ]
        ],
        "NumAtoms": 3,
        "Positions": [
          [
            7.0,
            7.5,
            7.90595
          ],
          [
            7.0,
            7.5,
            8.89405
          ],
          [
            6.44,
            6.9,
            7.58595
          ]
        ],
        "Stress": [
          [
            0.7039,
            1.1953,
            0.51445
          ],
          [
            1.1953,
            0.86933,
            0.55122
          ],
          [
            0.51445,
            0.55122,
            -0.51453
          ]
        ],
        "computation_code": "VASP",
        "pseudopotential_information": [
          [
            "PAW_PBE",
            "O",
            "08Apr2002"
          ],
          [
            "PAW_PBE",
            "H",
            "15Jun2001"
          ]
        ]
      }
    ],
    "EnergyStyle": "electronvolt",
    "ForcesStyle": "electronvoltperangstrom",
    "LatticeStyle": "angstrom",
    "PositionsStyle": "angstrom",
    "StressStyle": "kB"
  }
}