{
  "Dataset": {
    "AtomTypeStyle": "chemicalsymbol",
    "Data": [
      {
        "AtomTypes": [
          "Ni",
          "Ni",
          "Ni",
          "Ni",
          "Ni",
          "Ni",
          "Ni",
          "Ni",
          "Ni",
          "Ni",
          "Ni",
          "Ni",
          "Ni",
          "Re",
          "Ni",
          "Ni",
          "O",
          "H"
        ],
        "Energy": -90.02173438,
        "Forces": [
          [
            0.012107,
            -0.006658,
            0.351394
          ],
          [
            0.002567,
            -0.001162,
            0.349339
          ],
          [
            -0.015,
            -0.007755,
            0.350927
          ],
          [
            -0.003795,
            0.00161,
            0.351886
          ],
          [
            -0.013567,
            0.026364,
            -0.211844
          ],
          [
            -0.013028,
            -0.017546,
            -0.347042
          ],
          [
            -0.017874,
            0.035293,
            -0.514668
          ],
          [
            -0.009088,
            -0.032403,
            -0.319415
          ],
          [
            0.007779,
            -0.003128,
            -0.003542
          ],
          [
            0.005337,
            -0.005972,
            -0.000555
          ],
          [
            0.00938,
            0.002502,
            -0.002233
          ],
          [
            0.002933,
            0.000809,
            -0.001608
          ],
          [
            0.007009,
            -0.002255,
            -0.005852
          ],
          [
            -0.002795,
            -0.012153,
            0.022706
          ],
          [
            0.007298,
            0.001374,
            0.004702
          ],
          [
            0.010108,
            0.003843,
            0.006353
          ],
          [
            -0.042484,
            0.017211,
            -0.04849
          ],
          [
            0.053114,
            2.5e-05,
            0.017941
          ]
        ],
        "Lattice": [
          [
            5.025196436,
            0.0,
            0.0
          ],
          [
            0.0,
            5.025196436,
            0.0
          ],
          [
            0.0,
            0.0,
            17.427492376
          ]
        ],
        "NumAtoms": 18,
        "Positions": [
          [
            3.7689,
            1.2563,
            0.0
          ],
          [
            3.7689,
            3.7689,
            0.0
          ],
          [
            1.2563,
            1.2563,
            0.0
          ],
          [
            1.2563,
            3.7689,
            0.0
          ],
          [
            0.0,
            0.0,
            1.77656
          ],
          [
            2.5126,
            0.0,
            1.77656
          ],
          [
            0.0,
            2.5126,
            1.77656
          ],
          [
            2.5126,
            2.5126,
            1.77656
          ],
          [
            1.27029,
            1.25481,
            3.59108
          ],
          [
            3.73687,
            1.25264,
            3.59663
          ],
          [
            1.27491,
            3.75536,
            3.6039
          ],
          [
            3.74311,
            3.7569,
            3.60178
          ],
          [
            5.0242,
            0.01234,
            5.27356
          ],
          [
            2.5126,
            -0.07086,
            5.3732
          ],
          [
            5.00963,
            2.48676,
            5.2905
          ],
          [
            2.48972,
            2.34388,
            5.54306
          ],
          [
            2.49082,
            3.82721,
            7.051
          ],
          [
            3.36331,
            3.81417,
            7.49342
          ]
        ],
        "Stress": [
          [
            -24.16304,
            -0.26969,
            0.89236
          ],
          [
            -0.26969,
            -27.74455,
            0.2023
          ],
          [
            0.89236,
            0.2023,
            -14.23408
          ]
        ],
        "computation_code": "VASP",
        "pseudopotential_information": [
          [
            "PAW_PBE",
            "Ni",
            "02Aug2007"
          ],
          [
            "PAW_PBE",
            "Re",
            "17Jan2003"
          ],
          [
            "PAW_PBE",
            "O",
            "08Apr2002"
          ],
          [
            "PAW_PBE",
            "H",
            "15Jun2001"
          ]
        ]
      }
    ],
    "EnergyStyle": "electronvolt",
    "ForcesStyle": "electronvoltperangstrom",
    "LatticeStyle": "angstrom",
    "PositionsStyle": "angstrom",
    "StressStyle": "kB"
  }
}