{
  "Dataset": {
    "AtomTypeStyle": "chemicalsymbol",
    "Data": [
      {
        "AtomTypes": [
          "Ni",
          "Ni",
          "Ni",
          "Ni",
          "Ni",
          "Ni",
          "Ni",
          "Ni",
          "Re",
          "Ni",
          "Ni",
          "Ni",
          "Ni",
          "Ni",
          "Ni",
          "Ni",
          "O"
        ],
        "Energy": -86.85270482,
        "Forces": [
          [
            0.0,
            0.0,
            0.291059
          ],
          [
            0.0,
            0.0,
            -0.129867
          ],
          [
            0.0,
            0.0,
            0.247377
          ],
          [
            0.0,
            0.0,
            0.256514
          ],
          [
            -0.313903,
            0.28085,
            -0.457925
          ],
          [
            0.313903,
            0.28085,
            -0.457925
          ],
          [
            -0.313903,
            -0.28085,
            -0.457925
          ],
          [
            0.313903,
            -0.28085,
            -0.457925
          ],
          [
            0.0,
            0.0,
            -0.10257
          ],
          [
            0.0,
            0.0,
            -0.04311
          ],
          [
            0.0,
            0.0,
            0.989567
          ],
          [
            0.0,
            0.0,
            0.25581
          ],
          [
            -0.355988,
            -0.109268,
            -0.055988
          ],
          [
            0.355988,
            -0.109268,
            -0.055988
          ],
          [
            -0.355988,
            0.109268,
            -0.055988
          ],
          [
            0.355988,
            0.109268,
            -0.055988
          ],
          [
            0.0,
            0.0,
            0.290873
          ]
        ],
        "Lattice": [
          [
            5.025196436,
            0.0,
            0.0
          ],
          [
            0.0,
            5.025196436,
            0.0
          ],
          [
            0.0,
            0.0,
            17.427492376
          ]
        ],
        "NumAtoms": 17,
        "Positions": [
          [
            3.7689,
            1.2563,
            0.0
          ],
          [
            3.7689,
            3.7689,
            0.0
          ],
          [
            1.2563,
            1.2563,
            0.0
          ],
          [
            1.2563,
            3.7689,
            0.0
          ],
          [
            0.0,
            0.0,
            1.77656
          ],
          [
            2.5126,
            0.0,
            1.77656
          ],
          [
            0.0,
            2.5126,
            1.77656
          ],
          [
            2.5126,
            2.5126,
            1.77656
          ],
          [
            1.2563,
            1.2563,
            3.58749
          ],
          [
            3.7689,
            1.2563,
            3.66391
          ],
          [
            1.2563,
            3.7689,
            3.35976
          ],
          [
            3.7689,
            3.7689,
            3.55177
          ],
          [
            0.05941,
            -0.00389,
            5.36031
          ],
          [
            2.45319,
            -0.00389,
            5.36031
          ],
          [
            0.05941,
            2.51649,
            5.36031
          ],
          [
            2.45319,
            2.51649,
            5.36031
          ],
          [
            1.2563,
            3.7689,
            6.2542
          ]
        ],
        "Stress": [
          [
            -13.7744,
            0.0,
            0.0
          ],
          [
            0.0,
            -12.83398,
            0.0
          ],
          [
            0.0,
            0.0,
            -0.96199
          ]
        ],
        "computation_code": "VASP",
        "pseudopotential_information": [
          [
            "PAW_PBE",
            "Ni",
            "02Aug2007"
          ],
          [
            "PAW_PBE",
            "Re",
            "17Jan2003"
          ],
          [
            "PAW_PBE",
            "O",
            "08Apr2002"
          ]
        ]
      }
    ],
    "EnergyStyle": "electronvolt",
    "ForcesStyle": "electronvoltperangstrom",
    "LatticeStyle": "angstrom",
    "PositionsStyle": "angstrom",
    "StressStyle": "kB"
  }
}