{
  "Dataset": {
    "AtomTypeStyle": "chemicalsymbol",
    "Data": [
      {
        "AtomTypes": [
          "Ni",
          "Ni",
          "Ni",
          "Ni",
          "Ni",
          "Ni",
          "Ni",
          "Ni",
          "Ni",
          "Ni",
          "Ni",
          "Ni",
          "Re",
          "Ni",
          "Ni",
          "Ni",
          "O"
        ],
        "Energy": -86.60180179,
        "Forces": [
          [
            0.017845,
            -0.022127,
            0.350301
          ],
          [
            0.00635,
            0.00635,
            0.340543
          ],
          [
            -0.005035,
            -0.005035,
            0.319101
          ],
          [
            -0.022127,
            0.017845,
            0.350301
          ],
          [
            0.067706,
            0.067706,
            -0.43605
          ],
          [
            -0.054148,
            0.075196,
            -0.36495
          ],
          [
            0.075196,
            -0.054148,
            -0.36495
          ],
          [
            -0.142502,
            -0.142502,
            -0.533251
          ],
          [
            -0.016733,
            -0.016733,
            0.029643
          ],
          [
            0.016321,
            -0.036774,
            0.034897
          ],
          [
            -0.036774,
            0.016321,
            0.034897
          ],
          [
            0.031785,
            0.031785,
            0.03943
          ],
          [
            -0.011295,
            -0.011295,
            0.017557
          ],
          [
            0.02616,
            0.012304,
            0.09006
          ],
          [
            0.012304,
            0.02616,
            0.09006
          ],
          [
            0.019473,
            0.019473,
            -0.052635
          ],
          [
            0.015474,
            0.015474,
            0.055046
          ]
        ],
        "Lattice": [
          [
            5.025196436,
            0.0,
            0.0
          ],
          [
            0.0,
            5.025196436,
            0.0
          ],
          [
            0.0,
            0.0,
            17.427492376
          ]
        ],
        "NumAtoms": 17,
        "Positions": [
          [
            3.7689,
            1.2563,
            0.0
          ],
          [
            3.7689,
            3.7689,
            0.0
          ],
          [
            1.2563,
            1.2563,
            0.0
          ],
          [
            1.2563,
            3.7689,
            0.0
          ],
          [
            0.0,
            0.0,
            1.77656
          ],
          [
            2.5126,
            0.0,
            1.77656
          ],
          [
            0.0,
            2.5126,
            1.77656
          ],
          [
            2.5126,
            2.5126,
            1.77656
          ],
          [
            1.26141,
            1.26141,
            3.51696
          ],
          [
            3.78393,
            1.25852,
            3.64463
          ],
          [
            1.25852,
            3.78393,
            3.64463
          ],
          [
            3.77073,
            3.77073,
            3.44105
          ],
          [
            4.81935,
            4.81935,
            5.4206
          ],
          [
            2.43637,
            0.37248,
            5.50404
          ],
          [
            0.37248,
            2.43637,
            5.50404
          ],
          [
            2.93235,
            2.93235,
            5.45943
          ],
          [
            0.82002,
            0.82002,
            6.60296
          ]
        ],
        "Stress": [
          [
            -34.31164,
            0.4079,
            0.8614
          ],
          [
            0.4079,
            -34.31164,
            0.8614
          ],
          [
            0.8614,
            0.8614,
            -9.74596
          ]
        ],
        "computation_code": "VASP",
        "pseudopotential_information": [
          [
            "PAW_PBE",
            "Ni",
            "02Aug2007"
          ],
          [
            "PAW_PBE",
            "Re",
            "17Jan2003"
          ],
          [
            "PAW_PBE",
            "O",
            "08Apr2002"
          ]
        ]
      }
    ],
    "EnergyStyle": "electronvolt",
    "ForcesStyle": "electronvoltperangstrom",
    "LatticeStyle": "angstrom",
    "PositionsStyle": "angstrom",
    "StressStyle": "kB"
  }
}