{
  "Dataset": {
    "AtomTypeStyle": "chemicalsymbol",
    "Data": [
      {
        "AtomTypes": [
          "Ni",
          "Ni",
          "Ni",
          "Ni",
          "Ni",
          "Ni",
          "Ni",
          "Ni",
          "Re",
          "Ni",
          "Ni",
          "Ni",
          "Ni",
          "Ni",
          "Ni",
          "Ni",
          "O",
          "H"
        ],
        "Energy": -90.46859215,
        "Forces": [
          [
            0.011293,
            0.0,
            0.330022
          ],
          [
            0.012889,
            0.0,
            -0.04738
          ],
          [
            -0.037781,
            0.0,
            0.249028
          ],
          [
            0.022649,
            0.0,
            0.330715
          ],
          [
            0.019846,
            0.070919,
            -0.190414
          ],
          [
            -0.032001,
            0.034528,
            -0.239826
          ],
          [
            0.019846,
            -0.070919,
            -0.190414
          ],
          [
            -0.032001,
            -0.034528,
            -0.239826
          ],
          [
            0.021658,
            0.0,
            -0.044364
          ],
          [
            -0.0069,
            0.0,
            -0.001481
          ],
          [
            -0.002247,
            0.0,
            -0.00348
          ],
          [
            -0.002783,
            0.0,
            -0.020038
          ],
          [
            0.005402,
            -0.007259,
            -0.006245
          ],
          [
            0.007931,
            -0.017825,
            0.044727
          ],
          [
            0.005402,
            0.007259,
            -0.006245
          ],
          [
            0.007931,
            0.017825,
            0.044727
          ],
          [
            -0.011226,
            0.0,
            -0.00527
          ],
          [
            -0.009909,
            0.0,
            -0.004238
          ]
        ],
        "Lattice": [
          [
            5.025196436,
            0.0,
            0.0
          ],
          [
            0.0,
            5.025196436,
            0.0
          ],
          [
            0.0,
            0.0,
            17.427492376
          ]
        ],
        "NumAtoms": 18,
        "Positions": [
          [
            3.7689,
            1.2563,
            0.0
          ],
          [
            3.7689,
            3.7689,
            0.0
          ],
          [
            1.2563,
            1.2563,
            0.0
          ],
          [
            1.2563,
            3.7689,
            0.0
          ],
          [
            0.0,
            0.0,
            1.77656
          ],
          [
            2.5126,
            0.0,
            1.77656
          ],
          [
            0.0,
            2.5126,
            1.77656
          ],
          [
            2.5126,
            2.5126,
            1.77656
          ],
          [
            1.27483,
            1.2563,
            3.6618
          ],
          [
            3.73978,
            1.2563,
            3.57936
          ],
          [
            1.26542,
            3.7689,
            3.56338
          ],
          [
            3.76271,
            3.7689,
            3.5699
          ],
          [
            5.00914,
            0.00463,
            5.28342
          ],
          [
            2.53397,
            -0.00277,
            5.40827
          ],
          [
            5.00914,
            2.50797,
            5.28342
          ],
          [
            2.53397,
            2.51537,
            5.40827
          ],
          [
            2.47012,
            3.7689,
            6.93135
          ],
          [
            3.25701,
            3.7689,
            7.50967
          ]
        ],
        "Stress": [
          [
            -12.22,
            0.0,
            0.10063
          ],
          [
            0.0,
            -14.17815,
            0.0
          ],
          [
            0.10063,
            0.0,
            -10.02678
          ]
        ],
        "computation_code": "VASP",
        "pseudopotential_information": [
          [
            "PAW_PBE",
            "Ni",
            "02Aug2007"
          ],
          [
            "PAW_PBE",
            "Re",
            "17Jan2003"
          ],
          [
            "PAW_PBE",
            "O",
            "08Apr2002"
          ],
          [
            "PAW_PBE",
            "H",
            "15Jun2001"
          ]
        ]
      }
    ],
    "EnergyStyle": "electronvolt",
    "ForcesStyle": "electronvoltperangstrom",
    "LatticeStyle": "angstrom",
    "PositionsStyle": "angstrom",
    "StressStyle": "kB"
  }
}