{
  "Dataset": {
    "AtomTypeStyle": "chemicalsymbol",
    "Data": [
      {
        "AtomTypes": [
          "Ni",
          "Ni",
          "Ni",
          "Ni",
          "Ni",
          "Ni",
          "Ni",
          "Ni",
          "Ni",
          "Ni",
          "Re",
          "Ni",
          "Ni",
          "Ni",
          "Ni",
          "Ni",
          "O",
          "H"
        ],
        "Energy": -90.35242284,
        "Forces": [
          [
            0.01369,
            -0.0,
            -0.090988
          ],
          [
            -0.002581,
            -0.0,
            0.281274
          ],
          [
            -0.011802,
            -0.0,
            0.323985
          ],
          [
            5.1e-05,
            -0.0,
            0.186427
          ],
          [
            0.02618,
            0.037505,
            -0.230721
          ],
          [
            0.00794,
            0.057614,
            -0.366932
          ],
          [
            0.02618,
            -0.037505,
            -0.230721
          ],
          [
            0.00794,
            -0.057614,
            -0.366932
          ],
          [
            -0.035102,
            -0.0,
            0.088333
          ],
          [
            0.029607,
            -0.0,
            0.064294
          ],
          [
            -0.022478,
            -0.0,
            -0.008141
          ],
          [
            0.004935,
            -0.0,
            0.083184
          ],
          [
            -0.072267,
            0.00494,
            0.020942
          ],
          [
            -0.025575,
            0.024727,
            0.074875
          ],
          [
            -0.072267,
            -0.00494,
            0.020942
          ],
          [
            -0.025575,
            -0.024727,
            0.074875
          ],
          [
            0.103457,
            -0.0,
            0.089784
          ],
          [
            0.047664,
            -0.0,
            -0.014479
          ]
        ],
        "Lattice": [
          [
            5.025196436,
            0.0,
            0.0
          ],
          [
            0.0,
            5.025196436,
            0.0
          ],
          [
            0.0,
            0.0,
            17.427492376
          ]
        ],
        "NumAtoms": 18,
        "Positions": [
          [
            3.7689,
            1.2563,
            0.0
          ],
          [
            3.7689,
            3.7689,
            0.0
          ],
          [
            1.2563,
            1.2563,
            0.0
          ],
          [
            1.2563,
            3.7689,
            0.0
          ],
          [
            0.0,
            0.0,
            1.77656
          ],
          [
            2.5126,
            0.0,
            1.77656
          ],
          [
            0.0,
            2.5126,
            1.77656
          ],
          [
            2.5126,
            2.5126,
            1.77656
          ],
          [
            1.29542,
            1.2563,
            3.5616
          ],
          [
            3.74539,
            1.2563,
            3.57916
          ],
          [
            1.24873,
            3.7689,
            3.58765
          ],
          [
            3.74621,
            3.7689,
            3.53258
          ],
          [
            5.0155,
            0.01298,
            5.25448
          ],
          [
            2.49023,
            -0.00539,
            5.40647
          ],
          [
            5.0155,
            2.49961,
            5.25448
          ],
          [
            2.49023,
            2.51798,
            5.40647
          ],
          [
            2.44268,
            3.7689,
            6.91388
          ],
          [
            3.29673,
            3.7689,
            7.38967
          ]
        ],
        "Stress": [
          [
            -9.1856,
            0.0,
            0.42011
          ],
          [
            0.0,
            -14.94511,
            0.0
          ],
          [
            0.42011,
            0.0,
            -4.23669
          ]
        ],
        "computation_code": "VASP",
        "pseudopotential_information": [
          [
            "PAW_PBE",
            "Ni",
            "02Aug2007"
          ],
          [
            "PAW_PBE",
            "Re",
            "17Jan2003"
          ],
          [
            "PAW_PBE",
            "O",
            "08Apr2002"
          ],
          [
            "PAW_PBE",
            "H",
            "15Jun2001"
          ]
        ]
      }
    ],
    "EnergyStyle": "electronvolt",
    "ForcesStyle": "electronvoltperangstrom",
    "LatticeStyle": "angstrom",
    "PositionsStyle": "angstrom",
    "StressStyle": "kB"
  }
}