{
  "Dataset": {
    "AtomTypeStyle": "chemicalsymbol",
    "Data": [
      {
        "AtomTypes": [
          "Ni",
          "Ni",
          "Ni",
          "Ni",
          "Ni",
          "Ni",
          "Ni",
          "Ni",
          "Ni",
          "Ni",
          "Ni",
          "Ni",
          "Ni",
          "Re",
          "Ni",
          "Ni",
          "O",
          "H"
        ],
        "Energy": -89.99869131,
        "Forces": [
          [
            0.013365,
            -0.006414,
            0.337895
          ],
          [
            0.001243,
            0.001383,
            0.336664
          ],
          [
            -0.014802,
            -0.007065,
            0.337374
          ],
          [
            -0.001964,
            0.002591,
            0.337178
          ],
          [
            -0.019447,
            0.057408,
            -0.336771
          ],
          [
            -0.000249,
            0.010524,
            -0.450401
          ],
          [
            -0.01977,
            0.079269,
            -0.644075
          ],
          [
            -0.000434,
            0.015548,
            -0.432228
          ],
          [
            0.032377,
            -0.060631,
            0.05417
          ],
          [
            -0.053474,
            -0.049475,
            0.033046
          ],
          [
            0.071978,
            -0.009301,
            0.065274
          ],
          [
            -0.08437,
            -0.030668,
            0.045962
          ],
          [
            0.026343,
            -0.012799,
            0.020711
          ],
          [
            0.004061,
            0.095458,
            -0.17245
          ],
          [
            -0.018544,
            0.035526,
            0.057446
          ],
          [
            -0.034744,
            -0.060319,
            0.105311
          ],
          [
            0.130878,
            -0.139447,
            0.27996
          ],
          [
            -0.032448,
            0.078411,
            0.024933
          ]
        ],
        "Lattice": [
          [
            5.025196436,
            0.0,
            0.0
          ],
          [
            0.0,
            5.025196436,
            0.0
          ],
          [
            0.0,
            0.0,
            17.427492376
          ]
        ],
        "NumAtoms": 18,
        "Positions": [
          [
            3.7689,
            1.2563,
            0.0
          ],
          [
            3.7689,
            3.7689,
            0.0
          ],
          [
            1.2563,
            1.2563,
            0.0
          ],
          [
            1.2563,
            3.7689,
            0.0
          ],
          [
            0.0,
            0.0,
            1.77656
          ],
          [
            2.5126,
            0.0,
            1.77656
          ],
          [
            0.0,
            2.5126,
            1.77656
          ],
          [
            2.5126,
            2.5126,
            1.77656
          ],
          [
            1.26838,
            1.26853,
            3.56103
          ],
          [
            3.74637,
            1.26992,
            3.56797
          ],
          [
            1.26734,
            3.7722,
            3.57531
          ],
          [
            3.75072,
            3.77498,
            3.57874
          ],
          [
            5.01578,
            0.02593,
            5.24585
          ],
          [
            2.50657,
            -0.04107,
            5.34128
          ],
          [
            5.01747,
            2.49296,
            5.25943
          ],
          [
            2.49971,
            2.38172,
            5.46164
          ],
          [
            2.43787,
            3.8415,
            6.98526
          ],
          [
            3.31037,
            3.76407,
            7.42637
          ]
        ],
        "Stress": [
          [
            -21.23903,
            0.02436,
            1.41786
          ],
          [
            0.02436,
            -23.24535,
            -1.24518
          ],
          [
            1.41786,
            -1.24518,
            -6.40486
          ]
        ],
        "computation_code": "VASP",
        "pseudopotential_information": [
          [
            "PAW_PBE",
            "Ni",
            "02Aug2007"
          ],
          [
            "PAW_PBE",
            "Re",
            "17Jan2003"
          ],
          [
            "PAW_PBE",
            "O",
            "08Apr2002"
          ],
          [
            "PAW_PBE",
            "H",
            "15Jun2001"
          ]
        ]
      }
    ],
    "EnergyStyle": "electronvolt",
    "ForcesStyle": "electronvoltperangstrom",
    "LatticeStyle": "angstrom",
    "PositionsStyle": "angstrom",
    "StressStyle": "kB"
  }
}