{
  "Dataset": {
    "AtomTypeStyle": "chemicalsymbol",
    "Data": [
      {
        "AtomTypes": [
          "Ni",
          "Ni",
          "Ni",
          "Ni",
          "Ni",
          "Ni",
          "Ni",
          "Ni",
          "Ni",
          "Ni",
          "Ni",
          "Ni",
          "Re",
          "Ni",
          "Ni",
          "Ni",
          "O",
          "H"
        ],
        "Energy": -89.20455413,
        "Forces": [
          [
            0.026947,
            0.001739,
            0.367709
          ],
          [
            -0.009451,
            -0.000506,
            0.335674
          ],
          [
            -0.028008,
            -0.001827,
            0.369101
          ],
          [
            0.007777,
            0.00096,
            0.338715
          ],
          [
            0.003105,
            0.017871,
            -0.351739
          ],
          [
            -0.007052,
            0.016761,
            -0.296513
          ],
          [
            0.000249,
            -0.021693,
            -0.268658
          ],
          [
            -0.002682,
            -0.022467,
            -0.553385
          ],
          [
            0.006243,
            0.013098,
            0.029767
          ],
          [
            -0.003406,
            0.017017,
            0.023983
          ],
          [
            0.008556,
            -0.025597,
            0.00861
          ],
          [
            -0.007248,
            -0.034104,
            0.011354
          ],
          [
            -0.001633,
            -0.001896,
            -0.037976
          ],
          [
            0.006582,
            0.019127,
            0.001679
          ],
          [
            0.004998,
            0.016404,
            -0.014417
          ],
          [
            0.011862,
            0.010063,
            0.014691
          ],
          [
            -0.075935,
            -0.012388,
            -0.036156
          ],
          [
            0.059096,
            0.007439,
            0.05756
          ]
        ],
        "Lattice": [
          [
            5.025196436,
            0.0,
            0.0
          ],
          [
            0.0,
            5.025196436,
            0.0
          ],
          [
            0.0,
            0.0,
            17.427492376
          ]
        ],
        "NumAtoms": 18,
        "Positions": [
          [
            3.7689,
            1.2563,
            0.0
          ],
          [
            3.7689,
            3.7689,
            0.0
          ],
          [
            1.2563,
            1.2563,
            0.0
          ],
          [
            1.2563,
            3.7689,
            0.0
          ],
          [
            0.0,
            0.0,
            1.77656
          ],
          [
            2.5126,
            0.0,
            1.77656
          ],
          [
            0.0,
            2.5126,
            1.77656
          ],
          [
            2.5126,
            2.5126,
            1.77656
          ],
          [
            1.28567,
            1.25869,
            3.61439
          ],
          [
            3.74206,
            1.25509,
            3.61045
          ],
          [
            1.26939,
            3.76995,
            3.5939
          ],
          [
            3.75035,
            3.77098,
            3.59301
          ],
          [
            -0.00121,
            0.02358,
            5.2619
          ],
          [
            2.51898,
            0.01736,
            5.4857
          ],
          [
            5.01456,
            2.52196,
            5.29831
          ],
          [
            2.51039,
            2.47257,
            5.51352
          ],
          [
            2.43328,
            3.78355,
            6.97453
          ],
          [
            3.27437,
            3.79322,
            7.47248
          ]
        ],
        "Stress": [
          [
            -22.10825,
            0.30444,
            0.24627
          ],
          [
            0.30444,
            -25.70186,
            0.27922
          ],
          [
            0.24627,
            0.27922,
            -13.6548
          ]
        ],
        "computation_code": "VASP",
        "pseudopotential_information": [
          [
            "PAW_PBE",
            "Ni",
            "02Aug2007"
          ],
          [
            "PAW_PBE",
            "Re",
            "17Jan2003"
          ],
          [
            "PAW_PBE",
            "O",
            "08Apr2002"
          ],
          [
            "PAW_PBE",
            "H",
            "15Jun2001"
          ]
        ]
      }
    ],
    "EnergyStyle": "electronvolt",
    "ForcesStyle": "electronvoltperangstrom",
    "LatticeStyle": "angstrom",
    "PositionsStyle": "angstrom",
    "StressStyle": "kB"
  }
}