{
  "Dataset": {
    "AtomTypeStyle": "chemicalsymbol",
    "Data": [
      {
        "AtomTypes": [
          "Ni",
          "Ni",
          "Ni",
          "Ni",
          "Ni",
          "Ni",
          "Ni",
          "Ni",
          "Ni",
          "Ni",
          "Ni",
          "Ni",
          "Ni",
          "Ni",
          "Re",
          "Ni",
          "Ni",
          "Ni",
          "Ni",
          "Ni",
          "O",
          "H"
        ],
        "Energy": -107.31778241,
        "Forces": [
          [
            -0.040074,
            0.01583,
            0.559606
          ],
          [
            0.040663,
            0.002556,
            0.574787
          ],
          [
            -0.040074,
            -0.01583,
            0.559606
          ],
          [
            0.040663,
            -0.002556,
            0.574787
          ],
          [
            0.091133,
            0.0,
            -0.539438
          ],
          [
            -0.130323,
            0.0,
            -0.761266
          ],
          [
            0.151023,
            0.0,
            -0.446261
          ],
          [
            -0.114921,
            0.0,
            -0.522467
          ],
          [
            -0.000786,
            0.013813,
            0.0013
          ],
          [
            0.010983,
            -0.030385,
            -0.007382
          ],
          [
            -0.000786,
            -0.013813,
            0.0013
          ],
          [
            0.010983,
            0.030385,
            -0.007382
          ],
          [
            0.009582,
            0.0,
            -0.003511
          ],
          [
            0.013802,
            0.0,
            -0.009077
          ],
          [
            -0.009237,
            0.0,
            0.013341
          ],
          [
            -0.006705,
            0.0,
            0.006281
          ],
          [
            -0.009725,
            -0.01069,
            0.002315
          ],
          [
            0.013328,
            -0.039887,
            0.029304
          ],
          [
            -0.009725,
            0.01069,
            0.002315
          ],
          [
            0.013328,
            0.039887,
            0.029304
          ],
          [
            -0.015947,
            0.0,
            0.010145
          ],
          [
            -0.017187,
            0.0,
            -0.067606
          ]
        ],
        "Lattice": [
          [
            7.106,
            0.0,
            0.0
          ],
          [
            0.0,
            5.024699515,
            0.0
          ],
          [
            0.0,
            0.0,
            17.703958439
          ]
        ],
        "NumAtoms": 22,
        "Positions": [
          [
            0.0,
            2.51235,
            0.0
          ],
          [
            3.553,
            2.51235,
            0.0
          ],
          [
            0.0,
            0.0,
            0.0
          ],
          [
            3.553,
            0.0,
            0.0
          ],
          [
            1.7765,
            3.76852,
            1.25617
          ],
          [
            5.3295,
            3.76852,
            1.25617
          ],
          [
            1.7765,
            1.25618,
            1.25617
          ],
          [
            5.3295,
            1.25618,
            1.25617
          ],
          [
            7.09183,
            5.01874,
            2.47964
          ],
          [
            3.56994,
            -0.00034,
            2.52259
          ],
          [
            7.09183,
            2.51831,
            2.47964
          ],
          [
            3.56994,
            2.51269,
            2.52259
          ],
          [
            1.84243,
            3.76852,
            3.83496
          ],
          [
            5.30857,
            3.76852,
            3.79943
          ],
          [
            1.75975,
            1.25618,
            3.75538
          ],
          [
            5.3423,
            1.25618,
            3.8178
          ],
          [
            0.02764,
            2.50852,
            4.9319
          ],
          [
            3.51534,
            2.47655,
            5.06984
          ],
          [
            0.02764,
            0.00383,
            4.9319
          ],
          [
            3.51534,
            0.0358,
            5.06984
          ],
          [
            3.75953,
            1.25617,
            6.57389
          ],
          [
            4.69203,
            1.25617,
            6.87115
          ]
        ],
        "Stress": [
          [
            -19.74211,
            0.0,
            -0.09741
          ],
          [
            0.0,
            -17.69429,
            0.0
          ],
          [
            -0.09741,
            0.0,
            -11.49252
          ]
        ],
        "computation_code": "VASP",
        "pseudopotential_information": [
          [
            "PAW_PBE",
            "Ni",
            "02Aug2007"
          ],
          [
            "PAW_PBE",
            "Re",
            "17Jan2003"
          ],
          [
            "PAW_PBE",
            "O",
            "08Apr2002"
          ],
          [
            "PAW_PBE",
            "H",
            "15Jun2001"
          ]
        ]
      }
    ],
    "EnergyStyle": "electronvolt",
    "ForcesStyle": "electronvoltperangstrom",
    "LatticeStyle": "angstrom",
    "PositionsStyle": "angstrom",
    "StressStyle": "kB"
  }
}