{
  "Dataset": {
    "AtomTypeStyle": "chemicalsymbol",
    "Data": [
      {
        "AtomTypes": [
          "Ni",
          "Ni",
          "Ni",
          "Ni",
          "Ni",
          "Ni",
          "Ni",
          "Ni",
          "Ni",
          "Ni",
          "Ni",
          "Ni",
          "Ni",
          "Ni",
          "Ni",
          "Cu",
          "O",
          "O",
          "H",
          "H"
        ],
        "Energy": -93.39816151,
        "Forces": [
          [
            -0.004885,
            -0.006802,
            0.161185
          ],
          [
            -0.007047,
            0.01497,
            0.127763
          ],
          [
            -0.006176,
            -0.007046,
            0.123373
          ],
          [
            -0.014846,
            -0.00968,
            0.113475
          ],
          [
            -0.023197,
            0.033136,
            -0.092745
          ],
          [
            -0.06529,
            -0.004091,
            -0.075814
          ],
          [
            0.053377,
            0.008592,
            -0.225711
          ],
          [
            0.020461,
            -0.033893,
            -0.124347
          ],
          [
            0.002047,
            -0.008964,
            0.003969
          ],
          [
            0.008434,
            0.008774,
            0.00149
          ],
          [
            0.008394,
            -0.001067,
            -0.00039
          ],
          [
            -0.005582,
            -0.006494,
            -0.00798
          ],
          [
            0.00418,
            -0.001451,
            -0.000885
          ],
          [
            0.002611,
            -0.00206,
            -0.004399
          ],
          [
            -0.011145,
            0.000949,
            -0.008976
          ],
          [
            0.014339,
            0.001869,
            0.005856
          ],
          [
            0.014435,
            -0.002622,
            0.004412
          ],
          [
            -0.010377,
            -0.009804,
            0.001887
          ],
          [
            0.001257,
            0.020604,
            -0.011069
          ],
          [
            0.01901,
            0.005082,
            0.008906
          ]
        ],
        "Lattice": [
          [
            5.024700786,
            0.0,
            0.0
          ],
          [
            2.512350393,
            4.351518527,
            0.0
          ],
          [
            0.0,
            0.0,
            19.183191106
          ]
        ],
        "NumAtoms": 20,
        "Positions": [
          [
            3.7689,
            2.17598,
            0.0
          ],
          [
            1.2563,
            2.17598,
            0.0
          ],
          [
            2.5126,
            0.0,
            0.0
          ],
          [
            0.0,
            0.0,
            0.0
          ],
          [
            6.28148,
            3.62661,
            2.05153
          ],
          [
            5.02518,
            1.45064,
            2.05153
          ],
          [
            2.51257,
            1.45064,
            2.05153
          ],
          [
            3.76887,
            3.62661,
            2.05153
          ],
          [
            1.26305,
            0.72303,
            4.07602
          ],
          [
            3.78985,
            0.73575,
            4.1316
          ],
          [
            5.01163,
            2.90034,
            4.11791
          ],
          [
            5.05486,
            4.34326,
            6.10738
          ],
          [
            0.02299,
            0.02097,
            6.13149
          ],
          [
            6.19143,
            2.16037,
            6.06387
          ],
          [
            3.6977,
            2.16282,
            6.5769
          ],
          [
            2.53391,
            2.8878,
            4.13555
          ],
          [
            3.00693,
            0.70705,
            7.85719
          ],
          [
            3.04515,
            3.62667,
            7.84227
          ],
          [
            3.77707,
            0.21432,
            8.22657
          ],
          [
            3.81536,
            4.12647,
            8.20443
          ]
        ],
        "Stress": [
          [
            -14.2459,
            0.40655,
            1.12615
          ],
          [
            0.40655,
            -16.7429,
            0.25929
          ],
          [
            1.12615,
            0.25929,
            -12.35902
          ]
        ],
        "computation_code": "VASP",
        "pseudopotential_information": [
          [
            "PAW_PBE",
            "Ni",
            "02Aug2007"
          ],
          [
            "PAW_PBE",
            "Cu",
            "22Jun2005"
          ],
          [
            "PAW_PBE",
            "O",
            "08Apr2002"
          ],
          [
            "PAW_PBE",
            "H",
            "15Jun2001"
          ]
        ]
      }
    ],
    "EnergyStyle": "electronvolt",
    "ForcesStyle": "electronvoltperangstrom",
    "LatticeStyle": "angstrom",
    "PositionsStyle": "angstrom",
    "StressStyle": "kB"
  }
}