{
  "Dataset": {
    "AtomTypeStyle": "chemicalsymbol",
    "Data": [
      {
        "AtomTypes": [
          "Ni",
          "Ni",
          "Ni",
          "Ni",
          "Ni",
          "Ni",
          "Ni",
          "Ni",
          "Ni",
          "Ni",
          "Ni",
          "Ni",
          "Ni",
          "Ni",
          "Ni",
          "Cu",
          "O",
          "O",
          "H",
          "H"
        ],
        "Energy": -93.40522018,
        "Forces": [
          [
            0.000164,
            -0.017142,
            0.168561
          ],
          [
            -0.01041,
            0.011896,
            0.116299
          ],
          [
            0.016179,
            -0.002717,
            0.147537
          ],
          [
            -0.02036,
            -0.002009,
            0.113308
          ],
          [
            -0.022424,
            0.04428,
            -0.136133
          ],
          [
            -0.076539,
            -0.009915,
            -0.159884
          ],
          [
            0.049103,
            0.015198,
            -0.15965
          ],
          [
            -0.008282,
            -0.030127,
            -0.079383
          ],
          [
            -0.01224,
            0.002215,
            0.004247
          ],
          [
            -0.006496,
            -0.004523,
            -0.005906
          ],
          [
            0.007668,
            -0.015898,
            0.011749
          ],
          [
            0.008109,
            -8.2e-05,
            0.006477
          ],
          [
            0.003368,
            0.022603,
            -0.005319
          ],
          [
            0.022076,
            -0.007597,
            -0.014963
          ],
          [
            0.005954,
            0.011177,
            0.003264
          ],
          [
            0.011376,
            -0.003404,
            0.000329
          ],
          [
            -0.047398,
            0.034016,
            -0.01585
          ],
          [
            0.014093,
            0.003299,
            -0.01038
          ],
          [
            0.062112,
            -0.046657,
            0.022359
          ],
          [
            0.003948,
            -0.004616,
            -0.006659
          ]
        ],
        "Lattice": [
          [
            5.024700786,
            0.0,
            0.0
          ],
          [
            2.512350393,
            4.351518527,
            0.0
          ],
          [
            0.0,
            0.0,
            19.183191106
          ]
        ],
        "NumAtoms": 20,
        "Positions": [
          [
            3.7689,
            2.17598,
            0.0
          ],
          [
            1.2563,
            2.17598,
            0.0
          ],
          [
            2.5126,
            0.0,
            0.0
          ],
          [
            0.0,
            0.0,
            0.0
          ],
          [
            6.28148,
            3.62661,
            2.05153
          ],
          [
            5.02518,
            1.45064,
            2.05153
          ],
          [
            2.51257,
            1.45064,
            2.05153
          ],
          [
            3.76887,
            3.62661,
            2.05153
          ],
          [
            2.5163,
            2.89784,
            4.09695
          ],
          [
            3.77194,
            0.74042,
            4.13058
          ],
          [
            4.99255,
            2.90303,
            4.10416
          ],
          [
            2.54062,
            -0.0032,
            6.10657
          ],
          [
            0.0288,
            -0.0018,
            6.10487
          ],
          [
            6.20369,
            2.17037,
            6.01591
          ],
          [
            1.25429,
            0.72261,
            4.07047
          ],
          [
            3.70709,
            2.17823,
            6.61721
          ],
          [
            2.92569,
            0.64926,
            7.87078
          ],
          [
            2.93885,
            3.73478,
            7.87518
          ],
          [
            3.7262,
            0.1909,
            8.22304
          ],
          [
            3.73514,
            4.2086,
            8.22284
          ]
        ],
        "Stress": [
          [
            -14.25196,
            -0.33027,
            1.79636
          ],
          [
            -0.33027,
            -17.35217,
            -0.17953
          ],
          [
            1.79636,
            -0.17953,
            -12.47877
          ]
        ],
        "computation_code": "VASP",
        "pseudopotential_information": [
          [
            "PAW_PBE",
            "Ni",
            "02Aug2007"
          ],
          [
            "PAW_PBE",
            "Cu",
            "22Jun2005"
          ],
          [
            "PAW_PBE",
            "O",
            "08Apr2002"
          ],
          [
            "PAW_PBE",
            "H",
            "15Jun2001"
          ]
        ]
      }
    ],
    "EnergyStyle": "electronvolt",
    "ForcesStyle": "electronvoltperangstrom",
    "LatticeStyle": "angstrom",
    "PositionsStyle": "angstrom",
    "StressStyle": "kB"
  }
}