{
  "Dataset": {
    "AtomTypeStyle": "chemicalsymbol",
    "Data": [
      {
        "AtomTypes": [
          "Ni",
          "Ni",
          "Ni",
          "Ni",
          "Ni",
          "Ni",
          "Ni",
          "Ni",
          "Ni",
          "Ni",
          "Ni",
          "Ni",
          "Ni",
          "Ni",
          "Ni",
          "Cu",
          "O",
          "O",
          "H",
          "H"
        ],
        "Energy": -93.40714838,
        "Forces": [
          [
            0.002016,
            -0.016892,
            0.16712
          ],
          [
            -0.010218,
            0.012562,
            0.115675
          ],
          [
            0.01743,
            -0.002554,
            0.145143
          ],
          [
            -0.018939,
            -0.000907,
            0.114475
          ],
          [
            -0.034474,
            0.034184,
            -0.136824
          ],
          [
            -0.071302,
            -0.011481,
            -0.153127
          ],
          [
            0.055044,
            0.007905,
            -0.177581
          ],
          [
            0.012047,
            -0.039374,
            -0.070883
          ],
          [
            0.012784,
            0.014938,
            0.006324
          ],
          [
            0.014378,
            0.005588,
            -0.004389
          ],
          [
            -0.005804,
            0.015159,
            -0.012659
          ],
          [
            0.00284,
            0.000137,
            -0.016851
          ],
          [
            0.000405,
            0.004144,
            -0.007919
          ],
          [
            -0.006064,
            -0.003567,
            0.001048
          ],
          [
            0.006975,
            -0.008321,
            -0.004345
          ],
          [
            0.004201,
            -0.006523,
            -0.000242
          ],
          [
            -0.000534,
            0.008515,
            0.018136
          ],
          [
            0.005743,
            -0.010993,
            0.020534
          ],
          [
            0.000942,
            -0.000302,
            -0.001272
          ],
          [
            0.01253,
            -0.002219,
            -0.002363
          ]
        ],
        "Lattice": [
          [
            5.024700786,
            0.0,
            0.0
          ],
          [
            2.512350393,
            4.351518527,
            0.0
          ],
          [
            0.0,
            0.0,
            19.183191106
          ]
        ],
        "NumAtoms": 20,
        "Positions": [
          [
            3.7689,
            2.17598,
            0.0
          ],
          [
            1.2563,
            2.17598,
            0.0
          ],
          [
            2.5126,
            0.0,
            0.0
          ],
          [
            0.0,
            0.0,
            0.0
          ],
          [
            6.28148,
            3.62661,
            2.05153
          ],
          [
            5.02518,
            1.45064,
            2.05153
          ],
          [
            2.51257,
            1.45064,
            2.05153
          ],
          [
            3.76887,
            3.62661,
            2.05153
          ],
          [
            2.51857,
            2.89421,
            4.09136
          ],
          [
            3.77349,
            0.73295,
            4.12818
          ],
          [
            4.99555,
            2.89249,
            4.11293
          ],
          [
            2.56325,
            -0.00571,
            6.11122
          ],
          [
            0.05036,
            -0.00014,
            6.09802
          ],
          [
            6.23368,
            2.16821,
            6.01464
          ],
          [
            1.26129,
            0.71944,
            4.06979
          ],
          [
            3.73555,
            2.17547,
            6.61197
          ],
          [
            2.96371,
            0.64223,
            7.87141
          ],
          [
            2.97147,
            3.73355,
            7.86454
          ],
          [
            3.76597,
            0.17737,
            8.217
          ],
          [
            3.76542,
            4.20705,
            8.21702
          ]
        ],
        "Stress": [
          [
            -14.2566,
            0.20026,
            0.93597
          ],
          [
            0.20026,
            -17.28908,
            0.06024
          ],
          [
            0.93597,
            0.06024,
            -12.02458
          ]
        ],
        "computation_code": "VASP",
        "pseudopotential_information": [
          [
            "PAW_PBE",
            "Ni",
            "02Aug2007"
          ],
          [
            "PAW_PBE",
            "Cu",
            "22Jun2005"
          ],
          [
            "PAW_PBE",
            "O",
            "08Apr2002"
          ],
          [
            "PAW_PBE",
            "H",
            "15Jun2001"
          ]
        ]
      }
    ],
    "EnergyStyle": "electronvolt",
    "ForcesStyle": "electronvoltperangstrom",
    "LatticeStyle": "angstrom",
    "PositionsStyle": "angstrom",
    "StressStyle": "kB"
  }
}