{
  "Dataset": {
    "AtomTypeStyle": "chemicalsymbol",
    "Data": [
      {
        "AtomTypes": [
          "Ni",
          "Ni",
          "Ni",
          "Ni",
          "Ni",
          "Ni",
          "Ni",
          "Ni",
          "Ni",
          "Ni",
          "Ni",
          "Ni",
          "Ni",
          "Ni",
          "Ni",
          "Cu",
          "O",
          "O"
        ],
        "Energy": -84.80967807,
        "Forces": [
          [
            -0.007713,
            0.007736,
            0.328221
          ],
          [
            0.006805,
            0.006805,
            0.31559
          ],
          [
            -0.006819,
            -0.006819,
            0.315484
          ],
          [
            0.007736,
            -0.007713,
            0.328221
          ],
          [
            0.000519,
            0.000519,
            -0.262857
          ],
          [
            -0.000439,
            0.000659,
            -0.28605
          ],
          [
            0.000659,
            -0.000439,
            -0.28605
          ],
          [
            -0.000543,
            -0.000543,
            -0.456242
          ],
          [
            0.000617,
            0.000617,
            -0.002059
          ],
          [
            -0.006455,
            0.006032,
            0.006649
          ],
          [
            0.006032,
            -0.006455,
            0.006649
          ],
          [
            -5.9e-05,
            -5.9e-05,
            0.001563
          ],
          [
            -0.005393,
            0.005919,
            -0.002448
          ],
          [
            0.005919,
            -0.005393,
            -0.002448
          ],
          [
            -0.00928,
            -0.00928,
            -0.002703
          ],
          [
            0.002237,
            0.002237,
            0.021616
          ],
          [
            0.004107,
            0.004107,
            -0.017596
          ],
          [
            0.002071,
            0.002071,
            -0.005542
          ]
        ],
        "Lattice": [
          [
            5.025196436,
            0.0,
            0.0
          ],
          [
            0.0,
            5.025196436,
            0.0
          ],
          [
            0.0,
            0.0,
            17.427492376
          ]
        ],
        "NumAtoms": 18,
        "Positions": [
          [
            3.7689,
            1.2563,
            0.0
          ],
          [
            3.7689,
            3.7689,
            0.0
          ],
          [
            1.2563,
            1.2563,
            0.0
          ],
          [
            1.2563,
            3.7689,
            0.0
          ],
          [
            0.0,
            0.0,
            1.77656
          ],
          [
            2.5126,
            0.0,
            1.77656
          ],
          [
            0.0,
            2.5126,
            1.77656
          ],
          [
            2.5126,
            2.5126,
            1.77656
          ],
          [
            1.2636,
            1.2636,
            3.52898
          ],
          [
            3.76412,
            1.26115,
            3.54853
          ],
          [
            1.26115,
            3.76412,
            3.54853
          ],
          [
            3.76164,
            3.76164,
            3.5284
          ],
          [
            2.51292,
            5.02501,
            5.46452
          ],
          [
            5.02501,
            2.51292,
            5.46452
          ],
          [
            2.51282,
            2.51282,
            5.44013
          ],
          [
            7e-05,
            7e-05,
            5.37178
          ],
          [
            1.30521,
            1.30521,
            6.25863
          ],
          [
            3.71965,
            3.71965,
            6.25777
          ]
        ],
        "Stress": [
          [
            -18.62643,
            4.95352,
            0.01514
          ],
          [
            4.95352,
            -18.62643,
            0.01514
          ],
          [
            0.01514,
            0.01514,
            -15.74037
          ]
        ],
        "computation_code": "VASP",
        "pseudopotential_information": [
          [
            "PAW_PBE",
            "Ni",
            "02Aug2007"
          ],
          [
            "PAW_PBE",
            "Cu",
            "22Jun2005"
          ],
          [
            "PAW_PBE",
            "O",
            "08Apr2002"
          ]
        ]
      }
    ],
    "EnergyStyle": "electronvolt",
    "ForcesStyle": "electronvoltperangstrom",
    "LatticeStyle": "angstrom",
    "PositionsStyle": "angstrom",
    "StressStyle": "kB"
  }
}