{
  "Dataset": {
    "AtomTypeStyle": "chemicalsymbol",
    "Data": [
      {
        "AtomTypes": [
          "Ni",
          "Ni",
          "Ni",
          "Ni",
          "Ni",
          "Ni",
          "Ni",
          "Ni",
          "Ni",
          "Ni",
          "Ni",
          "Ni",
          "Ni",
          "Ni",
          "Ni",
          "Cu",
          "O",
          "O",
          "H",
          "H"
        ],
        "Energy": -93.39693212,
        "Forces": [
          [
            -0.006048,
            -0.007651,
            0.160542
          ],
          [
            -0.007069,
            0.014812,
            0.127376
          ],
          [
            -0.006132,
            -0.006159,
            0.123281
          ],
          [
            -0.015971,
            -0.009656,
            0.112157
          ],
          [
            -0.019468,
            0.036261,
            -0.091996
          ],
          [
            -0.073292,
            -0.009022,
            -0.084286
          ],
          [
            0.045017,
            0.009153,
            -0.215489
          ],
          [
            0.008173,
            -0.035027,
            -0.128081
          ],
          [
            0.013758,
            0.006475,
            -0.010618
          ],
          [
            -0.008635,
            -0.00026,
            -0.005448
          ],
          [
            0.000931,
            0.003611,
            -0.007077
          ],
          [
            0.007755,
            0.006974,
            0.024087
          ],
          [
            0.005179,
            -0.012864,
            0.035924
          ],
          [
            0.010646,
            -0.000557,
            0.008224
          ],
          [
            0.002925,
            0.002584,
            0.008685
          ],
          [
            0.007146,
            -0.007474,
            -0.005407
          ],
          [
            0.011842,
            -0.002967,
            -0.018112
          ],
          [
            0.005427,
            0.008612,
            -0.030446
          ],
          [
            0.006737,
            0.003027,
            -0.004135
          ],
          [
            0.011077,
            0.000127,
            0.000819
          ]
        ],
        "Lattice": [
          [
            5.024700786,
            0.0,
            0.0
          ],
          [
            2.512350393,
            4.351518527,
            0.0
          ],
          [
            0.0,
            0.0,
            19.183191106
          ]
        ],
        "NumAtoms": 20,
        "Positions": [
          [
            3.7689,
            2.17598,
            0.0
          ],
          [
            1.2563,
            2.17598,
            0.0
          ],
          [
            2.5126,
            0.0,
            0.0
          ],
          [
            0.0,
            0.0,
            0.0
          ],
          [
            6.28148,
            3.62661,
            2.05153
          ],
          [
            5.02518,
            1.45064,
            2.05153
          ],
          [
            2.51257,
            1.45064,
            2.05153
          ],
          [
            3.76887,
            3.62661,
            2.05153
          ],
          [
            1.255,
            0.72084,
            4.07657
          ],
          [
            3.78454,
            0.73726,
            4.13309
          ],
          [
            5.00775,
            2.90041,
            4.11272
          ],
          [
            5.03419,
            4.33801,
            6.10323
          ],
          [
            5.02888,
            0.01892,
            6.13179
          ],
          [
            6.16965,
            2.15716,
            6.06191
          ],
          [
            3.67148,
            2.16046,
            6.57577
          ],
          [
            2.52879,
            2.887,
            4.13911
          ],
          [
            2.98092,
            0.70639,
            7.85481
          ],
          [
            3.01751,
            3.62204,
            7.84761
          ],
          [
            3.7542,
            0.21947,
            8.22472
          ],
          [
            3.78908,
            4.12057,
            8.20904
          ]
        ],
        "Stress": [
          [
            -14.34764,
            0.06101,
            1.73856
          ],
          [
            0.06101,
            -16.5556,
            0.21919
          ],
          [
            1.73856,
            0.21919,
            -12.3504
          ]
        ],
        "computation_code": "VASP",
        "pseudopotential_information": [
          [
            "PAW_PBE",
            "Ni",
            "02Aug2007"
          ],
          [
            "PAW_PBE",
            "Cu",
            "22Jun2005"
          ],
          [
            "PAW_PBE",
            "O",
            "08Apr2002"
          ],
          [
            "PAW_PBE",
            "H",
            "15Jun2001"
          ]
        ]
      }
    ],
    "EnergyStyle": "electronvolt",
    "ForcesStyle": "electronvoltperangstrom",
    "LatticeStyle": "angstrom",
    "PositionsStyle": "angstrom",
    "StressStyle": "kB"
  }
}