{
  "Dataset": {
    "AtomTypeStyle": "chemicalsymbol",
    "Data": [
      {
        "AtomTypes": [
          "Ni",
          "Ni",
          "Ni",
          "Ni",
          "Ni",
          "Ni",
          "Ni",
          "Ni",
          "Ni",
          "Ni",
          "Ni",
          "Ni",
          "Ni",
          "Ni",
          "Ni",
          "Cu",
          "O",
          "O",
          "H",
          "H"
        ],
        "Energy": -93.31684936,
        "Forces": [
          [
            0.007875,
            -0.004333,
            0.155278
          ],
          [
            -0.009166,
            -0.006437,
            0.101134
          ],
          [
            0.008799,
            0.015841,
            0.150637
          ],
          [
            -0.025258,
            -0.00733,
            0.131703
          ],
          [
            -0.113086,
            0.018757,
            -0.194784
          ],
          [
            -0.033747,
            0.041975,
            0.019234
          ],
          [
            -0.005312,
            -0.102817,
            -0.165155
          ],
          [
            0.07777,
            0.029055,
            -0.18616
          ],
          [
            0.018269,
            -0.009802,
            -0.006884
          ],
          [
            -0.004386,
            0.00496,
            0.011313
          ],
          [
            -0.026382,
            0.007838,
            -0.019026
          ],
          [
            -0.004131,
            -0.004595,
            0.02086
          ],
          [
            0.009363,
            0.002447,
            0.000363
          ],
          [
            -0.000103,
            -0.014924,
            0.037926
          ],
          [
            0.012459,
            0.006819,
            0.014857
          ],
          [
            0.023318,
            0.002553,
            -0.000314
          ],
          [
            0.005532,
            0.015743,
            -0.041069
          ],
          [
            -0.023778,
            -0.017665,
            -0.060141
          ],
          [
            0.025086,
            -0.003117,
            0.011515
          ],
          [
            0.056876,
            0.025032,
            0.018714
          ]
        ],
        "Lattice": [
          [
            5.024700786,
            0.0,
            0.0
          ],
          [
            2.512350393,
            4.351518527,
            0.0
          ],
          [
            0.0,
            0.0,
            19.183191106
          ]
        ],
        "NumAtoms": 20,
        "Positions": [
          [
            3.7689,
            2.17598,
            0.0
          ],
          [
            1.2563,
            2.17598,
            0.0
          ],
          [
            2.5126,
            0.0,
            0.0
          ],
          [
            0.0,
            0.0,
            0.0
          ],
          [
            6.28148,
            3.62661,
            2.05153
          ],
          [
            5.02518,
            1.45064,
            2.05153
          ],
          [
            2.51257,
            1.45064,
            2.05153
          ],
          [
            3.76887,
            3.62661,
            2.05153
          ],
          [
            1.24404,
            0.72105,
            4.11141
          ],
          [
            3.73504,
            0.72307,
            4.12948
          ],
          [
            5.02931,
            2.92027,
            4.1497
          ],
          [
            4.94708,
            4.33212,
            6.53695
          ],
          [
            7.46456,
            4.33892,
            6.0586
          ],
          [
            1.26942,
            2.17157,
            6.12962
          ],
          [
            3.79973,
            2.14205,
            6.1413
          ],
          [
            2.51002,
            2.88813,
            4.08319
          ],
          [
            4.26645,
            2.90956,
            7.86428
          ],
          [
            1.79686,
            1.44663,
            7.84298
          ],
          [
            5.03629,
            2.41715,
            8.23202
          ],
          [
            2.56445,
            1.94534,
            8.20851
          ]
        ],
        "Stress": [
          [
            -13.9514,
            -0.1983,
            2.15261
          ],
          [
            -0.1983,
            -16.88154,
            0.34732
          ],
          [
            2.15261,
            0.34732,
            -12.8295
          ]
        ],
        "computation_code": "VASP",
        "pseudopotential_information": [
          [
            "PAW_PBE",
            "Ni",
            "02Aug2007"
          ],
          [
            "PAW_PBE",
            "Cu",
            "22Jun2005"
          ],
          [
            "PAW_PBE",
            "O",
            "08Apr2002"
          ],
          [
            "PAW_PBE",
            "H",
            "15Jun2001"
          ]
        ]
      }
    ],
    "EnergyStyle": "electronvolt",
    "ForcesStyle": "electronvoltperangstrom",
    "LatticeStyle": "angstrom",
    "PositionsStyle": "angstrom",
    "StressStyle": "kB"
  }
}