{
  "Dataset": {
    "AtomTypeStyle": "chemicalsymbol",
    "Data": [
      {
        "AtomTypes": [
          "Ni",
          "Ni",
          "Ni",
          "Ni",
          "Ni",
          "Ni",
          "Ni",
          "Ni",
          "Ni",
          "Ni",
          "Ni",
          "Ni",
          "Ni",
          "Ni",
          "Ni",
          "Cu",
          "O",
          "O",
          "H",
          "H"
        ],
        "Energy": -93.32958916,
        "Forces": [
          [
            -0.011396,
            -0.000713,
            0.127005
          ],
          [
            0.012267,
            0.004767,
            0.153864
          ],
          [
            -0.003135,
            -0.001721,
            0.123531
          ],
          [
            0.003132,
            -0.010307,
            0.153255
          ],
          [
            0.025653,
            0.019626,
            -0.17151
          ],
          [
            -0.061774,
            -0.026317,
            -0.104081
          ],
          [
            -0.03054,
            0.047279,
            -0.076153
          ],
          [
            -0.122551,
            0.013742,
            -0.182881
          ],
          [
            0.001818,
            -0.003846,
            -0.020065
          ],
          [
            0.002756,
            0.015534,
            -0.003946
          ],
          [
            0.000878,
            -0.012256,
            0.000853
          ],
          [
            0.015364,
            -0.00523,
            0.001471
          ],
          [
            0.011458,
            0.011305,
            0.004664
          ],
          [
            0.017468,
            -0.010902,
            0.001191
          ],
          [
            0.010915,
            0.006656,
            0.017064
          ],
          [
            0.019288,
            -0.023903,
            0.017652
          ],
          [
            0.0164,
            -0.001909,
            -0.02912
          ],
          [
            0.022939,
            -0.002745,
            -0.018922
          ],
          [
            0.030746,
            -0.00948,
            -4.8e-05
          ],
          [
            0.038314,
            -0.00958,
            0.006177
          ]
        ],
        "Lattice": [
          [
            5.024700786,
            0.0,
            0.0
          ],
          [
            2.512350393,
            4.351518527,
            0.0
          ],
          [
            0.0,
            0.0,
            19.183191106
          ]
        ],
        "NumAtoms": 20,
        "Positions": [
          [
            3.7689,
            2.17598,
            0.0
          ],
          [
            1.2563,
            2.17598,
            0.0
          ],
          [
            2.5126,
            0.0,
            0.0
          ],
          [
            0.0,
            0.0,
            0.0
          ],
          [
            6.28148,
            3.62661,
            2.05153
          ],
          [
            5.02518,
            1.45064,
            2.05153
          ],
          [
            2.51257,
            1.45064,
            2.05153
          ],
          [
            3.76887,
            3.62661,
            2.05153
          ],
          [
            2.47728,
            2.93338,
            4.13651
          ],
          [
            3.73877,
            0.72326,
            4.10301
          ],
          [
            4.98921,
            2.9109,
            4.06468
          ],
          [
            2.37695,
            0.00651,
            6.01417
          ],
          [
            7.37584,
            4.351,
            6.56808
          ],
          [
            6.23058,
            2.16359,
            6.11444
          ],
          [
            1.19202,
            0.73995,
            4.10201
          ],
          [
            3.7127,
            2.20413,
            6.1445
          ],
          [
            4.23971,
            1.42454,
            7.90158
          ],
          [
            1.70461,
            2.89113,
            7.83611
          ],
          [
            5.00346,
            1.93474,
            8.25518
          ],
          [
            2.47597,
            2.40357,
            8.21265
          ]
        ],
        "Stress": [
          [
            -14.03651,
            -1.79468,
            3.81822
          ],
          [
            -1.79468,
            -15.73639,
            -0.88342
          ],
          [
            3.81822,
            -0.88342,
            -13.0971
          ]
        ],
        "computation_code": "VASP",
        "pseudopotential_information": [
          [
            "PAW_PBE",
            "Ni",
            "02Aug2007"
          ],
          [
            "PAW_PBE",
            "Cu",
            "22Jun2005"
          ],
          [
            "PAW_PBE",
            "O",
            "08Apr2002"
          ],
          [
            "PAW_PBE",
            "H",
            "15Jun2001"
          ]
        ]
      }
    ],
    "EnergyStyle": "electronvolt",
    "ForcesStyle": "electronvoltperangstrom",
    "LatticeStyle": "angstrom",
    "PositionsStyle": "angstrom",
    "StressStyle": "kB"
  }
}