{
  "Dataset": {
    "AtomTypeStyle": "chemicalsymbol",
    "Data": [
      {
        "AtomTypes": [
          "Pt",
          "Pt",
          "Pt",
          "Pt",
          "Pt",
          "Pt",
          "Pt",
          "Pt",
          "Pt",
          "Pt",
          "Pt",
          "Pt",
          "Pt",
          "Pt",
          "Pt",
          "Pt",
          "O"
        ],
        "Energy": -88.73843547,
        "Forces": [
          [
            0.010605,
            0.006123,
            -0.049261
          ],
          [
            -0.010363,
            0.005573,
            -0.0501
          ],
          [
            -0.000355,
            -0.011761,
            -0.0501
          ],
          [
            0.002188,
            0.001263,
            -0.264927
          ],
          [
            -0.084864,
            -0.048996,
            0.096
          ],
          [
            -0.002022,
            0.096743,
            0.095305
          ],
          [
            0.001974,
            0.001139,
            0.084994
          ],
          [
            0.082771,
            -0.050123,
            0.095305
          ],
          [
            -0.001465,
            -0.000846,
            0.005157
          ],
          [
            0.001638,
            -0.000125,
            0.005679
          ],
          [
            0.000711,
            0.001481,
            0.005679
          ],
          [
            -0.000421,
            -0.000243,
            -0.006575
          ],
          [
            -0.000119,
            0.006293,
            0.009326
          ],
          [
            -0.000205,
            -0.000118,
            -0.002247
          ],
          [
            0.005391,
            -0.003249,
            0.009326
          ],
          [
            -0.005754,
            -0.003322,
            0.009851
          ],
          [
            0.00029,
            0.000167,
            0.006588
          ]
        ],
        "Lattice": [
          [
            5.642712112,
            0.0,
            0.0
          ],
          [
            2.821356056,
            4.886732035,
            0.0
          ],
          [
            0.0,
            0.0,
            21.542621029
          ]
        ],
        "NumAtoms": 17,
        "Positions": [
          [
            4.23246,
            2.44361,
            0.0
          ],
          [
            1.41082,
            2.44361,
            0.0
          ],
          [
            2.82163,
            0.0,
            0.0
          ],
          [
            0.0,
            0.0,
            0.0
          ],
          [
            7.05406,
            4.07267,
            2.30385
          ],
          [
            5.64325,
            1.62906,
            2.30385
          ],
          [
            2.82161,
            1.62906,
            2.30385
          ],
          [
            4.23243,
            4.07267,
            2.30385
          ],
          [
            1.41848,
            0.81896,
            4.56633
          ],
          [
            4.225,
            0.81895,
            4.56624
          ],
          [
            2.82173,
            3.24948,
            4.56624
          ],
          [
            5.64307,
            3.25803,
            4.69482
          ],
          [
            5.64306,
            4.82337,
            6.96957
          ],
          [
            0.00031,
            0.00018,
            6.81066
          ],
          [
            6.9987,
            2.47535,
            6.96957
          ],
          [
            4.28737,
            2.47531,
            6.96956
          ],
          [
            2.82165,
            1.62908,
            8.11955
          ]
        ],
        "Stress": [
          [
            -30.7476,
            -0.00552,
            -0.00349
          ],
          [
            -0.00552,
            -30.74123,
            -0.00202
          ],
          [
            -0.00349,
            -0.00202,
            0.5012
          ]
        ],
        "computation_code": "VASP",
        "pseudopotential_information": [
          [
            "PAW_PBE",
            "Pt",
            "04Feb2005"
          ],
          [
            "PAW_PBE",
            "O",
            "08Apr2002"
          ]
        ]
      }
    ],
    "EnergyStyle": "electronvolt",
    "ForcesStyle": "electronvoltperangstrom",
    "LatticeStyle": "angstrom",
    "PositionsStyle": "angstrom",
    "StressStyle": "kB"
  }
}