H* Data,H* Data,H* Data,H* Data,H* Data,H* Data,H* Data,,O* Data,O* Data,O* Data,O* Data,O* Data,O* Data,,OH* Data,OH* Data,OH* Data,OH* Data,OH* Data,OH* Data
Metals,Facet,Config,Site Fraction,Eads (eV),Adsorbed Surface Eform (eV),Surface Only Eform (eV),,Metals,Facet,Config,Site Fraction,Eads (eV),Adsorbed Surface Eform (eV),,Metals,Facet,Config,Site Fraction,Eads (eV),Adsorbed Surface Eform (eV)
Pt,111,Top,NA,-0.3197465,NA,NA,,Pt,111,FCC,NA,-0.9588755,NA,,Pt,111,TOP-TILT,NA,-1.367949,NA
Pt,100,BRI,NA,-0.4644905,NA,NA,,Pt,100,BRI,NA,-0.9488955,NA,,Pt,100,BRI-TILT,NA,-1.911688,NA
Pt,110,TOP,NA,-0.4515695,NA,NA,,Pt,110,SB,NA,-1.1409965,NA,,Pt,110,SB-TILT,NA,-1.988664,NA
Ni,111,FCC,NA,-0.4000215,4.2301269,4.6301484,,Ni,111,FCC,NA,-2.1409975,2.4891509,,Ni,111,FCC,NA,-2.268451,2.3616974
Ni,100,HOL,NA,-0.3408085,5.8825999,6.2234084,,Ni,100,HOL,NA,-2.3477035,3.8757049,,Ni,100,BRI-TILT,NA,-2.499,3.7244084
Ni,110,SB,NA,-0.2496795,8.7665265,9.016206,,Ni,110,SB,NA,-1.8228475,7.1933585,,Ni,110,SB-TILT,NA,-2.643009,6.373197
NiAg,111,surf-close,0.75,-0.3954465,4.413069,4.8085155,,NiAg,111,surf-close,0.75,-2.0515575,2.756958,,NiAg,111,surf-close,0.75,-1.922125,2.8863905
NiAg,111,surf-far,0.25,-0.4058445,4.402671,4.8085155,,NiAg,111,surf-far,0.25,-2.1714445,2.637071,,NiAg,111,surf-far,0.25,-2.04699,2.7615255
NiAg,111,sub-close,0.75,-0.4493085,5.495565,5.9448735,,NiAg,111,sub-close,0.75,-2.2274845,3.717389,,NiAg,111,sub-close,0.75,-2.33064,3.6142335
NiAg,111,sub-far,0.25,-0.4547475,5.490126,5.9448735,,NiAg,111,sub-far,0.25,-2.2371175,3.707756,,NiAg,111,sub-far,0.25,-2.231857,3.7130165
NiAg,100,surf,1,-0.2903495,5.808335,6.0986845,,NiAg,100,surf,1,-2.1841755,3.914509,,NiAg,100,surf-close,0.5,-2.027791,4.0708935
NiAg,100,sub-close,0.25,-0.3090115,7.195317,7.5043285,,NiAg,100,sub-close,0.25,-2.4794455,5.024883,,NiAg,100,surf-far,0.5,-2.335364,3.7633205
NiAg,100,sub-adj,0.5,-0.3976205,7.106708,7.5043285,,NiAg,100,sub-adj,0.5,-2.4735635,5.030765,,NiAg,100,sub-close,0.5,-2.604287,4.9000415
NiAg,100,sub-diag,0.25,-0.3795915,7.124737,7.5043285,,NiAg,100,sub-diag,0.25,-2.4188945,5.085434,,NiAg,100,sub-far,0.5,-2.504928,4.9994005
NiAg,110,surf-close,0.5,-0.0620435,8.7564696,8.8185131,,NiAg,110,surf-close,0.5,-1.1137015,7.7048116,,NiAg,110,surf-close,0.5,-2.316633,6.5018801
NiAg,110,surf-far,0.5,-0.2523805,8.5661326,8.8185131,,NiAg,110,surf-far,0.5,-1.8460475,6.9724656,,NiAg,110,surf-far,0.5,-2.617521,6.2009921
NiAg,110,sub-close,0.5,-0.2805145,9.5509506,9.8314651,,NiAg,110,sub-close,0.5,-1.8958025,7.9356626,,NiAg,110,sub-close,0.5,-2.67261,7.1588551
NiAg,110,sub-far,0.5,-0.3164455,9.5150196,9.8314651,,NiAg,110,sub-far,0.5,-1.8805495,7.9509156,,NiAg,110,sub-far,0.5,-2.754725,7.0767401
NiAu,111,surf-close,0.75,-0.1113835,4.2031002,4.3144837,,NiAu,111,surf-close,0.75,-1.6587095,2.6557742,,NiAu,111,surf-close,0.75,-1.785294,2.5291897
NiAu,111,surf-far,0.25,-0.2975885,4.0168952,4.3144837,,NiAu,111,surf-far,0.25,-1.8208895,2.4935942,,NiAu,111,surf-far,0.25,-1.925762,2.3887217
NiAu,111,sub-close,0.75,-0.4456085,5.0214152,5.4670237,,NiAu,111,sub-close,0.75,-2.2215445,3.2454792,,NiAu,111,sub-close,0.75,-2.337753,3.1292707
NiAu,111,sub-far,0.25,-0.4986925,4.9683312,5.4670237,,NiAu,111,sub-far,0.25,-2.3399535,3.1270702,,NiAu,111,sub-far,0.25,-2.35771,3.1093137
NiAu,100,surf,1,-0.2443015,5.5000082,5.7443097,,NiAu,100,surf,1,-2.0148885,3.7294212,,NiAu,100,surf-close,0.5,-1.767682,3.9766277
NiAu,100,sub-close,0.25,-0.2113075,6.7438282,6.9551357,,NiAu,100,sub-close,0.25,-2.2784145,4.6767212,,NiAu,100,surf-far,0.5,-2.298766,3.4455437
NiAu,100,sub-adj,0.5,-0.3832855,6.5718502,6.9551357,,NiAu,100,sub-adj,0.5,-2.4260155,4.5291202,,NiAu,100,sub-close,0.5,-2.589722,4.3654137
NiAu,100,sub-diag,0.25,-0.4276635,6.5274722,6.9551357,,NiAu,100,sub-diag,0.25,-2.5092315,4.4459042,,NiAu,100,sub-far,0.5,-2.536604,4.4185317
NiAu,110,surf-close,0.5,-0.0475095,8.4638078,8.5113173,,NiAu,110,surf-close,0.5,-0.8172565,7.6940608,,NiAu,110,surf-close,0.5,-1.988226,6.5230913
NiAu,110,surf-far,0.5,-0.2462635,8.2650538,8.5113173,,NiAu,110,surf-far,0.5,-1.8298565,6.6814608,,NiAu,110,surf-far,0.5,-2.662475,5.8488423
NiAu,110,sub-close,0.5,-0.2133575,8.9918888,9.2052463,,NiAu,110,sub-close,0.5,-1.7413915,7.4638548,,NiAu,110,sub-close,0.5,-2.577371,6.6278753
NiAu,110,sub-far,0.5,-0.3054725,8.8997738,9.2052463,,NiAu,110,sub-far,0.5,-1.8372465,7.3679998,,NiAu,110,sub-far,0.5,-2.697161,6.5080853
NiCo,111,surf-close,0.75,-0.3684835,4.3689495,4.737433,,NiCo,111,surf-close,0.75,-2.2451265,2.4923065,,NiCo,111,surf-close,0.75,-2.343475,2.393958
NiCo,111,surf-far,0.25,-0.4032145,4.3342185,4.737433,,NiCo,111,surf-far,0.25,-2.0505205,2.6869125,,NiCo,111,surf-far,0.25,-2.183735,2.553698
NiCo,111,sub-close,0.75,-0.3951535,4.1869785,4.582132,,NiCo,111,sub-close,0.75,-2.1194375,2.4626945,,NiCo,111,sub-close,0.75,-2.259245,2.322887
NiCo,111,sub-far,0.25,-0.3452175,4.2369145,4.582132,,NiCo,111,sub-far,0.25,-1.9731465,2.6089855,,NiCo,111,sub-far,0.25,-2.159176,2.422956
NiCo,100,surf,1,-0.3039975,6.0637985,6.367796,,NiCo,100,surf,1,-2.4302315,3.9375645,,NiCo,100,surf-close,0.5,-2.589445,3.778351
NiCo,100,sub-close,0.25,-0.3299075,5.8452495,6.175157,,NiCo,100,sub-close,0.25,-2.3290895,3.8460675,,NiCo,100,surf-far,0.5,-2.470019,3.897777
NiCo,100,sub-adj,0.5,-0.3272405,5.8479165,6.175157,,NiCo,100,sub-adj,0.5,-2.3600075,3.8151495,,NiCo,100,sub-close,0.5,-2.477149,3.698008
NiCo,100,sub-diag,0.25,-0.3051355,5.8700215,6.175157,,NiCo,100,sub-diag,0.25,-2.2625055,3.9126515,,NiCo,100,sub-far,0.5,-2.470323,3.704834
NiCo,110,surf-close,0.5,-0.2269205,8.8732041,9.1001246,,NiCo,110,surf-close,0.5,-2.0404975,7.0596271,,NiCo,110,surf-close,0.5,-2.769881,6.3302436
NiCo,110,surf-far,0.5,-0.2319415,8.8681831,9.1001246,,NiCo,110,surf-far,0.5,-1.8005985,7.2995261,,NiCo,110,surf-far,0.5,-2.607276,6.4928486
NiCo,110,sub-close,0.5,-0.2462435,8.7490911,8.9953346,,NiCo,110,sub-close,0.5,-1.7873005,7.2080341,,NiCo,110,sub-close,0.5,-2.62384,6.3714946
NiCo,110,sub-far,0.5,-0.2307925,8.7645421,8.9953346,,NiCo,110,sub-far,0.5,-1.7929795,7.2023551,,NiCo,110,sub-far,0.5,-2.647758,6.3475766
NiCu,111,surf-close,0.75,-0.3328355,4.2316588,4.5644943,,NiCu,111,surf-close,0.75,-1.8370105,2.7274838,,NiCu,111,surf-close,0.75,-2.182742,2.3817523
NiCu,111,surf-far,0.25,-0.4497555,4.1147388,4.5644943,,NiCu,111,surf-far,0.25,-2.2984365,2.2660578,,NiCu,111,surf-far,0.25,-2.313098,2.2513963
NiCu,111,sub-close,0.75,-0.4248765,4.3591818,4.7840583,,NiCu,111,sub-close,0.75,-2.1583355,2.6257228,,NiCu,111,sub-close,0.75,-2.278173,2.5058853
NiCu,111,sub-far,0.25,-0.4091115,4.3749468,4.7840583,,NiCu,111,sub-far,0.25,-2.1266775,2.6573808,,NiCu,111,sub-far,0.25,-2.136077,2.6479813
NiCu,100,surf,1,-0.2992935,5.7266188,6.0259123,,NiCu,100,surf,1,-2.2262585,3.7996538,,NiCu,100,surf-close,0.5,-2.281152,3.7447603
NiCu,100,sub-close,0.25,-0.3641445,6.0719748,6.4361193,,NiCu,100,sub-close,0.25,-2.4703425,3.9657768,,NiCu,100,surf-far,0.5,-2.463597,3.5623153
NiCu,100,sub-adj,0.5,-0.3843505,6.0517688,6.4361193,,NiCu,100,sub-adj,0.5,-2.4102095,4.0259098,,NiCu,100,sub-close,0.5,-2.551398,3.8847213
NiCu,100,sub-diag,0.25,-0.3302645,6.1058548,6.4361193,,NiCu,100,sub-diag,0.25,-2.3615785,4.0745408,,NiCu,100,sub-far,0.5,-2.487793,3.9483263
NiCu,110,surf-close,0.5,-0.1732565,8.6633394,8.8365959,,NiCu,110,surf-close,0.5,-1.4184115,7.4181844,,NiCu,110,surf-close,0.5,-2.496484,6.3401119
NiCu,110,surf-far,0.5,-0.2510965,8.5854994,8.8365959,,NiCu,110,surf-far,0.5,-1.8341965,7.0023994,,NiCu,110,surf-far,0.5,-2.639997,6.1965989
NiCu,110,sub-close,0.5,-0.2737575,8.8703244,9.1440819,,NiCu,110,sub-close,0.5,-1.8880615,7.2560204,,NiCu,110,sub-close,0.5,-2.675887,6.4681949
NiCu,110,sub-far,0.5,-0.2901845,8.8538974,9.1440819,,NiCu,110,sub-far,0.5,-1.8352635,7.3088184,,NiCu,110,sub-far,0.5,-2.684594,6.4594879
NiFe,111,surf-close,0.75,-0.3744575,4.0650057,4.4394632,,NiFe,111,surf-close,0.75,-2.3041575,2.1353057,,NiFe,111,surf-close,0.75,-2.443847,1.9956162
NiFe,111,surf-far,0.25,-0.4426305,3.9968327,4.4394632,,NiFe,111,surf-far,0.25,-2.1039265,2.3355367,,NiFe,111,surf-far,0.25,-2.183555,2.2559082
NiFe,111,sub-close,0.75,-0.3948305,3.8383567,4.2331872,,NiFe,111,sub-close,0.75,-2.1118715,2.1213157,,NiFe,111,sub-close,0.75,-2.25801,1.9751772
NiFe,111,sub-far,0.25,-0.3143715,3.9188157,4.2331872,,NiFe,111,sub-far,0.25,-1.8851705,2.3480167,,NiFe,111,sub-far,0.25,-2.080988,2.1521992
NiFe,100,surf,1,-0.3158165,5.7027827,6.0185992,,NiFe,100,surf,1,-2.4796855,3.5389137,,NiFe,100,surf-close,0.5,-2.701619,3.3169802
NiFe,100,sub-close,0.25,-0.3450115,5.4650767,5.8100882,,NiFe,100,sub-close,0.25,-2.3828955,3.4271927,,NiFe,100,surf-far,0.5,-2.458014,3.5605852
NiFe,100,sub-adj,0.5,-0.3450385,5.4650497,5.8100882,,NiFe,100,sub-adj,0.5,-2.3756265,3.4344617,,NiFe,100,sub-close,0.5,-2.480963,3.3291252
NiFe,100,sub-diag,0.25,-0.2743995,5.5356887,5.8100882,,NiFe,100,sub-diag,0.25,-2.2423835,3.5677047,,NiFe,100,sub-far,0.5,-2.460907,3.3491812
NiFe,110,surf-close,0.5,-0.2170095,8.5224683,8.7394778,,NiFe,110,surf-close,0.5,-2.0272745,6.7122033,,NiFe,110,surf-close,0.5,-2.877663,5.8618148
NiFe,110,surf-far,0.5,-0.2395915,8.4998863,8.7394778,,NiFe,110,surf-far,0.5,-1.7999355,6.9395423,,NiFe,110,surf-far,0.5,-2.589459,6.1500188
NiFe,110,sub-close,0.5,-0.2793115,8.3805913,8.6599028,,NiFe,110,sub-close,0.5,-1.8319785,6.8279243,,NiFe,110,sub-close,0.5,-2.637966,6.0219368
NiFe,110,sub-far,0.5,-0.2466555,8.4132473,8.6599028,,NiFe,110,sub-far,0.5,-1.7912165,6.8686863,,NiFe,110,sub-far,0.5,-2.678511,5.9813918
NiIr,111,surf-close,0.75,-0.3468625,4.3293581,4.6762206,,NiIr,111,surf-close,0.75,-1.9117305,2.7644901,,NiIr,111,surf-close,0.75,-1.760416,2.9158046
NiIr,111,surf-far,0.25,-0.2623505,4.4138701,4.6762206,,NiIr,111,surf-far,0.25,-1.4459875,3.2302331,,NiIr,111,surf-far,0.25,-1.752708,2.9235126
NiIr,111,sub-close,0.75,-0.3920225,4.3674331,4.7594556,,NiIr,111,sub-close,0.75,-2.0967145,2.6627411,,NiIr,111,sub-close,0.75,-2.249584,2.5098716
NiIr,111,sub-far,0.25,-0.5025825,4.2568731,4.7594556,,NiIr,111,sub-far,0.25,-2.1319995,2.6274561,,NiIr,111,sub-far,0.25,-2.422317,2.3371386
NiIr,100,surf,1,-0.3468515,6.1713031,6.5181546,,NiIr,100,surf,1,-2.1003895,4.4177651,,NiIr,100,surf-close,0.5,-2.365546,4.1526086
NiIr,100,sub-close,0.25,-0.1724125,6.1169071,6.2893196,,NiIr,100,sub-close,0.25,-1.9382445,4.3510751,,NiIr,100,surf-far,0.5,-2.29401,4.2241446
NiIr,100,sub-adj,0.5,-0.3223365,5.9669831,6.2893196,,NiIr,100,sub-adj,0.5,-2.3429195,3.9464001,,NiIr,100,sub-close,0.5,-2.438593,3.8507266
NiIr,100,sub-diag,0.25,-0.5427335,5.7465861,6.2893196,,NiIr,100,sub-diag,0.25,-2.5184105,3.7709091,,NiIr,100,sub-far,0.5,-2.547833,3.7414866
NiIr,110,surf-close,0.5,-0.4795965,8.9002397,9.3798362,,NiIr,110,surf-close,0.5,-2.1587715,7.2210647,,NiIr,110,surf-close,0.5,-2.526109,6.8537272
NiIr,110,surf-far,0.5,-0.2158765,9.1639597,9.3798362,,NiIr,110,surf-far,0.5,-1.7797355,7.6001007,,NiIr,110,surf-far,0.5,-2.646983,6.7328532
NiIr,110,sub-close,0.5,-0.2229865,8.7163937,8.9393802,,NiIr,110,sub-close,0.5,-1.5973745,7.3420057,,NiIr,110,sub-close,0.5,-2.49088,6.4485002
NiIr,110,sub-far,0.5,-0.2563075,8.6830727,8.9393802,,NiIr,110,sub-far,0.5,-1.7503865,7.1889937,,NiIr,110,sub-far,0.5,-2.618513,6.3208672
NiMn,111,surf-close,0.75,-0.4246335,3.5865558,4.0111893,,NiMn,111,surf-close,0.75,-2.3739485,1.6372408,,NiMn,111,surf-close,0.75,-2.485501,1.5256883
NiMn,111,surf-far,0.25,-0.4701705,3.5410188,4.0111893,,NiMn,111,surf-far,0.25,-2.2122955,1.7988938,,NiMn,111,surf-far,0.25,-2.183377,1.8278123
NiMn,111,sub-close,0.75,-0.3922705,3.5196768,3.9119473,,NiMn,111,sub-close,0.75,-2.0953545,1.8165928,,NiMn,111,sub-close,0.75,-2.227892,1.6840553
NiMn,111,sub-far,0.25,-0.3594835,3.5524638,3.9119473,,NiMn,111,sub-far,0.25,-1.9179335,1.9940138,,NiMn,111,sub-far,0.25,-2.024761,1.8871863
NiMn,100,surf,1,-0.3565415,5.1756518,5.5321933,,NiMn,100,surf,1,-2.5459185,2.9862748,,NiMn,100,surf-close,0.5,-2.747928,2.7842653
NiMn,100,sub-close,0.25,-0.3905555,5.1773018,5.5678573,,NiMn,100,sub-close,0.25,-2.4144825,3.1533748,,NiMn,100,surf-far,0.5,-2.6235,2.9086933
NiMn,100,sub-adj,0.5,-0.3637705,5.2040868,5.5678573,,NiMn,100,sub-adj,0.5,-2.4212935,3.1465638,,NiMn,100,sub-close,0.5,-2.494816,3.0730413
NiMn,100,sub-diag,0.25,-0.3076035,5.2602538,5.5678573,,NiMn,100,sub-diag,0.25,-2.3044655,3.2633918,,NiMn,100,sub-far,0.5,-2.467682,3.1001753
NiMn,110,surf-close,0.5,-0.2338315,8.0145144,8.2483459,,NiMn,110,surf-close,0.5,-2.1198645,6.1284814,,NiMn,110,surf-close,0.5,-2.914856,5.3334899
NiMn,110,surf-far,0.5,-0.2441675,8.0041784,8.2483459,,NiMn,110,surf-far,0.5,-1.8210705,6.4272754,,NiMn,110,surf-far,0.5,-2.586689,5.6616569
NiMn,110,sub-close,0.5,-0.4068315,7.9822984,8.3891299,,NiMn,110,sub-close,0.5,-2.2855865,6.1035434,,NiMn,110,sub-close,0.5,-2.644879,5.7442509
NiMn,110,sub-far,0.5,-0.2624675,8.1266624,8.3891299,,NiMn,110,sub-far,0.5,-1.7824645,6.6066654,,NiMn,110,sub-far,0.5,-2.69187,5.6972599
NiMo,111,surf-close,0.75,-0.4634645,4.7611145,5.224579,,NiMo,111,surf-close,0.75,-2.8977575,2.3268215,,NiMo,111,surf-close,0.75,-2.576687,2.647892
NiMo,111,surf-far,0.25,-0.4675445,4.7570345,5.224579,,NiMo,111,surf-far,0.25,-1.6188325,3.6057465,,NiMo,111,surf-far,0.25,-1.678483,3.546096
NiMo,111,sub-close,0.75,-0.4448165,4.2826675,4.727484,,NiMo,111,sub-close,0.75,-2.1449375,2.5825465,,NiMo,111,sub-close,0.75,-2.191379,2.536105
NiMo,111,sub-far,0.25,-0.2464185,4.4810655,4.727484,,NiMo,111,sub-far,0.25,-1.7088275,3.0186565,,NiMo,111,sub-far,0.25,-2.13732,2.590164
NiMo,100,surf,1,-0.4001585,6.6122505,7.012409,,NiMo,100,surf,1,-3.1751075,3.8373015,,NiMo,100,surf-close,0.5,-3.21415,3.798259
NiMo,100,sub-close,0.25,-0.3559195,5.8260155,6.181935,,NiMo,100,sub-close,0.25,-2.1422175,4.0397175,,NiMo,100,surf-far,0.5,-3.177563,3.834846
NiMo,100,sub-adj,0.5,-0.3759075,5.8060275,6.181935,,NiMo,100,sub-adj,0.5,-2.4431775,3.7387575,,NiMo,100,sub-close,0.5,-2.402717,3.779218
NiMo,100,sub-diag,0.25,-0.3692335,5.8127015,6.181935,,NiMo,100,sub-diag,0.25,-2.0862065,4.0957285,,NiMo,100,sub-far,0.5,-2.456642,3.725293
NiMo,110,surf-close,0.5,-0.5467075,9.2515001,9.7982076,,NiMo,110,surf-close,0.5,-3.3600485,6.4381591,,NiMo,110,surf-close,0.5,-3.496927,6.3012806
NiMo,110,surf-far,0.5,-0.2240255,9.5741821,9.7982076,,NiMo,110,surf-far,0.5,-1.7177625,8.0804451,,NiMo,110,surf-far,0.5,-2.504244,7.2939636
NiMo,110,sub-close,0.5,-0.3950275,8.8131781,9.2082056,,NiMo,110,sub-close,0.5,-2.7781025,6.4301031,,NiMo,110,sub-close,0.5,-2.572799,6.6354066
NiMo,110,sub-far,0.5,-0.2607635,8.9474421,9.2082056,,NiMo,110,sub-far,0.5,-1.8075335,7.4006721,,NiMo,110,sub-far,0.5,-2.652428,6.5557776
NiPd,111,surf-close,0.75,-0.2823005,4.1324333,4.4147338,,NiPd,111,surf-close,0.75,-1.5652645,2.8494693,,NiPd,111,surf-close,0.75,-1.953599,2.4611348
NiPd,111,surf-far,0.25,-0.3151655,4.0995683,4.4147338,,NiPd,111,surf-far,0.25,-1.9815975,2.4331363,,NiPd,111,surf-far,0.25,-2.125573,2.2891608
NiPd,111,sub-close,0.75,-0.4110405,4.5470793,4.9581198,,NiPd,111,sub-close,0.75,-2.2687345,2.6893853,,NiPd,111,sub-close,0.75,-2.290441,2.6676788
NiPd,111,sub-far,0.25,-0.4795535,4.4785663,4.9581198,,NiPd,111,sub-far,0.25,-2.1797305,2.7783893,,NiPd,111,sub-far,0.25,-2.378502,2.5796178
NiPd,100,surf,1,-0.2874325,5.6131203,5.9005528,,NiPd,100,surf,1,-2.1052505,3.7953023,,NiPd,100,surf-close,0.5,-2.126281,3.7742718
NiPd,100,sub-close,0.25,-0.2723955,6.2234513,6.4958468,,NiPd,100,sub-close,0.25,-2.2721715,4.2236753,,NiPd,100,surf-far,0.5,-2.393792,3.5067608
NiPd,100,sub-adj,0.5,-0.3413855,6.1544613,6.4958468,,NiPd,100,sub-adj,0.5,-2.3636655,4.1321813,,NiPd,100,sub-close,0.5,-2.530613,3.9652338
NiPd,100,sub-diag,0.25,-0.4308925,6.0649543,6.4958468,,NiPd,100,sub-diag,0.25,-2.4529545,4.0428923,,NiPd,100,sub-far,0.5,-2.514727,3.9811198
NiPd,110,surf-close,0.5,-0.1634005,8.5095489,8.6729494,,NiPd,110,surf-close,0.5,-1.1936615,7.4792879,,NiPd,110,surf-close,0.5,-2.258422,6.4145274
NiPd,110,surf-far,0.5,-0.2581665,8.4147829,8.6729494,,NiPd,110,surf-far,0.5,-1.8370225,6.8359269,,NiPd,110,surf-far,0.5,-2.657328,6.0156214
NiPd,110,sub-close,0.5,-0.2348425,8.8072569,9.0420994,,NiPd,110,sub-close,0.5,-1.7868715,7.2552279,,NiPd,110,sub-close,0.5,-2.595657,6.4464424
NiPd,110,sub-far,0.5,-0.2734405,8.7686589,9.0420994,,NiPd,110,sub-far,0.5,-1.8271345,7.2149649,,NiPd,110,sub-far,0.5,-2.667843,6.3742564
NiPt,111,surf-close,0.75,-0.2578195,3.8036656,4.0614851,,NiPt,111,surf-close,0.75,-1.4357985,2.6256866,,NiPt,111,surf-close,0.75,-1.812419,2.2490661
NiPt,111,surf-far,0.25,-0.2609665,3.8005186,4.0614851,,NiPt,111,surf-far,0.25,-1.6641565,2.3973286,,NiPt,111,surf-far,0.25,-1.925236,2.1362491
NiPt,111,sub-close,0.75,-0.4047425,4.1371796,4.5419221,,NiPt,111,sub-close,0.75,-2.1519705,2.3899516,,NiPt,111,sub-close,0.75,-2.282571,2.2593511
NiPt,111,sub-far,0.25,-0.5088995,4.0330226,4.5419221,,NiPt,111,sub-far,0.25,-2.2875305,2.2543916,,NiPt,111,sub-far,0.25,-2.44353,2.0983921
NiPt,100,surf,1,-0.2500785,5.4859346,5.7360131,,NiPt,100,surf,1,-2.0224855,3.7135276,,NiPt,100,surf-close,0.5,-2.03406,3.7019531
NiPt,100,sub-close,0.25,-0.1779905,5.8743326,6.0523231,,NiPt,100,sub-close,0.25,-2.0842985,3.9680246,,NiPt,100,surf-far,0.5,-2.333809,3.4022041
NiPt,100,sub-adj,0.5,-0.3369805,5.7153426,6.0523231,,NiPt,100,sub-adj,0.5,-2.3495235,3.7027996,,NiPt,100,sub-close,0.5,-2.506082,3.5462411
NiPt,100,sub-diag,0.25,-0.4884615,5.5638616,6.0523231,,NiPt,100,sub-diag,0.25,-2.5219375,3.5303856,,NiPt,100,sub-far,0.5,-2.541774,3.5105491
NiPt,110,surf-close,0.5,-0.3068705,8.2673712,8.5742417,,NiPt,110,surf-close,0.5,-1.3545155,7.2197262,,NiPt,110,surf-close,0.5,-2.154616,6.4196257
NiPt,110,surf-far,0.5,-0.2379325,8.3363092,8.5742417,,NiPt,110,surf-far,0.5,-1.8065805,6.7676612,,NiPt,110,surf-far,0.5,-2.673756,5.9004857
NiPt,110,sub-close,0.5,-0.1963555,8.3737662,8.5701217,,NiPt,110,sub-close,0.5,-1.6536595,6.9164622,,NiPt,110,sub-close,0.5,-2.52681,6.0433117
NiPt,110,sub-far,0.5,-0.2715645,8.2985572,8.5701217,,NiPt,110,sub-far,0.5,-1.8009135,6.7692082,,NiPt,110,sub-far,0.5,-2.630536,5.9395857
NiRe,111,surf-close,0.75,-0.3973115,5.0647765,5.462088,,NiRe,111,surf-close,0.75,-2.8634915,2.5985965,,NiRe,111,surf-close,0.75,-2.331829,3.130259
NiRe,111,surf-far,0.25,-0.3769895,5.0850985,5.462088,,NiRe,111,surf-far,0.25,-1.3946085,4.0674795,,NiRe,111,surf-far,0.25,-1.554534,3.907554
NiRe,111,sub-close,0.75,-0.4518285,4.4956645,4.947493,,NiRe,111,sub-close,0.75,-2.1311785,2.8163145,,NiRe,111,sub-close,0.75,-2.188241,2.759252
NiRe,111,sub-far,0.25,-0.3513865,4.5961065,4.947493,,NiRe,111,sub-far,0.25,-1.8002255,3.1472675,,NiRe,111,sub-far,0.25,-2.260983,2.68651
NiRe,100,surf,1,-0.3903185,7.0618635,7.452182,,NiRe,100,surf,1,-3.2035555,4.2486265,,NiRe,100,surf-close,0.5,-3.130453,4.321729
NiRe,100,sub-close,0.25,-0.2508485,6.1177215,6.36857,,NiRe,100,sub-close,0.25,-1.9298605,4.4387095,,NiRe,100,surf-far,0.5,-2.31032,5.141862
NiRe,100,sub-adj,0.5,-0.3690625,5.9995075,6.36857,,NiRe,100,sub-adj,0.5,-2.4431215,3.9254485,,NiRe,100,sub-close,0.5,-2.396002,3.972568
NiRe,100,sub-diag,0.25,-0.4573565,5.9112135,6.36857,,NiRe,100,sub-diag,0.25,-2.2294715,4.1390985,,NiRe,100,sub-far,0.5,-2.489116,3.879454
NiRe,110,surf-close,0.5,-0.6825955,9.6152761,10.2978716,,NiRe,110,surf-close,0.5,-3.5644125,6.7334591,,NiRe,110,surf-close,0.5,-3.412319,6.8855526
NiRe,110,surf-far,0.5,-0.1932855,10.1045861,10.2978716,,NiRe,110,surf-far,0.5,-1.6644335,8.6334381,,NiRe,110,surf-far,0.5,-2.522115,7.7757566
NiRe,110,sub-close,0.5,-0.3597345,9.0347881,9.3945226,,NiRe,110,sub-close,0.5,-1.6525745,7.7419481,,NiRe,110,sub-close,0.5,-2.565349,6.8291736
NiRe,110,sub-far,0.5,-0.2525685,9.1419541,9.3945226,,NiRe,110,sub-far,0.5,-1.7945735,7.5999491,,NiRe,110,sub-far,0.5,-2.634118,6.7604046
NiRh,111,surf-close,0.75,-0.3402975,4.2803352,4.6206327,,NiRh,111,surf-close,0.75,-1.8905395,2.7300932,,NiRh,111,surf-close,0.75,-1.952552,2.6680807
NiRh,111,surf-far,0.25,-0.2898375,4.3307952,4.6206327,,NiRh,111,surf-far,0.25,-1.7454895,2.8751432,,NiRh,111,surf-far,0.25,-1.97121,2.6494227
NiRh,111,sub-close,0.75,-0.3900825,4.3862162,4.7762987,,NiRh,111,sub-close,0.75,-2.1256465,2.6506522,,NiRh,111,sub-close,0.75,-2.260154,2.5161447
NiRh,111,sub-far,0.25,-0.4751175,4.3011812,4.7762987,,NiRh,111,sub-far,0.25,-2.1275425,2.6487562,,NiRh,111,sub-far,0.25,-2.376488,2.3998107
NiRh,100,surf,1,-0.3290525,5.9495502,6.2786027,,NiRh,100,surf,1,-2.1166465,4.1619562,,NiRh,100,surf-close,0.5,-2.320987,3.9576157
NiRh,100,sub-close,0.25,-0.2674075,6.0662492,6.3336567,,NiRh,100,sub-close,0.25,-2.1451285,4.1885282,,NiRh,100,surf-far,0.5,-2.365744,3.9128587
NiRh,100,sub-adj,0.5,-0.3189315,6.0147252,6.3336567,,NiRh,100,sub-adj,0.5,-2.3499415,3.9837152,,NiRh,100,sub-close,0.5,-2.475031,3.8586257
NiRh,100,sub-diag,0.25,-0.4841875,5.8494692,6.3336567,,NiRh,100,sub-diag,0.25,-2.4488075,3.8848492,,NiRh,100,sub-far,0.5,-2.518743,3.8149137
NiRh,110,surf-close,0.5,-0.2987695,8.7871098,9.0858793,,NiRh,110,surf-close,0.5,-1.8138935,7.2719858,,NiRh,110,surf-close,0.5,-2.464967,6.6209123
NiRh,110,surf-far,0.5,-0.2445605,8.8413188,9.0858793,,NiRh,110,surf-far,0.5,-1.8217315,7.2641478,,NiRh,110,surf-far,0.5,-2.645997,6.4398823
NiRh,110,sub-close,0.5,-0.2275825,8.7685768,8.9961593,,NiRh,110,sub-close,0.5,-1.7031735,7.2929858,,NiRh,110,sub-close,0.5,-2.546088,6.4500713
NiRh,110,sub-far,0.5,-0.2384895,8.7576698,8.9961593,,NiRh,110,sub-far,0.5,-1.7714285,7.2247308,,NiRh,110,sub-far,0.5,-2.628615,6.3675443
NiRu,111,surf-close,0.75,-0.3841515,4.822809,5.2069605,,NiRu,111,surf-close,0.75,-2.2816125,2.925348,,NiRu,111,surf-close,0.75,-2.097134,3.1098265
NiRu,111,surf-far,0.25,-0.3071785,4.899782,5.2069605,,NiRu,111,surf-far,0.25,-1.6075065,3.599454,,NiRu,111,surf-far,0.25,-1.834463,3.3724975
NiRu,111,sub-close,0.75,-0.3942095,4.752799,5.1470085,,NiRu,111,sub-close,0.75,-2.0798975,3.067111,,NiRu,111,sub-close,0.75,-2.232136,2.9148725
NiRu,111,sub-far,0.25,-0.4593275,4.687681,5.1470085,,NiRu,111,sub-far,0.25,-1.9990005,3.148008,,NiRu,111,sub-far,0.25,-2.335374,2.8116345
NiRu,100,surf,1,-0.3464795,6.555658,6.9021375,,NiRu,100,surf,1,-2.3523425,4.549795,,NiRu,100,surf-close,0.5,-2.574923,4.3272145
NiRu,100,sub-close,0.25,-0.2655715,6.413914,6.6794855,,NiRu,100,sub-close,0.25,-2.0357935,4.643692,,NiRu,100,surf-far,0.5,-2.317745,4.5843925
NiRu,100,sub-adj,0.5,-0.3124315,6.367054,6.6794855,,NiRu,100,sub-adj,0.5,-2.3222825,4.357203,,NiRu,100,sub-close,0.5,-2.411125,4.2683605
NiRu,100,sub-diag,0.25,-0.4870945,6.192391,6.6794855,,NiRu,100,sub-diag,0.25,-2.4091475,4.270338,,NiRu,100,sub-far,0.5,-2.512625,4.1668605
NiRu,110,surf-close,0.5,-0.3936265,9.3102646,9.7038911,,NiRu,110,surf-close,0.5,-2.4118905,7.2920006,,NiRu,110,surf-close,0.5,-2.770869,6.9330221
NiRu,110,surf-far,0.5,-0.2230485,9.4808426,9.7038911,,NiRu,110,surf-far,0.5,-1.7859305,7.9179606,,NiRu,110,surf-far,0.5,-2.604,7.0998911
NiRu,110,sub-close,0.5,-0.2712415,9.1503456,9.4215871,,NiRu,110,sub-close,0.5,-1.6814455,7.7401416,,NiRu,110,sub-close,0.5,-2.522245,6.8993421
NiRu,110,sub-far,0.5,-0.2314165,9.1901706,9.4215871,,NiRu,110,sub-far,0.5,-1.7363625,7.6852246,,NiRu,110,sub-far,0.5,-2.522245,6.8993421
NiW,111,surf-close,0.75,-0.4777515,4.7750785,5.25283,,NiW,111,surf-close,0.75,-3.0937135,2.1591165,,NiW,111,surf-close,0.75,-3.347592,1.905238
NiW,111,surf-far,0.25,-0.5025005,4.7503295,5.25283,,NiW,111,surf-far,0.25,-1.5797505,3.6730795,,NiW,111,surf-far,0.25,-1.695883,3.556947
NiW,111,sub-close,0.75,-0.4409665,4.1206045,4.561571,,NiW,111,sub-close,0.75,-2.1321605,2.4294105,,NiW,111,sub-close,0.75,-2.107484,2.454087
NiW,111,sub-far,0.25,-0.2223565,4.3392145,4.561571,,NiW,111,sub-far,0.25,-1.6568475,2.9047235,,NiW,111,sub-far,0.25,-2.109665,2.451906
NiW,100,surf,1,-0.3585095,6.8008315,7.159341,,NiW,100,surf,1,-3.6008065,3.5585345,,NiW,100,surf-close,0.5,-3.423582,3.735759
NiW,100,sub-close,0.25,-0.3206215,5.6795075,6.000129,,NiW,100,sub-close,0.25,-2.0652265,3.9349025,,NiW,100,surf-far,0.5,-2.283342,4.875999
NiW,100,sub-adj,0.5,-0.3905335,5.6095955,6.000129,,NiW,100,sub-adj,0.5,-2.4452765,3.5548525,,NiW,100,sub-close,0.5,-2.394714,3.605415
NiW,100,sub-diag,0.25,-0.3209035,5.6792255,6.000129,,NiW,100,sub-diag,0.25,-2.0463855,3.9537435,,NiW,100,sub-far,0.5,-2.444759,3.55537
NiW,110,surf-close,0.5,-0.6361605,9.3501941,9.9863546,,NiW,110,surf-close,0.5,-3.7337365,6.2526181,,NiW,110,surf-close,0.5,-3.916936,6.0694186
NiW,110,surf-far,0.5,-0.2239585,9.7623961,9.9863546,,NiW,110,surf-far,0.5,-1.6942385,8.2921161,,NiW,110,surf-far,0.5,-2.493809,7.4925456
NiW,110,sub-close,0.5,-0.3965325,8.6740851,9.0706176,,NiW,110,sub-close,0.5,-2.8179665,6.2526511,,NiW,110,sub-close,0.5,-2.573638,6.4969796
NiW,110,sub-far,0.5,-0.2749565,8.7956611,9.0706176,,NiW,110,sub-far,0.5,-1.7946545,7.2759631,,NiW,110,sub-far,0.5,-2.665686,6.4049316
