{
  "Dataset": {
    "AtomTypeStyle": "chemicalsymbol",
    "Data": [
      {
        "AtomTypes": [
          "Ni",
          "Ni",
          "Ni",
          "Ni",
          "Ni",
          "Ni",
          "Ni",
          "Ni",
          "Ni",
          "Ni",
          "Ni",
          "Ni",
          "Ni",
          "Ni",
          "Ni",
          "Ru",
          "H"
        ],
        "Energy": -79.74848673,
        "Forces": [
          [
            -0.005,
            0.005,
            0.318357
          ],
          [
            -0.001623,
            -0.003935,
            0.308382
          ],
          [
            0.003935,
            0.001623,
            0.308382
          ],
          [
            0.006127,
            -0.006127,
            0.289154
          ],
          [
            -0.002365,
            0.002365,
            -0.442294
          ],
          [
            -0.007822,
            -0.008633,
            -0.367647
          ],
          [
            0.008633,
            0.007822,
            -0.367647
          ],
          [
            -0.013558,
            0.013558,
            -0.608557
          ],
          [
            0.04016,
            0.014932,
            0.073712
          ],
          [
            -0.092104,
            0.092104,
            0.200008
          ],
          [
            0.06533,
            -0.06533,
            -0.13453
          ],
          [
            -0.014932,
            -0.04016,
            0.073712
          ],
          [
            0.073656,
            -0.006821,
            -0.126848
          ],
          [
            0.006821,
            -0.073656,
            -0.126848
          ],
          [
            -0.013671,
            0.013671,
            -0.014714
          ],
          [
            -0.141561,
            0.141561,
            0.490856
          ],
          [
            0.087974,
            -0.087974,
            0.126523
          ]
        ],
        "Lattice": [
          [
            5.025196436,
            0.0,
            0.0
          ],
          [
            0.0,
            5.025196436,
            0.0
          ],
          [
            0.0,
            0.0,
            17.427492376
          ]
        ],
        "NumAtoms": 17,
        "Positions": [
          [
            3.7689,
            1.2563,
            0.0
          ],
          [
            3.7689,
            3.7689,
            0.0
          ],
          [
            1.2563,
            1.2563,
            0.0
          ],
          [
            1.2563,
            3.7689,
            0.0
          ],
          [
            0.0,
            0.0,
            1.77656
          ],
          [
            2.5126,
            0.0,
            1.77656
          ],
          [
            0.0,
            2.5126,
            1.77656
          ],
          [
            2.5126,
            2.5126,
            1.77656
          ],
          [
            1.25682,
            1.25657,
            3.55383
          ],
          [
            3.76787,
            1.25733,
            3.55522
          ],
          [
            1.2571,
            3.76809,
            3.55159
          ],
          [
            3.76863,
            3.76838,
            3.55383
          ],
          [
            2.51349,
            -1e-05,
            5.32854
          ],
          [
            1e-05,
            2.51171,
            5.32854
          ],
          [
            2.5125,
            2.5127,
            5.32964
          ],
          [
            -0.00161,
            0.00161,
            5.33488
          ],
          [
            1.25719,
            3.768,
            5.94111
          ]
        ],
        "Stress": [
          [
            -20.06588,
            -0.62411,
            0.3484
          ],
          [
            -0.62411,
            -20.06588,
            -0.3484
          ],
          [
            0.3484,
            -0.3484,
            -4.43948
          ]
        ],
        "computation_code": "VASP",
        "pseudopotential_information": [
          [
            "PAW_PBE",
            "Ni",
            "02Aug2007"
          ],
          [
            "PAW_PBE",
            "Ru",
            "04Feb2005"
          ],
          [
            "PAW_PBE",
            "H",
            "15Jun2001"
          ]
        ]
      }
    ],
    "EnergyStyle": "electronvolt",
    "ForcesStyle": "electronvoltperangstrom",
    "LatticeStyle": "angstrom",
    "PositionsStyle": "angstrom",
    "StressStyle": "kB"
  }
}