{
  "Dataset": {
    "AtomTypeStyle": "chemicalsymbol",
    "Data": [
      {
        "AtomTypes": [
          "Ni",
          "Ni",
          "Ni",
          "Ni",
          "Ni",
          "Ni",
          "Ni",
          "Ni",
          "Ni",
          "Ni",
          "Ni",
          "Ni",
          "Ni",
          "Ni",
          "Ni",
          "Ni",
          "Ni",
          "Ni",
          "Ni",
          "Ru",
          "H"
        ],
        "Energy": -96.82399865,
        "Forces": [
          [
            0.0,
            -0.000233,
            0.545787
          ],
          [
            0.0,
            -0.02872,
            0.455025
          ],
          [
            0.0,
            0.001945,
            0.543143
          ],
          [
            0.0,
            0.025028,
            0.590696
          ],
          [
            0.043397,
            0.004369,
            -0.548423
          ],
          [
            -0.043397,
            0.004369,
            -0.548423
          ],
          [
            0.061201,
            -1.3e-05,
            -0.596095
          ],
          [
            -0.061201,
            -1.3e-05,
            -0.596095
          ],
          [
            0.0,
            0.047102,
            -0.101372
          ],
          [
            0.0,
            -0.04235,
            -0.056967
          ],
          [
            0.0,
            -0.035547,
            0.029713
          ],
          [
            0.0,
            -0.010219,
            -0.102921
          ],
          [
            -0.136057,
            0.036061,
            -0.043934
          ],
          [
            0.136057,
            0.036061,
            -0.043934
          ],
          [
            0.01309,
            0.003627,
            0.117913
          ],
          [
            -0.01309,
            0.003627,
            0.117913
          ],
          [
            0.0,
            -0.0308,
            0.062683
          ],
          [
            0.0,
            0.035877,
            -0.042518
          ],
          [
            0.0,
            0.216119,
            -0.079104
          ],
          [
            0.0,
            -0.296062,
            0.227615
          ],
          [
            0.0,
            0.029773,
            0.069296
          ]
        ],
        "Lattice": [
          [
            7.106,
            0.0,
            0.0
          ],
          [
            0.0,
            5.024699515,
            0.0
          ],
          [
            0.0,
            0.0,
            17.703958439
          ]
        ],
        "NumAtoms": 21,
        "Positions": [
          [
            0.0,
            2.51235,
            0.0
          ],
          [
            3.553,
            2.51235,
            0.0
          ],
          [
            0.0,
            0.0,
            0.0
          ],
          [
            3.553,
            0.0,
            0.0
          ],
          [
            1.7765,
            3.76852,
            1.25617
          ],
          [
            5.3295,
            3.76852,
            1.25617
          ],
          [
            1.7765,
            1.25618,
            1.25617
          ],
          [
            5.3295,
            1.25618,
            1.25617
          ],
          [
            0.0,
            5.02099,
            2.46212
          ],
          [
            3.553,
            5.01773,
            2.489
          ],
          [
            0.0,
            2.51628,
            2.48041
          ],
          [
            3.553,
            2.51345,
            2.48722
          ],
          [
            1.78474,
            3.77291,
            3.80897
          ],
          [
            5.32126,
            3.77291,
            3.80897
          ],
          [
            1.77761,
            1.25457,
            3.78108
          ],
          [
            5.32839,
            1.25457,
            3.78108
          ],
          [
            0.0,
            2.51503,
            4.89675
          ],
          [
            0.0,
            5.02165,
            4.88674
          ],
          [
            3.553,
            5.01107,
            4.99299
          ],
          [
            3.553,
            2.55253,
            4.98428
          ],
          [
            3.553,
            1.22879,
            6.13065
          ]
        ],
        "Stress": [
          [
            -17.23743,
            0.0,
            0.0
          ],
          [
            0.0,
            -16.84908,
            0.06585
          ],
          [
            0.0,
            0.06585,
            -6.48666
          ]
        ],
        "computation_code": "VASP",
        "pseudopotential_information": [
          [
            "PAW_PBE",
            "Ni",
            "02Aug2007"
          ],
          [
            "PAW_PBE",
            "Ru",
            "04Feb2005"
          ],
          [
            "PAW_PBE",
            "H",
            "15Jun2001"
          ]
        ]
      }
    ],
    "EnergyStyle": "electronvolt",
    "ForcesStyle": "electronvoltperangstrom",
    "LatticeStyle": "angstrom",
    "PositionsStyle": "angstrom",
    "StressStyle": "kB"
  }
}