{
  "Dataset": {
    "AtomTypeStyle": "chemicalsymbol",
    "Data": [
      {
        "AtomTypes": [
          "Ni",
          "Ni",
          "Ni",
          "Ni",
          "Ni",
          "Ni",
          "Ni",
          "Ni",
          "Ni",
          "Ni",
          "Ni",
          "Ni",
          "Ni",
          "Ni",
          "Ni",
          "Ru",
          "O"
        ],
        "Energy": -82.90980209,
        "Forces": [
          [
            -0.005319,
            0.002815,
            0.339367
          ],
          [
            0.006527,
            0.006527,
            0.328861
          ],
          [
            0.010418,
            0.010418,
            0.32146
          ],
          [
            0.002815,
            -0.005319,
            0.339367
          ],
          [
            -0.007577,
            -0.007577,
            -0.289144
          ],
          [
            0.006303,
            -0.004102,
            -0.191697
          ],
          [
            -0.004102,
            0.006303,
            -0.191697
          ],
          [
            -0.006923,
            -0.006923,
            -0.470309
          ],
          [
            -0.014322,
            -0.014322,
            -0.489668
          ],
          [
            0.045992,
            -0.020866,
            -0.081334
          ],
          [
            -0.020866,
            0.045992,
            -0.081334
          ],
          [
            -0.027966,
            -0.027966,
            0.151021
          ],
          [
            0.206991,
            0.137153,
            0.184514
          ],
          [
            0.137153,
            0.206991,
            0.184514
          ],
          [
            0.138094,
            0.138094,
            0.12107
          ],
          [
            0.140884,
            0.140884,
            0.577815
          ],
          [
            -0.608102,
            -0.608102,
            -0.752805
          ]
        ],
        "Lattice": [
          [
            5.025196436,
            0.0,
            0.0
          ],
          [
            0.0,
            5.025196436,
            0.0
          ],
          [
            0.0,
            0.0,
            17.427492376
          ]
        ],
        "NumAtoms": 17,
        "Positions": [
          [
            3.7689,
            1.2563,
            0.0
          ],
          [
            3.7689,
            3.7689,
            0.0
          ],
          [
            1.2563,
            1.2563,
            0.0
          ],
          [
            1.2563,
            3.7689,
            0.0
          ],
          [
            0.0,
            0.0,
            1.77656
          ],
          [
            2.5126,
            0.0,
            1.77656
          ],
          [
            0.0,
            2.5126,
            1.77656
          ],
          [
            2.5126,
            2.5126,
            1.77656
          ],
          [
            1.2593,
            1.2593,
            3.57008
          ],
          [
            3.76629,
            1.25964,
            3.59039
          ],
          [
            1.25964,
            3.76629,
            3.59039
          ],
          [
            3.76285,
            3.76285,
            3.6037
          ],
          [
            2.51592,
            0.00972,
            5.3679
          ],
          [
            0.00972,
            2.51592,
            5.3679
          ],
          [
            2.51428,
            2.51428,
            5.39822
          ],
          [
            0.00912,
            0.00912,
            5.37985
          ],
          [
            1.38567,
            1.38567,
            6.42422
          ]
        ],
        "Stress": [
          [
            -26.92425,
            0.29423,
            -2.33524
          ],
          [
            0.29423,
            -26.92425,
            -2.33524
          ],
          [
            -2.33524,
            -2.33524,
            -15.41105
          ]
        ],
        "computation_code": "VASP",
        "pseudopotential_information": [
          [
            "PAW_PBE",
            "Ni",
            "02Aug2007"
          ],
          [
            "PAW_PBE",
            "Ru",
            "04Feb2005"
          ],
          [
            "PAW_PBE",
            "O",
            "08Apr2002"
          ]
        ]
      }
    ],
    "EnergyStyle": "electronvolt",
    "ForcesStyle": "electronvoltperangstrom",
    "LatticeStyle": "angstrom",
    "PositionsStyle": "angstrom",
    "StressStyle": "kB"
  }
}