{
  "Dataset": {
    "AtomTypeStyle": "chemicalsymbol",
    "Data": [
      {
        "AtomTypes": [
          "Ni",
          "Ni",
          "Ni",
          "Ni",
          "Ni",
          "Ni",
          "Ni",
          "Ni",
          "Ni",
          "Ni",
          "Ni",
          "Ni",
          "Ni",
          "Ni",
          "Ni",
          "Ru",
          "O",
          "H"
        ],
        "Energy": -86.83755963,
        "Forces": [
          [
            0.024796,
            0.0,
            0.052944
          ],
          [
            0.002474,
            0.0,
            0.282871
          ],
          [
            -0.047635,
            0.0,
            0.31854
          ],
          [
            0.001924,
            0.0,
            0.214752
          ],
          [
            -0.051171,
            0.074802,
            -0.376687
          ],
          [
            0.089043,
            0.135805,
            -0.487829
          ],
          [
            -0.051171,
            -0.074802,
            -0.376687
          ],
          [
            0.089043,
            -0.135805,
            -0.487829
          ],
          [
            -0.05506,
            0.0,
            0.082865
          ],
          [
            0.028349,
            0.0,
            0.012319
          ],
          [
            0.088644,
            0.0,
            0.072568
          ],
          [
            -0.008389,
            -0.012104,
            0.061575
          ],
          [
            -0.011981,
            -0.012775,
            0.120865
          ],
          [
            -0.008389,
            0.012104,
            0.061575
          ],
          [
            -0.011981,
            0.012775,
            0.120865
          ],
          [
            -0.134636,
            0.0,
            0.223553
          ],
          [
            -0.297034,
            0.0,
            -0.125946
          ],
          [
            0.353174,
            0.0,
            0.229687
          ]
        ],
        "Lattice": [
          [
            5.025196436,
            0.0,
            0.0
          ],
          [
            0.0,
            5.025196436,
            0.0
          ],
          [
            0.0,
            0.0,
            17.427492376
          ]
        ],
        "NumAtoms": 18,
        "Positions": [
          [
            3.7689,
            1.2563,
            0.0
          ],
          [
            3.7689,
            3.7689,
            0.0
          ],
          [
            1.2563,
            1.2563,
            0.0
          ],
          [
            1.2563,
            3.7689,
            0.0
          ],
          [
            0.0,
            0.0,
            1.77656
          ],
          [
            2.5126,
            0.0,
            1.77656
          ],
          [
            0.0,
            2.5126,
            1.77656
          ],
          [
            2.5126,
            2.5126,
            1.77656
          ],
          [
            1.28649,
            1.2563,
            3.56836
          ],
          [
            3.7432,
            1.2563,
            3.571
          ],
          [
            3.74975,
            3.7689,
            3.55148
          ],
          [
            5.00104,
            0.03456,
            5.2461
          ],
          [
            2.5227,
            0.02726,
            5.41296
          ],
          [
            5.00104,
            2.47803,
            5.2461
          ],
          [
            2.5227,
            2.48534,
            5.41296
          ],
          [
            1.26787,
            3.7689,
            3.58028
          ],
          [
            2.43911,
            3.7689,
            6.89093
          ],
          [
            3.2729,
            3.7689,
            7.38534
          ]
        ],
        "Stress": [
          [
            -5.69652,
            0.0,
            0.89571
          ],
          [
            0.0,
            -11.25156,
            0.0
          ],
          [
            0.89571,
            0.0,
            -0.85672
          ]
        ],
        "computation_code": "VASP",
        "pseudopotential_information": [
          [
            "PAW_PBE",
            "Ni",
            "02Aug2007"
          ],
          [
            "PAW_PBE",
            "Ru",
            "04Feb2005"
          ],
          [
            "PAW_PBE",
            "O",
            "08Apr2002"
          ],
          [
            "PAW_PBE",
            "H",
            "15Jun2001"
          ]
        ]
      }
    ],
    "EnergyStyle": "electronvolt",
    "ForcesStyle": "electronvoltperangstrom",
    "LatticeStyle": "angstrom",
    "PositionsStyle": "angstrom",
    "StressStyle": "kB"
  }
}