{
  "Dataset": {
    "AtomTypeStyle": "chemicalsymbol",
    "Data": [
      {
        "AtomTypes": [
          "Ni",
          "Ni",
          "Ni",
          "Ni",
          "Ni",
          "Ni",
          "Ni",
          "Ni",
          "Ni",
          "Ni",
          "Ni",
          "Ni",
          "Ni",
          "Ni",
          "Ni",
          "Ni",
          "Ni",
          "Ni",
          "Ni",
          "Ru",
          "H"
        ],
        "Energy": -96.84059644,
        "Forces": [
          [
            0.0,
            -0.000431,
            0.575681
          ],
          [
            0.0,
            -0.026376,
            0.46452
          ],
          [
            0.0,
            0.002603,
            0.506574
          ],
          [
            0.0,
            0.027255,
            0.563895
          ],
          [
            0.034311,
            -0.016689,
            -0.548573
          ],
          [
            -0.034311,
            -0.016689,
            -0.548573
          ],
          [
            0.070534,
            0.014238,
            -0.561833
          ],
          [
            -0.070534,
            0.014238,
            -0.561833
          ],
          [
            0.0,
            0.00439,
            0.003436
          ],
          [
            0.0,
            -0.003659,
            0.008068
          ],
          [
            0.0,
            -0.00392,
            0.006943
          ],
          [
            0.0,
            0.009277,
            -0.009405
          ],
          [
            0.002206,
            0.011387,
            0.015182
          ],
          [
            -0.002206,
            0.011387,
            0.015182
          ],
          [
            -0.007704,
            -0.007303,
            0.008862
          ],
          [
            0.007704,
            -0.007303,
            0.008862
          ],
          [
            0.0,
            0.00215,
            -0.004774
          ],
          [
            0.0,
            0.002338,
            0.006565
          ],
          [
            0.0,
            0.004718,
            0.024151
          ],
          [
            0.0,
            -0.004328,
            0.015217
          ],
          [
            0.0,
            -0.017282,
            0.011853
          ]
        ],
        "Lattice": [
          [
            7.106,
            0.0,
            0.0
          ],
          [
            0.0,
            5.024699515,
            0.0
          ],
          [
            0.0,
            0.0,
            17.703958439
          ]
        ],
        "NumAtoms": 21,
        "Positions": [
          [
            0.0,
            2.51235,
            0.0
          ],
          [
            3.553,
            2.51235,
            0.0
          ],
          [
            0.0,
            0.0,
            0.0
          ],
          [
            3.553,
            0.0,
            0.0
          ],
          [
            1.7765,
            3.76852,
            1.25617
          ],
          [
            5.3295,
            3.76852,
            1.25617
          ],
          [
            1.7765,
            1.25618,
            1.25617
          ],
          [
            5.3295,
            1.25618,
            1.25617
          ],
          [
            0.0,
            0.00356,
            2.44946
          ],
          [
            3.553,
            5.01135,
            2.48053
          ],
          [
            0.0,
            2.51354,
            2.49095
          ],
          [
            3.553,
            2.50909,
            2.48914
          ],
          [
            1.77732,
            3.7724,
            3.8059
          ],
          [
            5.32868,
            3.7724,
            3.8059
          ],
          [
            1.78018,
            1.25969,
            3.80053
          ],
          [
            5.32582,
            1.25969,
            3.80053
          ],
          [
            0.0,
            2.51527,
            4.9173
          ],
          [
            0.0,
            0.00333,
            4.87845
          ],
          [
            3.553,
            0.00315,
            4.9745
          ],
          [
            3.553,
            2.53419,
            5.01588
          ],
          [
            3.553,
            1.22151,
            6.16668
          ]
        ],
        "Stress": [
          [
            -18.36914,
            0.0,
            0.0
          ],
          [
            0.0,
            -17.66532,
            0.00492
          ],
          [
            0.0,
            0.00492,
            -8.25756
          ]
        ],
        "computation_code": "VASP",
        "pseudopotential_information": [
          [
            "PAW_PBE",
            "Ni",
            "02Aug2007"
          ],
          [
            "PAW_PBE",
            "Ru",
            "04Feb2005"
          ],
          [
            "PAW_PBE",
            "H",
            "15Jun2001"
          ]
        ]
      }
    ],
    "EnergyStyle": "electronvolt",
    "ForcesStyle": "electronvoltperangstrom",
    "LatticeStyle": "angstrom",
    "PositionsStyle": "angstrom",
    "StressStyle": "kB"
  }
}