{
  "Dataset": {
    "AtomTypeStyle": "chemicalsymbol",
    "Data": [
      {
        "AtomTypes": [
          "Ni",
          "Ni",
          "Ni",
          "Ni",
          "Ni",
          "Ni",
          "Ni",
          "Ni",
          "Ni",
          "Ni",
          "Ni",
          "Ni",
          "Ni",
          "Ni",
          "Ni",
          "Ru",
          "O",
          "H"
        ],
        "Energy": -86.96196639,
        "Forces": [
          [
            0.035133,
            0.0,
            0.328711
          ],
          [
            0.001211,
            0.0,
            0.057368
          ],
          [
            -0.048783,
            0.0,
            0.239422
          ],
          [
            0.001238,
            0.0,
            0.317135
          ],
          [
            -0.049863,
            -0.030417,
            -0.331104
          ],
          [
            0.041608,
            -0.014961,
            -0.337655
          ],
          [
            -0.049863,
            0.030417,
            -0.331104
          ],
          [
            0.041608,
            0.014961,
            -0.337655
          ],
          [
            -5e-06,
            0.0,
            0.043289
          ],
          [
            -0.003113,
            0.0,
            0.044743
          ],
          [
            0.001452,
            0.0,
            0.036137
          ],
          [
            0.009549,
            0.022502,
            0.015711
          ],
          [
            -0.018118,
            0.014281,
            0.038054
          ],
          [
            0.009549,
            -0.022502,
            0.015711
          ],
          [
            -0.018118,
            -0.014281,
            0.038054
          ],
          [
            0.012703,
            0.0,
            -0.004486
          ],
          [
            -0.137256,
            0.0,
            -0.028218
          ],
          [
            0.171067,
            0.0,
            0.195886
          ]
        ],
        "Lattice": [
          [
            5.025196436,
            0.0,
            0.0
          ],
          [
            0.0,
            5.025196436,
            0.0
          ],
          [
            0.0,
            0.0,
            17.427492376
          ]
        ],
        "NumAtoms": 18,
        "Positions": [
          [
            3.7689,
            1.2563,
            0.0
          ],
          [
            3.7689,
            3.7689,
            0.0
          ],
          [
            1.2563,
            1.2563,
            0.0
          ],
          [
            1.2563,
            3.7689,
            0.0
          ],
          [
            0.0,
            0.0,
            1.77656
          ],
          [
            2.5126,
            0.0,
            1.77656
          ],
          [
            0.0,
            2.5126,
            1.77656
          ],
          [
            2.5126,
            2.5126,
            1.77656
          ],
          [
            3.74289,
            1.2563,
            3.57338
          ],
          [
            1.2535,
            3.7689,
            3.56174
          ],
          [
            3.75323,
            3.7689,
            3.55987
          ],
          [
            4.99286,
            -0.01013,
            5.27298
          ],
          [
            2.53733,
            0.00364,
            5.41853
          ],
          [
            4.99286,
            2.52273,
            5.27298
          ],
          [
            2.53733,
            2.50896,
            5.41853
          ],
          [
            1.27513,
            1.2563,
            3.63463
          ],
          [
            2.44949,
            3.7689,
            6.9035
          ],
          [
            3.27256,
            3.7689,
            7.42166
          ]
        ],
        "Stress": [
          [
            -9.32518,
            0.0,
            0.9836
          ],
          [
            0.0,
            -12.6141,
            0.0
          ],
          [
            0.9836,
            0.0,
            -5.29684
          ]
        ],
        "computation_code": "VASP",
        "pseudopotential_information": [
          [
            "PAW_PBE",
            "Ni",
            "02Aug2007"
          ],
          [
            "PAW_PBE",
            "Ru",
            "04Feb2005"
          ],
          [
            "PAW_PBE",
            "O",
            "08Apr2002"
          ],
          [
            "PAW_PBE",
            "H",
            "15Jun2001"
          ]
        ]
      }
    ],
    "EnergyStyle": "electronvolt",
    "ForcesStyle": "electronvoltperangstrom",
    "LatticeStyle": "angstrom",
    "PositionsStyle": "angstrom",
    "StressStyle": "kB"
  }
}