{
  "Dataset": {
    "AtomTypeStyle": "chemicalsymbol",
    "Data": [
      {
        "AtomTypes": [
          "Ni",
          "Ni",
          "Ni",
          "Ni",
          "Ni",
          "Ni",
          "Ni",
          "Ni",
          "Ni",
          "Ni",
          "Ni",
          "Ni",
          "Ni",
          "Ni",
          "Ni",
          "Ni",
          "Ni",
          "Ni",
          "Ni",
          "Ru",
          "H"
        ],
        "Energy": -96.96220414,
        "Forces": [
          [
            0.003552,
            -0.013111,
            0.564733
          ],
          [
            -0.007034,
            -0.014691,
            0.556287
          ],
          [
            0.003552,
            0.013111,
            0.564733
          ],
          [
            -0.007034,
            0.014691,
            0.556287
          ],
          [
            -0.029572,
            -0.0,
            -0.504617
          ],
          [
            0.057849,
            -0.0,
            -0.351839
          ],
          [
            -0.020087,
            -0.0,
            -0.759602
          ],
          [
            0.03289,
            -0.0,
            -0.580418
          ],
          [
            -0.000561,
            -0.001249,
            0.006397
          ],
          [
            -0.002281,
            0.011053,
            -0.006256
          ],
          [
            -0.000561,
            0.001249,
            0.006397
          ],
          [
            -0.002281,
            -0.011053,
            -0.006256
          ],
          [
            -0.001699,
            -0.0,
            -0.002126
          ],
          [
            0.013868,
            -0.0,
            -0.012674
          ],
          [
            -0.002974,
            -0.0,
            -0.004033
          ],
          [
            -0.00492,
            0.004473,
            -0.007476
          ],
          [
            -0.005852,
            -0.00658,
            -0.000707
          ],
          [
            -0.00492,
            -0.004473,
            -0.007476
          ],
          [
            -0.005852,
            0.00658,
            -0.000707
          ],
          [
            0.007295,
            -0.0,
            -0.010692
          ],
          [
            -0.023378,
            -0.0,
            4.5e-05
          ]
        ],
        "Lattice": [
          [
            7.106,
            0.0,
            0.0
          ],
          [
            0.0,
            5.024699515,
            0.0
          ],
          [
            0.0,
            0.0,
            17.703958439
          ]
        ],
        "NumAtoms": 21,
        "Positions": [
          [
            0.0,
            2.51235,
            0.0
          ],
          [
            3.553,
            2.51235,
            0.0
          ],
          [
            0.0,
            0.0,
            0.0
          ],
          [
            3.553,
            0.0,
            0.0
          ],
          [
            1.7765,
            3.76852,
            1.25617
          ],
          [
            5.3295,
            3.76852,
            1.25617
          ],
          [
            1.7765,
            1.25618,
            1.25617
          ],
          [
            5.3295,
            1.25618,
            1.25617
          ],
          [
            0.00085,
            0.00367,
            2.48101
          ],
          [
            3.5538,
            0.00363,
            2.47058
          ],
          [
            0.00085,
            2.50868,
            2.48101
          ],
          [
            3.5538,
            2.50872,
            2.47058
          ],
          [
            1.79881,
            3.76852,
            3.79077
          ],
          [
            1.77908,
            1.25618,
            3.74654
          ],
          [
            5.32556,
            1.25618,
            3.82357
          ],
          [
            0.06081,
            2.51257,
            4.93943
          ],
          [
            3.48851,
            2.49152,
            5.00746
          ],
          [
            0.06081,
            -0.00022,
            4.93943
          ],
          [
            3.48851,
            0.02083,
            5.00746
          ],
          [
            5.30939,
            3.76852,
            3.89917
          ],
          [
            3.52201,
            1.25617,
            6.0726
          ]
        ],
        "Stress": [
          [
            -16.82396,
            0.0,
            -0.40259
          ],
          [
            0.0,
            -13.60099,
            0.0
          ],
          [
            -0.40259,
            0.0,
            -9.76182
          ]
        ],
        "computation_code": "VASP",
        "pseudopotential_information": [
          [
            "PAW_PBE",
            "Ni",
            "02Aug2007"
          ],
          [
            "PAW_PBE",
            "Ru",
            "04Feb2005"
          ],
          [
            "PAW_PBE",
            "H",
            "15Jun2001"
          ]
        ]
      }
    ],
    "EnergyStyle": "electronvolt",
    "ForcesStyle": "electronvoltperangstrom",
    "LatticeStyle": "angstrom",
    "PositionsStyle": "angstrom",
    "StressStyle": "kB"
  }
}