{
  "Dataset": {
    "AtomTypeStyle": "chemicalsymbol",
    "Data": [
      {
        "AtomTypes": [
          "Ni",
          "Ni",
          "Ni",
          "Ni",
          "Ni",
          "Ni",
          "Ni",
          "Ni",
          "Ni",
          "Ni",
          "Ni",
          "Ni",
          "Ni",
          "Ni",
          "Ni",
          "Ru",
          "O",
          "H"
        ],
        "Energy": -86.54386125,
        "Forces": [
          [
            0.018821,
            0.004519,
            0.336995
          ],
          [
            -0.025762,
            -0.005208,
            0.319059
          ],
          [
            -0.018528,
            -0.00023,
            0.337294
          ],
          [
            0.024695,
            -0.004007,
            0.321775
          ],
          [
            0.004592,
            0.010865,
            -0.312737
          ],
          [
            0.000562,
            0.023838,
            -0.251803
          ],
          [
            0.000922,
            -0.007107,
            -0.218598
          ],
          [
            -0.000618,
            -0.025996,
            -0.505869
          ],
          [
            0.025533,
            -0.000291,
            -0.014679
          ],
          [
            -0.01575,
            -0.011055,
            -0.008697
          ],
          [
            0.024457,
            0.000133,
            -0.010217
          ],
          [
            -0.013236,
            0.009463,
            -0.006764
          ],
          [
            0.011961,
            -0.000307,
            0.004989
          ],
          [
            0.003866,
            -0.002972,
            0.008522
          ],
          [
            0.002711,
            0.009781,
            0.009277
          ],
          [
            0.00173,
            -0.008353,
            0.008639
          ],
          [
            -0.03709,
            -0.000945,
            -0.027364
          ],
          [
            -0.008868,
            0.007874,
            0.010177
          ]
        ],
        "Lattice": [
          [
            5.025196436,
            0.0,
            0.0
          ],
          [
            0.0,
            5.025196436,
            0.0
          ],
          [
            0.0,
            0.0,
            17.427492376
          ]
        ],
        "NumAtoms": 18,
        "Positions": [
          [
            3.7689,
            1.2563,
            0.0
          ],
          [
            3.7689,
            3.7689,
            0.0
          ],
          [
            1.2563,
            1.2563,
            0.0
          ],
          [
            1.2563,
            3.7689,
            0.0
          ],
          [
            0.0,
            0.0,
            1.77656
          ],
          [
            2.5126,
            0.0,
            1.77656
          ],
          [
            0.0,
            2.5126,
            1.77656
          ],
          [
            2.5126,
            2.5126,
            1.77656
          ],
          [
            1.28264,
            1.25521,
            3.59622
          ],
          [
            3.74792,
            1.25411,
            3.59201
          ],
          [
            1.26463,
            3.76998,
            3.57633
          ],
          [
            3.75733,
            3.77008,
            3.57727
          ],
          [
            2.52408,
            0.00168,
            5.42589
          ],
          [
            5.01996,
            2.51892,
            5.25177
          ],
          [
            2.51679,
            2.46616,
            5.45827
          ],
          [
            0.00677,
            0.02715,
            5.37184
          ],
          [
            2.43678,
            3.76174,
            6.92949
          ],
          [
            3.27139,
            3.75986,
            7.44084
          ]
        ],
        "Stress": [
          [
            -17.80471,
            0.27419,
            -0.29578
          ],
          [
            0.27419,
            -22.78365,
            0.05022
          ],
          [
            -0.29578,
            0.05022,
            -13.47899
          ]
        ],
        "computation_code": "VASP",
        "pseudopotential_information": [
          [
            "PAW_PBE",
            "Ni",
            "02Aug2007"
          ],
          [
            "PAW_PBE",
            "Ru",
            "04Feb2005"
          ],
          [
            "PAW_PBE",
            "O",
            "08Apr2002"
          ],
          [
            "PAW_PBE",
            "H",
            "15Jun2001"
          ]
        ]
      }
    ],
    "EnergyStyle": "electronvolt",
    "ForcesStyle": "electronvoltperangstrom",
    "LatticeStyle": "angstrom",
    "PositionsStyle": "angstrom",
    "StressStyle": "kB"
  }
}