{
  "Dataset": {
    "AtomTypeStyle": "chemicalsymbol",
    "Data": [
      {
        "AtomTypes": [
          "Ni",
          "Ni",
          "Ni",
          "Ni",
          "Ni",
          "Ni",
          "Ni",
          "Ni",
          "Ni",
          "Ni",
          "Ni",
          "Ni",
          "Ni",
          "Ni",
          "Ni",
          "Ru",
          "O",
          "H"
        ],
        "Energy": -86.54260786,
        "Forces": [
          [
            0.018866,
            0.004964,
            0.335473
          ],
          [
            -0.025757,
            -0.005215,
            0.317675
          ],
          [
            -0.018873,
            0.000415,
            0.336345
          ],
          [
            0.02436,
            -0.004223,
            0.320937
          ],
          [
            0.000209,
            0.016856,
            -0.311484
          ],
          [
            -0.003765,
            0.029753,
            -0.26564
          ],
          [
            -0.004402,
            -0.004313,
            -0.20834
          ],
          [
            -0.004898,
            -0.022693,
            -0.506086
          ],
          [
            -0.010642,
            0.005228,
            0.017012
          ],
          [
            0.022621,
            0.012851,
            0.018798
          ],
          [
            -0.005954,
            -0.0137,
            0.026464
          ],
          [
            0.021597,
            -0.021961,
            0.02235
          ],
          [
            0.00739,
            -0.004616,
            -0.00034
          ],
          [
            -0.00754,
            -0.009373,
            -0.013135
          ],
          [
            0.005637,
            -0.001645,
            -0.031834
          ],
          [
            0.028045,
            -0.003809,
            -0.051858
          ],
          [
            -0.021571,
            0.012453,
            -0.015459
          ],
          [
            -0.025324,
            0.009026,
            0.009122
          ]
        ],
        "Lattice": [
          [
            5.025196436,
            0.0,
            0.0
          ],
          [
            0.0,
            5.025196436,
            0.0
          ],
          [
            0.0,
            0.0,
            17.427492376
          ]
        ],
        "NumAtoms": 18,
        "Positions": [
          [
            3.7689,
            1.2563,
            0.0
          ],
          [
            3.7689,
            3.7689,
            0.0
          ],
          [
            1.2563,
            1.2563,
            0.0
          ],
          [
            1.2563,
            3.7689,
            0.0
          ],
          [
            0.0,
            0.0,
            1.77656
          ],
          [
            2.5126,
            0.0,
            1.77656
          ],
          [
            0.0,
            2.5126,
            1.77656
          ],
          [
            2.5126,
            2.5126,
            1.77656
          ],
          [
            1.28337,
            1.25543,
            3.59592
          ],
          [
            3.74345,
            1.25358,
            3.59134
          ],
          [
            1.26481,
            3.7736,
            3.57443
          ],
          [
            3.75283,
            3.77451,
            3.57625
          ],
          [
            2.51772,
            0.00128,
            5.42966
          ],
          [
            5.02112,
            2.52266,
            5.25175
          ],
          [
            2.51641,
            2.46594,
            5.46507
          ],
          [
            -0.00077,
            0.02991,
            5.37964
          ],
          [
            2.44174,
            3.75876,
            6.93447
          ],
          [
            3.282,
            3.75685,
            7.43732
          ]
        ],
        "Stress": [
          [
            -18.32479,
            0.29933,
            -0.11757
          ],
          [
            0.29933,
            -23.36248,
            0.00879
          ],
          [
            -0.11757,
            0.00879,
            -14.261
          ]
        ],
        "computation_code": "VASP",
        "pseudopotential_information": [
          [
            "PAW_PBE",
            "Ni",
            "02Aug2007"
          ],
          [
            "PAW_PBE",
            "Ru",
            "04Feb2005"
          ],
          [
            "PAW_PBE",
            "O",
            "08Apr2002"
          ],
          [
            "PAW_PBE",
            "H",
            "15Jun2001"
          ]
        ]
      }
    ],
    "EnergyStyle": "electronvolt",
    "ForcesStyle": "electronvoltperangstrom",
    "LatticeStyle": "angstrom",
    "PositionsStyle": "angstrom",
    "StressStyle": "kB"
  }
}