{
  "Dataset": {
    "AtomTypeStyle": "chemicalsymbol",
    "Data": [
      {
        "AtomTypes": [
          "Ni",
          "Ni",
          "Ni",
          "Ni",
          "Ni",
          "Ni",
          "Ni",
          "Ni",
          "Ni",
          "Ni",
          "Ni",
          "Ni",
          "Ni",
          "Ni",
          "Ni",
          "Ni",
          "Ni",
          "Ni",
          "Ni",
          "Ru",
          "O",
          "H"
        ],
        "Energy": -104.03733724,
        "Forces": [
          [
            -0.016853,
            -0.00129,
            0.548
          ],
          [
            0.014078,
            -0.003665,
            0.562702
          ],
          [
            -0.016853,
            0.00129,
            0.548
          ],
          [
            0.014078,
            0.003665,
            0.562702
          ],
          [
            0.058483,
            0.0,
            -0.483211
          ],
          [
            -0.027577,
            0.0,
            -0.739716
          ],
          [
            0.071709,
            0.0,
            -0.416929
          ],
          [
            -0.057589,
            0.0,
            -0.543194
          ],
          [
            -0.002339,
            -0.001229,
            -0.006931
          ],
          [
            -0.00267,
            -0.010233,
            -0.001708
          ],
          [
            -0.002339,
            0.001229,
            -0.006931
          ],
          [
            -0.00267,
            0.010233,
            -0.001708
          ],
          [
            -0.003342,
            0.0,
            0.004484
          ],
          [
            -0.009287,
            0.0,
            -0.011109
          ],
          [
            0.003152,
            0.0,
            -0.00528
          ],
          [
            0.000151,
            0.000976,
            -0.001488
          ],
          [
            -0.000484,
            -0.001658,
            0.007012
          ],
          [
            0.000151,
            -0.000976,
            -0.001488
          ],
          [
            -0.000484,
            0.001658,
            0.007012
          ],
          [
            -0.027281,
            0.0,
            0.01143
          ],
          [
            0.00112,
            0.0,
            -0.026232
          ],
          [
            0.006847,
            0.0,
            -0.005419
          ]
        ],
        "Lattice": [
          [
            7.106,
            0.0,
            0.0
          ],
          [
            0.0,
            5.024699515,
            0.0
          ],
          [
            0.0,
            0.0,
            17.703958439
          ]
        ],
        "NumAtoms": 22,
        "Positions": [
          [
            0.0,
            2.51235,
            0.0
          ],
          [
            3.553,
            2.51235,
            0.0
          ],
          [
            0.0,
            0.0,
            0.0
          ],
          [
            3.553,
            0.0,
            0.0
          ],
          [
            1.7765,
            3.76852,
            1.25617
          ],
          [
            5.3295,
            3.76852,
            1.25617
          ],
          [
            1.7765,
            1.25618,
            1.25617
          ],
          [
            5.3295,
            1.25618,
            1.25617
          ],
          [
            7.0987,
            5.01477,
            2.47623
          ],
          [
            3.56619,
            5.01576,
            2.4998
          ],
          [
            7.0987,
            2.52227,
            2.47623
          ],
          [
            3.56619,
            2.52129,
            2.4998
          ],
          [
            1.83389,
            3.76852,
            3.84648
          ],
          [
            5.30752,
            3.76852,
            3.77848
          ],
          [
            5.3382,
            1.25618,
            3.78368
          ],
          [
            -0.03239,
            2.52248,
            4.92862
          ],
          [
            3.59887,
            2.4995,
            5.0708
          ],
          [
            -0.03239,
            5.01457,
            4.92862
          ],
          [
            3.59887,
            0.01285,
            5.0708
          ],
          [
            1.76683,
            1.25618,
            3.83071
          ],
          [
            3.7129,
            1.25617,
            6.57175
          ],
          [
            4.62134,
            1.25617,
            6.93321
          ]
        ],
        "Stress": [
          [
            -18.35266,
            0.0,
            -0.081
          ],
          [
            0.0,
            -15.90407,
            0.0
          ],
          [
            -0.081,
            0.0,
            -11.38855
          ]
        ],
        "computation_code": "VASP",
        "pseudopotential_information": [
          [
            "PAW_PBE",
            "Ni",
            "02Aug2007"
          ],
          [
            "PAW_PBE",
            "Ru",
            "04Feb2005"
          ],
          [
            "PAW_PBE",
            "O",
            "08Apr2002"
          ],
          [
            "PAW_PBE",
            "H",
            "15Jun2001"
          ]
        ]
      }
    ],
    "EnergyStyle": "electronvolt",
    "ForcesStyle": "electronvoltperangstrom",
    "LatticeStyle": "angstrom",
    "PositionsStyle": "angstrom",
    "StressStyle": "kB"
  }
}