{
  "Dataset": {
    "AtomTypeStyle": "chemicalsymbol",
    "Data": [
      {
        "AtomTypes": [
          "Ni",
          "Ni",
          "Ni",
          "Ni",
          "Ni",
          "Ni",
          "Ni",
          "Ni",
          "Ni",
          "Ni",
          "Ni",
          "Ni",
          "Ni",
          "Ni",
          "Ni",
          "Ni",
          "Ni",
          "Ni",
          "Ni",
          "Ru",
          "O",
          "H"
        ],
        "Energy": -104.00563872,
        "Forces": [
          [
            -0.001305,
            0.000847,
            0.566172
          ],
          [
            0.004661,
            -0.003671,
            0.457656
          ],
          [
            -0.001778,
            0.005744,
            0.51577
          ],
          [
            -0.000788,
            -0.003045,
            0.62834
          ],
          [
            0.103535,
            0.016801,
            -0.520022
          ],
          [
            -0.096245,
            0.015066,
            -0.510201
          ],
          [
            0.121266,
            0.022133,
            -0.586645
          ],
          [
            -0.122958,
            0.022029,
            -0.58808
          ],
          [
            0.002362,
            -0.006186,
            -0.002729
          ],
          [
            -0.000727,
            -0.003262,
            0.008412
          ],
          [
            0.000398,
            -0.003255,
            -0.003217
          ],
          [
            0.001573,
            -0.007197,
            0.005572
          ],
          [
            -0.007332,
            -0.00749,
            0.006233
          ],
          [
            0.005717,
            0.000632,
            0.009205
          ],
          [
            0.003407,
            0.000354,
            0.009901
          ],
          [
            -0.000335,
            -9.9e-05,
            0.014252
          ],
          [
            -0.001676,
            -0.002485,
            4.3e-05
          ],
          [
            0.00327,
            -0.007103,
            -0.005365
          ],
          [
            -0.007309,
            0.004059,
            0.015885
          ],
          [
            0.001506,
            -0.034574,
            0.018261
          ],
          [
            0.005994,
            0.001582,
            -0.017882
          ],
          [
            -0.013237,
            -0.010882,
            -0.021561
          ]
        ],
        "Lattice": [
          [
            7.106,
            0.0,
            0.0
          ],
          [
            0.0,
            5.024699515,
            0.0
          ],
          [
            0.0,
            0.0,
            17.703958439
          ]
        ],
        "NumAtoms": 22,
        "Positions": [
          [
            0.0,
            2.51235,
            0.0
          ],
          [
            3.553,
            2.51235,
            0.0
          ],
          [
            0.0,
            0.0,
            0.0
          ],
          [
            3.553,
            0.0,
            0.0
          ],
          [
            1.7765,
            3.76852,
            1.25617
          ],
          [
            5.3295,
            3.76852,
            1.25617
          ],
          [
            1.7765,
            1.25618,
            1.25617
          ],
          [
            5.3295,
            1.25618,
            1.25617
          ],
          [
            7.10477,
            0.0089,
            2.45128
          ],
          [
            3.55324,
            5.02182,
            2.51984
          ],
          [
            -0.00025,
            2.52218,
            2.4853
          ],
          [
            3.55324,
            2.51768,
            2.49922
          ],
          [
            1.78247,
            3.78477,
            3.80621
          ],
          [
            5.32337,
            3.78427,
            3.81541
          ],
          [
            1.77933,
            1.27371,
            3.78711
          ],
          [
            5.32931,
            1.27297,
            3.78622
          ],
          [
            0.00294,
            2.52667,
            4.90669
          ],
          [
            0.00355,
            0.0174,
            4.87344
          ],
          [
            3.54662,
            5.00075,
            5.05474
          ],
          [
            3.55633,
            2.56753,
            5.01675
          ],
          [
            3.57831,
            1.28164,
            6.59568
          ],
          [
            4.4578,
            1.28231,
            7.02477
          ]
        ],
        "Stress": [
          [
            -19.99613,
            -0.15712,
            -0.00381
          ],
          [
            -0.15712,
            -18.98822,
            -0.6184
          ],
          [
            -0.00381,
            -0.6184,
            -10.78465
          ]
        ],
        "computation_code": "VASP",
        "pseudopotential_information": [
          [
            "PAW_PBE",
            "Ni",
            "02Aug2007"
          ],
          [
            "PAW_PBE",
            "Ru",
            "04Feb2005"
          ],
          [
            "PAW_PBE",
            "O",
            "08Apr2002"
          ],
          [
            "PAW_PBE",
            "H",
            "15Jun2001"
          ]
        ]
      }
    ],
    "EnergyStyle": "electronvolt",
    "ForcesStyle": "electronvoltperangstrom",
    "LatticeStyle": "angstrom",
    "PositionsStyle": "angstrom",
    "StressStyle": "kB"
  }
}