{
  "Dataset": {
    "AtomTypeStyle": "chemicalsymbol",
    "Data": [
      {
        "AtomTypes": [
          "Ni",
          "Ni",
          "Ni",
          "Ni",
          "Ni",
          "Ni",
          "Ni",
          "Ni",
          "Ni",
          "Ni",
          "Ni",
          "Ni",
          "Ni",
          "Ni",
          "Ni",
          "Ru",
          "O"
        ],
        "Energy": -83.28133046,
        "Forces": [
          [
            0.0,
            0.0,
            0.218118
          ],
          [
            0.0,
            -0.0,
            0.328108
          ],
          [
            0.0,
            -0.0,
            0.328108
          ],
          [
            0.0,
            0.0,
            -0.018176
          ],
          [
            0.150259,
            -0.150259,
            -0.455528
          ],
          [
            -0.150259,
            -0.150259,
            -0.455528
          ],
          [
            0.150259,
            0.150259,
            -0.455528
          ],
          [
            -0.150259,
            0.150259,
            -0.455528
          ],
          [
            0.0,
            -0.0,
            -0.014648
          ],
          [
            0.0,
            -0.0,
            -0.630717
          ],
          [
            0.0,
            0.0,
            -0.014648
          ],
          [
            0.074868,
            -0.074868,
            0.259404
          ],
          [
            -0.074868,
            -0.074868,
            0.259404
          ],
          [
            0.074868,
            0.074868,
            0.259404
          ],
          [
            -0.074868,
            0.074868,
            0.259404
          ],
          [
            0.0,
            -0.0,
            0.665008
          ],
          [
            0.0,
            0.0,
            -0.076657
          ]
        ],
        "Lattice": [
          [
            5.025196436,
            0.0,
            0.0
          ],
          [
            0.0,
            5.025196436,
            0.0
          ],
          [
            0.0,
            0.0,
            17.427492376
          ]
        ],
        "NumAtoms": 17,
        "Positions": [
          [
            3.7689,
            1.2563,
            0.0
          ],
          [
            3.7689,
            3.7689,
            0.0
          ],
          [
            1.2563,
            1.2563,
            0.0
          ],
          [
            1.2563,
            3.7689,
            0.0
          ],
          [
            0.0,
            0.0,
            1.77656
          ],
          [
            2.5126,
            0.0,
            1.77656
          ],
          [
            0.0,
            2.5126,
            1.77656
          ],
          [
            2.5126,
            2.5126,
            1.77656
          ],
          [
            1.2563,
            1.2563,
            3.55312
          ],
          [
            1.2563,
            3.7689,
            3.55312
          ],
          [
            3.7689,
            3.7689,
            3.55312
          ],
          [
            0.0,
            0.0,
            5.32985
          ],
          [
            2.5126,
            0.0,
            5.32985
          ],
          [
            0.0,
            2.5126,
            5.32985
          ],
          [
            2.5126,
            2.5126,
            5.32985
          ],
          [
            3.7689,
            1.2563,
            3.55312
          ],
          [
            1.2563,
            3.7689,
            6.20122
          ]
        ],
        "Stress": [
          [
            -12.01244,
            0.0,
            -0.0
          ],
          [
            0.0,
            -12.01244,
            -0.0
          ],
          [
            -0.0,
            -0.0,
            1.84969
          ]
        ],
        "computation_code": "VASP",
        "pseudopotential_information": [
          [
            "PAW_PBE",
            "Ni",
            "02Aug2007"
          ],
          [
            "PAW_PBE",
            "Ru",
            "04Feb2005"
          ],
          [
            "PAW_PBE",
            "O",
            "08Apr2002"
          ]
        ]
      }
    ],
    "EnergyStyle": "electronvolt",
    "ForcesStyle": "electronvoltperangstrom",
    "LatticeStyle": "angstrom",
    "PositionsStyle": "angstrom",
    "StressStyle": "kB"
  }
}