{
  "Dataset": {
    "AtomTypeStyle": "chemicalsymbol",
    "Data": [
      {
        "AtomTypes": [
          "Ni",
          "Ni",
          "Ni",
          "Ni",
          "Ni",
          "Ni",
          "Ni",
          "Ni",
          "Ni",
          "Ni",
          "Ni",
          "Ni",
          "Ni",
          "Ni",
          "Ni",
          "Ni",
          "Ni",
          "Ni",
          "Cu",
          "Ni",
          "H"
        ],
        "Energy": -92.17176818,
        "Forces": [
          [
            0.0,
            -0.012072,
            0.554027
          ],
          [
            0.0,
            -0.019398,
            0.589188
          ],
          [
            0.0,
            0.009947,
            0.554044
          ],
          [
            0.0,
            0.021821,
            0.624653
          ],
          [
            0.034408,
            -0.006705,
            -0.507456
          ],
          [
            -0.034408,
            -0.006705,
            -0.507456
          ],
          [
            0.064769,
            0.006931,
            -0.571976
          ],
          [
            -0.064769,
            0.006931,
            -0.571976
          ],
          [
            0.0,
            0.013751,
            -0.155793
          ],
          [
            0.0,
            0.014008,
            -0.050642
          ],
          [
            0.0,
            -0.009523,
            0.044878
          ],
          [
            0.0,
            -0.014008,
            -0.080947
          ],
          [
            0.053406,
            -0.048244,
            -0.052756
          ],
          [
            -0.053406,
            -0.048244,
            -0.052756
          ],
          [
            0.171256,
            0.043329,
            0.137266
          ],
          [
            -0.171256,
            0.043329,
            0.137266
          ],
          [
            0.0,
            -0.006829,
            -0.026741
          ],
          [
            0.0,
            -0.21105,
            -0.157359
          ],
          [
            0.0,
            0.017472,
            0.450551
          ],
          [
            0.0,
            0.200363,
            -0.254447
          ],
          [
            0.0,
            0.004896,
            -0.101564
          ]
        ],
        "Lattice": [
          [
            7.106,
            0.0,
            0.0
          ],
          [
            0.0,
            5.024699515,
            0.0
          ],
          [
            0.0,
            0.0,
            17.703958439
          ]
        ],
        "NumAtoms": 21,
        "Positions": [
          [
            0.0,
            2.51235,
            0.0
          ],
          [
            3.553,
            2.51235,
            0.0
          ],
          [
            0.0,
            0.0,
            0.0
          ],
          [
            3.553,
            0.0,
            0.0
          ],
          [
            1.7765,
            3.76852,
            1.25617
          ],
          [
            5.3295,
            3.76852,
            1.25617
          ],
          [
            1.7765,
            1.25618,
            1.25617
          ],
          [
            5.3295,
            1.25618,
            1.25617
          ],
          [
            0.0,
            5.02012,
            2.46318
          ],
          [
            3.553,
            5.02065,
            2.49358
          ],
          [
            0.0,
            2.51707,
            2.48169
          ],
          [
            3.553,
            2.51642,
            2.49236
          ],
          [
            1.80525,
            3.76323,
            3.80278
          ],
          [
            5.30075,
            3.76323,
            3.80278
          ],
          [
            1.7799,
            1.26125,
            3.76541
          ],
          [
            5.3261,
            1.26125,
            3.76541
          ],
          [
            0.0,
            2.51576,
            4.88997
          ],
          [
            3.553,
            2.51283,
            5.01559
          ],
          [
            0.0,
            5.02164,
            4.91996
          ],
          [
            3.553,
            5.02352,
            5.0114
          ],
          [
            3.553,
            1.2568,
            6.06774
          ]
        ],
        "Stress": [
          [
            -21.95381,
            0.0,
            0.0
          ],
          [
            0.0,
            -21.84517,
            0.00254
          ],
          [
            0.0,
            0.00254,
            -10.78094
          ]
        ],
        "computation_code": "VASP",
        "pseudopotential_information": [
          [
            "PAW_PBE",
            "Ni",
            "02Aug2007"
          ],
          [
            "PAW_PBE",
            "Cu",
            "22Jun2005"
          ],
          [
            "PAW_PBE",
            "H",
            "15Jun2001"
          ]
        ]
      }
    ],
    "EnergyStyle": "electronvolt",
    "ForcesStyle": "electronvoltperangstrom",
    "LatticeStyle": "angstrom",
    "PositionsStyle": "angstrom",
    "StressStyle": "kB"
  }
}