{
  "Dataset": {
    "AtomTypeStyle": "chemicalsymbol",
    "Data": [
      {
        "AtomTypes": [
          "Ni",
          "Ni",
          "Ni",
          "Ni",
          "Ni",
          "Ni",
          "Ni",
          "Ni",
          "Ni",
          "Ni",
          "Ni",
          "Ni",
          "Ni",
          "Cu",
          "Ni",
          "Ni",
          "Ni",
          "Ni",
          "Ni",
          "Ni"
        ],
        "Energy": -88.17030066,
        "Forces": [
          [
            0.007569,
            -0.013529,
            0.567053
          ],
          [
            -0.008022,
            -0.013675,
            0.563756
          ],
          [
            0.007569,
            0.013529,
            0.567053
          ],
          [
            -0.008022,
            0.013675,
            0.563756
          ],
          [
            -0.002554,
            0.0,
            -0.599927
          ],
          [
            -0.000134,
            0.0,
            -0.553631
          ],
          [
            -0.000981,
            0.0,
            -0.616865
          ],
          [
            -0.001465,
            0.0,
            -0.476986
          ],
          [
            0.001528,
            -0.00561,
            -0.005852
          ],
          [
            5.4e-05,
            -0.00043,
            -0.005097
          ],
          [
            0.001528,
            0.00561,
            -0.005852
          ],
          [
            5.4e-05,
            0.00043,
            -0.005097
          ],
          [
            0.006128,
            0.0,
            0.000735
          ],
          [
            -0.007971,
            0.0,
            0.028239
          ],
          [
            0.009093,
            0.0,
            -0.016096
          ],
          [
            -6.4e-05,
            0.0,
            0.011035
          ],
          [
            0.008776,
            0.010915,
            -0.01438
          ],
          [
            -0.010931,
            0.010927,
            0.006268
          ],
          [
            0.008776,
            -0.010915,
            -0.01438
          ],
          [
            -0.010931,
            -0.010927,
            0.006268
          ]
        ],
        "Lattice": [
          [
            7.106,
            0.0,
            0.0
          ],
          [
            0.0,
            5.024699515,
            0.0
          ],
          [
            0.0,
            0.0,
            17.703958439
          ]
        ],
        "NumAtoms": 20,
        "Positions": [
          [
            0.0,
            2.51235,
            0.0
          ],
          [
            3.553,
            2.51235,
            0.0
          ],
          [
            0.0,
            0.0,
            0.0
          ],
          [
            3.553,
            0.0,
            0.0
          ],
          [
            1.7765,
            3.76852,
            1.25617
          ],
          [
            5.3295,
            3.76852,
            1.25617
          ],
          [
            1.7765,
            1.25618,
            1.25617
          ],
          [
            5.3295,
            1.25618,
            1.25617
          ],
          [
            0.00119,
            0.00596,
            2.48157
          ],
          [
            3.5513,
            0.0054,
            2.48082
          ],
          [
            0.00119,
            2.50639,
            2.48157
          ],
          [
            3.5513,
            2.50695,
            2.48082
          ],
          [
            1.77446,
            3.76852,
            3.78089
          ],
          [
            5.3315,
            3.76852,
            3.83506
          ],
          [
            1.77441,
            1.25618,
            3.79125
          ],
          [
            5.33016,
            1.25618,
            3.82584
          ],
          [
            0.04119,
            2.4988,
            4.92448
          ],
          [
            3.51159,
            2.49909,
            4.91848
          ],
          [
            0.04119,
            0.01355,
            4.92448
          ],
          [
            3.51159,
            0.01326,
            4.91848
          ]
        ],
        "Stress": [
          [
            -18.26932,
            0.0,
            0.01818
          ],
          [
            0.0,
            -19.39416,
            0.0
          ],
          [
            0.01818,
            0.0,
            -9.69336
          ]
        ],
        "computation_code": "VASP",
        "pseudopotential_information": [
          [
            "PAW_PBE",
            "Ni",
            "02Aug2007"
          ],
          [
            "PAW_PBE",
            "Cu",
            "22Jun2005"
          ]
        ]
      }
    ],
    "EnergyStyle": "electronvolt",
    "ForcesStyle": "electronvoltperangstrom",
    "LatticeStyle": "angstrom",
    "PositionsStyle": "angstrom",
    "StressStyle": "kB"
  }
}