{
  "Dataset": {
    "AtomTypeStyle": "chemicalsymbol",
    "Data": [
      {
        "AtomTypes": [
          "Ni",
          "Ni",
          "Ni",
          "Ni",
          "Ni",
          "Ni",
          "Ni",
          "Ni",
          "Cu",
          "Ni",
          "Ni",
          "Ni",
          "Ni",
          "Ni",
          "Ni",
          "Ni",
          "O",
          "H"
        ],
        "Energy": -81.83467866,
        "Forces": [
          [
            0.043545,
            0.0,
            0.291872
          ],
          [
            -0.002547,
            0.0,
            0.367139
          ],
          [
            -0.029786,
            0.0,
            0.361806
          ],
          [
            -0.016248,
            0.0,
            0.288553
          ],
          [
            -0.045257,
            -0.055861,
            -0.31505
          ],
          [
            0.065508,
            -0.050925,
            -0.325282
          ],
          [
            -0.045257,
            0.055861,
            -0.31505
          ],
          [
            0.065508,
            0.050925,
            -0.325282
          ],
          [
            0.011716,
            0.0,
            0.005822
          ],
          [
            -0.01707,
            0.0,
            -0.014013
          ],
          [
            -0.001839,
            0.0,
            0.010076
          ],
          [
            -0.014909,
            0.0,
            -0.036432
          ],
          [
            0.001591,
            -0.003102,
            -0.007025
          ],
          [
            0.007106,
            -0.016097,
            0.001512
          ],
          [
            0.001591,
            0.003102,
            -0.007025
          ],
          [
            0.007106,
            0.016097,
            0.001512
          ],
          [
            -0.014415,
            0.0,
            0.000285
          ],
          [
            -0.016342,
            0.0,
            0.016579
          ]
        ],
        "Lattice": [
          [
            5.025196436,
            0.0,
            0.0
          ],
          [
            0.0,
            5.025196436,
            0.0
          ],
          [
            0.0,
            0.0,
            17.427492376
          ]
        ],
        "NumAtoms": 18,
        "Positions": [
          [
            3.7689,
            1.2563,
            0.0
          ],
          [
            3.7689,
            3.7689,
            0.0
          ],
          [
            1.2563,
            1.2563,
            0.0
          ],
          [
            1.2563,
            3.7689,
            0.0
          ],
          [
            0.0,
            0.0,
            1.77656
          ],
          [
            2.5126,
            0.0,
            1.77656
          ],
          [
            0.0,
            2.5126,
            1.77656
          ],
          [
            2.5126,
            2.5126,
            1.77656
          ],
          [
            1.28977,
            1.2563,
            3.58761
          ],
          [
            3.75458,
            1.2563,
            3.59897
          ],
          [
            1.25911,
            3.7689,
            3.58648
          ],
          [
            3.7588,
            3.7689,
            3.58512
          ],
          [
            5.01351,
            0.01406,
            5.2679
          ],
          [
            2.52597,
            0.01865,
            5.442
          ],
          [
            5.01351,
            2.49853,
            5.2679
          ],
          [
            2.52597,
            2.49395,
            5.442
          ],
          [
            2.40376,
            3.7689,
            6.91413
          ],
          [
            3.24501,
            3.7689,
            7.41445
          ]
        ],
        "Stress": [
          [
            -22.35395,
            0.0,
            -0.31358
          ],
          [
            0.0,
            -25.94689,
            0.0
          ],
          [
            -0.31358,
            0.0,
            -13.60321
          ]
        ],
        "computation_code": "VASP",
        "pseudopotential_information": [
          [
            "PAW_PBE",
            "Ni",
            "02Aug2007"
          ],
          [
            "PAW_PBE",
            "Cu",
            "22Jun2005"
          ],
          [
            "PAW_PBE",
            "O",
            "08Apr2002"
          ],
          [
            "PAW_PBE",
            "H",
            "15Jun2001"
          ]
        ]
      }
    ],
    "EnergyStyle": "electronvolt",
    "ForcesStyle": "electronvoltperangstrom",
    "LatticeStyle": "angstrom",
    "PositionsStyle": "angstrom",
    "StressStyle": "kB"
  }
}