{
  "Dataset": {
    "AtomTypeStyle": "chemicalsymbol",
    "Data": [
      {
        "AtomTypes": [
          "Ni",
          "Ni",
          "Ni",
          "Ni",
          "Ni",
          "Ni",
          "Ni",
          "Ni",
          "Ni",
          "Cu",
          "Ni",
          "Ni",
          "Ni",
          "Ni",
          "Ni",
          "Ni",
          "O"
        ],
        "Energy": -78.21601155,
        "Forces": [
          [
            0.0,
            0.0,
            0.300084
          ],
          [
            0.0,
            0.0,
            0.282526
          ],
          [
            0.0,
            0.0,
            0.282515
          ],
          [
            0.0,
            0.0,
            0.303775
          ],
          [
            -0.019201,
            0.019201,
            -0.399957
          ],
          [
            0.019201,
            0.019201,
            -0.399957
          ],
          [
            -0.019201,
            -0.019201,
            -0.399957
          ],
          [
            0.019201,
            -0.019201,
            -0.399957
          ],
          [
            0.0,
            0.0,
            0.060835
          ],
          [
            0.0,
            0.0,
            0.160315
          ],
          [
            0.0,
            0.0,
            -0.08118
          ],
          [
            0.0,
            0.0,
            0.060836
          ],
          [
            0.019266,
            -0.019268,
            0.045018
          ],
          [
            -0.019266,
            -0.019268,
            0.045018
          ],
          [
            0.019266,
            0.019268,
            0.045018
          ],
          [
            -0.019266,
            0.019268,
            0.045018
          ],
          [
            0.0,
            0.0,
            0.050046
          ]
        ],
        "Lattice": [
          [
            5.025196436,
            0.0,
            0.0
          ],
          [
            0.0,
            5.025196436,
            0.0
          ],
          [
            0.0,
            0.0,
            17.427492376
          ]
        ],
        "NumAtoms": 17,
        "Positions": [
          [
            3.7689,
            1.2563,
            0.0
          ],
          [
            3.7689,
            3.7689,
            0.0
          ],
          [
            1.2563,
            1.2563,
            0.0
          ],
          [
            1.2563,
            3.7689,
            0.0
          ],
          [
            0.0,
            0.0,
            1.77656
          ],
          [
            2.5126,
            0.0,
            1.77656
          ],
          [
            0.0,
            2.5126,
            1.77656
          ],
          [
            2.5126,
            2.5126,
            1.77656
          ],
          [
            1.2563,
            1.2563,
            3.55909
          ],
          [
            3.7689,
            1.2563,
            3.59373
          ],
          [
            1.2563,
            3.7689,
            3.49045
          ],
          [
            3.7689,
            3.7689,
            3.55909
          ],
          [
            0.0048,
            -0.0048,
            5.34439
          ],
          [
            2.5078,
            -0.0048,
            5.34439
          ],
          [
            0.0048,
            2.5174,
            5.34439
          ],
          [
            2.5078,
            2.5174,
            5.34439
          ],
          [
            1.2563,
            3.7689,
            6.1913
          ]
        ],
        "Stress": [
          [
            -24.58325,
            0.0,
            0.0
          ],
          [
            0.0,
            -24.58322,
            0.0
          ],
          [
            0.0,
            0.0,
            -8.21275
          ]
        ],
        "computation_code": "VASP",
        "pseudopotential_information": [
          [
            "PAW_PBE",
            "Ni",
            "02Aug2007"
          ],
          [
            "PAW_PBE",
            "Cu",
            "22Jun2005"
          ],
          [
            "PAW_PBE",
            "O",
            "08Apr2002"
          ]
        ]
      }
    ],
    "EnergyStyle": "electronvolt",
    "ForcesStyle": "electronvoltperangstrom",
    "LatticeStyle": "angstrom",
    "PositionsStyle": "angstrom",
    "StressStyle": "kB"
  }
}