{
  "Dataset": {
    "AtomTypeStyle": "chemicalsymbol",
    "Data": [
      {
        "AtomTypes": [
          "Ni",
          "Ni",
          "Ni",
          "Ni",
          "Ni",
          "Ni",
          "Ni",
          "Ni",
          "Cu",
          "Ni",
          "Ni",
          "Ni",
          "Ni",
          "Ni",
          "Ni",
          "Ni",
          "O"
        ],
        "Energy": -78.26268548,
        "Forces": [
          [
            -0.0,
            0.0,
            0.247844
          ],
          [
            -0.0,
            0.0,
            0.381566
          ],
          [
            -0.0,
            0.0,
            0.367932
          ],
          [
            -0.0,
            0.0,
            0.267094
          ],
          [
            -0.095621,
            0.003696,
            -0.43741
          ],
          [
            0.095621,
            0.003696,
            -0.43741
          ],
          [
            -0.095621,
            -0.003696,
            -0.43741
          ],
          [
            0.095621,
            -0.003696,
            -0.43741
          ],
          [
            -0.0,
            0.0,
            0.129595
          ],
          [
            -0.0,
            0.0,
            0.136447
          ],
          [
            -0.0,
            0.0,
            -0.041628
          ],
          [
            -0.0,
            0.0,
            0.011952
          ],
          [
            0.02694,
            -0.042199,
            0.08135
          ],
          [
            -0.02694,
            -0.042199,
            0.08135
          ],
          [
            0.02694,
            0.042199,
            0.08135
          ],
          [
            -0.02694,
            0.042199,
            0.08135
          ],
          [
            -0.0,
            0.0,
            -0.076564
          ]
        ],
        "Lattice": [
          [
            5.025196436,
            0.0,
            0.0
          ],
          [
            0.0,
            5.025196436,
            0.0
          ],
          [
            0.0,
            0.0,
            17.427492376
          ]
        ],
        "NumAtoms": 17,
        "Positions": [
          [
            3.7689,
            1.2563,
            0.0
          ],
          [
            3.7689,
            3.7689,
            0.0
          ],
          [
            1.2563,
            1.2563,
            0.0
          ],
          [
            1.2563,
            3.7689,
            0.0
          ],
          [
            0.0,
            0.0,
            1.77656
          ],
          [
            2.5126,
            0.0,
            1.77656
          ],
          [
            0.0,
            2.5126,
            1.77656
          ],
          [
            2.5126,
            2.5126,
            1.77656
          ],
          [
            1.2563,
            1.2563,
            3.56169
          ],
          [
            3.7689,
            1.2563,
            3.59678
          ],
          [
            1.2563,
            3.7689,
            3.50133
          ],
          [
            3.7689,
            3.7689,
            3.55729
          ],
          [
            -0.01199,
            -0.0049,
            5.34407
          ],
          [
            2.52459,
            -0.0049,
            5.34407
          ],
          [
            -0.01199,
            2.5175,
            5.34407
          ],
          [
            2.52459,
            2.5175,
            5.34407
          ],
          [
            1.2563,
            3.7689,
            6.18734
          ]
        ],
        "Stress": [
          [
            -24.71332,
            0.0,
            0.0
          ],
          [
            0.0,
            -25.93173,
            0.0
          ],
          [
            0.0,
            0.0,
            -8.71208
          ]
        ],
        "computation_code": "VASP",
        "pseudopotential_information": [
          [
            "PAW_PBE",
            "Ni",
            "02Aug2007"
          ],
          [
            "PAW_PBE",
            "Cu",
            "22Jun2005"
          ],
          [
            "PAW_PBE",
            "O",
            "08Apr2002"
          ]
        ]
      }
    ],
    "EnergyStyle": "electronvolt",
    "ForcesStyle": "electronvoltperangstrom",
    "LatticeStyle": "angstrom",
    "PositionsStyle": "angstrom",
    "StressStyle": "kB"
  }
}