{
  "Dataset": {
    "AtomTypeStyle": "chemicalsymbol",
    "Data": [
      {
        "AtomTypes": [
          "Ni",
          "Ni",
          "Ni",
          "Ni",
          "Ni",
          "Ni",
          "Ni",
          "Ni",
          "Ni",
          "Ni",
          "Cu",
          "Ni",
          "Ni",
          "Ni",
          "Ni",
          "Ni",
          "O",
          "H"
        ],
        "Energy": -81.90008796,
        "Forces": [
          [
            0.043172,
            0.0,
            0.380062
          ],
          [
            -0.007863,
            0.0,
            0.279728
          ],
          [
            -0.046052,
            0.0,
            0.284583
          ],
          [
            0.006635,
            0.0,
            0.357023
          ],
          [
            -0.052403,
            0.032961,
            -0.352485
          ],
          [
            0.050382,
            0.092498,
            -0.352556
          ],
          [
            -0.052403,
            -0.032961,
            -0.352485
          ],
          [
            0.050382,
            -0.092498,
            -0.352556
          ],
          [
            0.009053,
            0.0,
            -0.000606
          ],
          [
            0.007206,
            0.0,
            0.021423
          ],
          [
            -0.014806,
            0.0,
            -0.041407
          ],
          [
            0.007311,
            0.0,
            0.013243
          ],
          [
            -0.008576,
            0.007407,
            0.009261
          ],
          [
            0.013598,
            0.017072,
            0.00757
          ],
          [
            -0.008576,
            -0.007407,
            0.009261
          ],
          [
            0.013598,
            -0.017072,
            0.00757
          ],
          [
            -0.004805,
            0.0,
            0.046481
          ],
          [
            -0.005857,
            0.0,
            0.035891
          ]
        ],
        "Lattice": [
          [
            5.025196436,
            0.0,
            0.0
          ],
          [
            0.0,
            5.025196436,
            0.0
          ],
          [
            0.0,
            0.0,
            17.427492376
          ]
        ],
        "NumAtoms": 18,
        "Positions": [
          [
            3.7689,
            1.2563,
            0.0
          ],
          [
            3.7689,
            3.7689,
            0.0
          ],
          [
            1.2563,
            1.2563,
            0.0
          ],
          [
            1.2563,
            3.7689,
            0.0
          ],
          [
            0.0,
            0.0,
            1.77656
          ],
          [
            2.5126,
            0.0,
            1.77656
          ],
          [
            0.0,
            2.5126,
            1.77656
          ],
          [
            2.5126,
            2.5126,
            1.77656
          ],
          [
            1.27313,
            1.2563,
            3.59372
          ],
          [
            3.74204,
            1.2563,
            3.57885
          ],
          [
            1.28698,
            3.7689,
            3.58085
          ],
          [
            3.77405,
            3.7689,
            3.57708
          ],
          [
            5.01418,
            0.01876,
            5.25474
          ],
          [
            2.52278,
            0.0324,
            5.42734
          ],
          [
            5.01418,
            2.49384,
            5.25474
          ],
          [
            2.52278,
            2.4802,
            5.42734
          ],
          [
            2.42927,
            3.7689,
            6.88406
          ],
          [
            3.26331,
            3.7689,
            7.39473
          ]
        ],
        "Stress": [
          [
            -21.85249,
            0.0,
            0.18369
          ],
          [
            0.0,
            -24.40439,
            0.0
          ],
          [
            0.18369,
            0.0,
            -11.68545
          ]
        ],
        "computation_code": "VASP",
        "pseudopotential_information": [
          [
            "PAW_PBE",
            "Ni",
            "02Aug2007"
          ],
          [
            "PAW_PBE",
            "Cu",
            "22Jun2005"
          ],
          [
            "PAW_PBE",
            "O",
            "08Apr2002"
          ],
          [
            "PAW_PBE",
            "H",
            "15Jun2001"
          ]
        ]
      }
    ],
    "EnergyStyle": "electronvolt",
    "ForcesStyle": "electronvoltperangstrom",
    "LatticeStyle": "angstrom",
    "PositionsStyle": "angstrom",
    "StressStyle": "kB"
  }
}