{
  "Dataset": {
    "AtomTypeStyle": "chemicalsymbol",
    "Data": [
      {
        "AtomTypes": [
          "Ni",
          "Ni",
          "Ni",
          "Ni",
          "Ni",
          "Ni",
          "Ni",
          "Ni",
          "Ni",
          "Ni",
          "Ni",
          "Ni",
          "Cu",
          "Ni",
          "Ni",
          "Ni",
          "O",
          "H"
        ],
        "Energy": -82.21639608,
        "Forces": [
          [
            0.044532,
            0.015199,
            0.306237
          ],
          [
            6.8e-05,
            -0.016661,
            0.300403
          ],
          [
            -0.043608,
            0.014419,
            0.311499
          ],
          [
            -0.000721,
            -0.017605,
            0.297796
          ],
          [
            -0.004389,
            0.000189,
            -0.251794
          ],
          [
            -0.008533,
            0.036172,
            -0.308626
          ],
          [
            -0.002262,
            -0.003538,
            -0.317353
          ],
          [
            -0.012595,
            -0.021605,
            -0.482085
          ],
          [
            -0.079004,
            -0.072517,
            0.036674
          ],
          [
            0.08498,
            -0.073669,
            0.045345
          ],
          [
            -0.062677,
            0.068861,
            0.026396
          ],
          [
            0.073221,
            0.076479,
            0.03346
          ],
          [
            0.00899,
            0.013611,
            0.131186
          ],
          [
            0.011498,
            0.002735,
            -0.039155
          ],
          [
            0.004197,
            -0.01556,
            -0.07409
          ],
          [
            0.002575,
            0.016566,
            -0.026975
          ],
          [
            0.195102,
            -0.013089,
            0.12372
          ],
          [
            -0.211375,
            -0.009987,
            -0.112639
          ]
        ],
        "Lattice": [
          [
            5.025196436,
            0.0,
            0.0
          ],
          [
            0.0,
            5.025196436,
            0.0
          ],
          [
            0.0,
            0.0,
            17.427492376
          ]
        ],
        "NumAtoms": 18,
        "Positions": [
          [
            3.7689,
            1.2563,
            0.0
          ],
          [
            3.7689,
            3.7689,
            0.0
          ],
          [
            1.2563,
            1.2563,
            0.0
          ],
          [
            1.2563,
            3.7689,
            0.0
          ],
          [
            0.0,
            0.0,
            1.77656
          ],
          [
            2.5126,
            0.0,
            1.77656
          ],
          [
            0.0,
            2.5126,
            1.77656
          ],
          [
            2.5126,
            2.5126,
            1.77656
          ],
          [
            1.29113,
            1.26565,
            3.56073
          ],
          [
            3.7327,
            1.26717,
            3.55335
          ],
          [
            1.27158,
            3.7601,
            3.54764
          ],
          [
            3.74535,
            3.7601,
            3.54755
          ],
          [
            5.01978,
            0.0131,
            5.28096
          ],
          [
            2.51584,
            0.02186,
            5.39786
          ],
          [
            5.01823,
            2.49651,
            5.21374
          ],
          [
            2.51588,
            2.49195,
            5.39101
          ],
          [
            2.4329,
            3.76837,
            6.87511
          ],
          [
            3.27146,
            3.76801,
            7.38778
          ]
        ],
        "Stress": [
          [
            -20.66536,
            0.01552,
            -0.06521
          ],
          [
            0.01552,
            -23.31857,
            -0.20282
          ],
          [
            -0.06521,
            -0.20282,
            -12.20164
          ]
        ],
        "computation_code": "VASP",
        "pseudopotential_information": [
          [
            "PAW_PBE",
            "Ni",
            "02Aug2007"
          ],
          [
            "PAW_PBE",
            "Cu",
            "22Jun2005"
          ],
          [
            "PAW_PBE",
            "O",
            "08Apr2002"
          ],
          [
            "PAW_PBE",
            "H",
            "15Jun2001"
          ]
        ]
      }
    ],
    "EnergyStyle": "electronvolt",
    "ForcesStyle": "electronvoltperangstrom",
    "LatticeStyle": "angstrom",
    "PositionsStyle": "angstrom",
    "StressStyle": "kB"
  }
}