{
  "Dataset": {
    "AtomTypeStyle": "chemicalsymbol",
    "Data": [
      {
        "AtomTypes": [
          "Ni",
          "Ni",
          "Ni",
          "Ni",
          "Ni",
          "Ni",
          "Ni",
          "Ni",
          "Ni",
          "Ni",
          "Ni",
          "Ni",
          "Ni",
          "Cu",
          "Ni",
          "Ni",
          "Ni",
          "Ni",
          "Ni",
          "Ni",
          "O",
          "H"
        ],
        "Energy": -99.12241693,
        "Forces": [
          [
            0.004529,
            -0.023031,
            0.548494
          ],
          [
            -0.006467,
            -0.002496,
            0.584694
          ],
          [
            0.004529,
            0.023031,
            0.548494
          ],
          [
            -0.006467,
            0.002496,
            0.584694
          ],
          [
            0.044313,
            0.0,
            -0.584992
          ],
          [
            -0.021803,
            0.0,
            -0.508309
          ],
          [
            0.070834,
            0.0,
            -0.685351
          ],
          [
            -0.076318,
            0.0,
            -0.523403
          ],
          [
            -0.01858,
            0.031907,
            -0.013203
          ],
          [
            0.020425,
            0.019403,
            0.01522
          ],
          [
            -0.01858,
            -0.031907,
            -0.013203
          ],
          [
            0.020425,
            -0.019403,
            0.01522
          ],
          [
            0.027898,
            0.0,
            -0.003561
          ],
          [
            -0.056332,
            0.0,
            0.040881
          ],
          [
            -0.014181,
            0.0,
            -0.031848
          ],
          [
            -0.017205,
            0.0,
            0.038536
          ],
          [
            -9.9e-05,
            -0.01854,
            0.009642
          ],
          [
            0.011028,
            0.02937,
            -0.013313
          ],
          [
            -9.9e-05,
            0.01854,
            0.009642
          ],
          [
            0.011028,
            -0.02937,
            -0.013313
          ],
          [
            -0.096408,
            0.0,
            -0.031071
          ],
          [
            0.11753,
            0.0,
            0.026049
          ]
        ],
        "Lattice": [
          [
            7.106,
            0.0,
            0.0
          ],
          [
            0.0,
            5.024699515,
            0.0
          ],
          [
            0.0,
            0.0,
            17.703958439
          ]
        ],
        "NumAtoms": 22,
        "Positions": [
          [
            0.0,
            2.51235,
            0.0
          ],
          [
            3.553,
            2.51235,
            0.0
          ],
          [
            0.0,
            0.0,
            0.0
          ],
          [
            3.553,
            0.0,
            0.0
          ],
          [
            1.7765,
            3.76852,
            1.25617
          ],
          [
            5.3295,
            3.76852,
            1.25617
          ],
          [
            1.7765,
            1.25618,
            1.25617
          ],
          [
            5.3295,
            1.25618,
            1.25617
          ],
          [
            -5e-05,
            -0.0019,
            2.47836
          ],
          [
            3.55069,
            1e-05,
            2.50363
          ],
          [
            -5e-05,
            2.51425,
            2.47836
          ],
          [
            3.55069,
            2.51234,
            2.50363
          ],
          [
            1.80175,
            3.76852,
            3.77392
          ],
          [
            5.30583,
            3.76852,
            3.84699
          ],
          [
            1.76935,
            1.25618,
            3.75143
          ],
          [
            5.33648,
            1.25618,
            3.78335
          ],
          [
            0.04922,
            2.50484,
            4.89629
          ],
          [
            3.48235,
            2.50415,
            5.02536
          ],
          [
            0.04922,
            0.00751,
            4.89629
          ],
          [
            3.48235,
            0.0082,
            5.02536
          ],
          [
            3.58879,
            1.25617,
            6.50597
          ],
          [
            4.47268,
            1.25617,
            6.91651
          ]
        ],
        "Stress": [
          [
            -20.12667,
            0.0,
            0.38296
          ],
          [
            0.0,
            -20.95794,
            0.0
          ],
          [
            0.38296,
            0.0,
            -11.11692
          ]
        ],
        "computation_code": "VASP",
        "pseudopotential_information": [
          [
            "PAW_PBE",
            "Ni",
            "02Aug2007"
          ],
          [
            "PAW_PBE",
            "Cu",
            "22Jun2005"
          ],
          [
            "PAW_PBE",
            "O",
            "08Apr2002"
          ],
          [
            "PAW_PBE",
            "H",
            "15Jun2001"
          ]
        ]
      }
    ],
    "EnergyStyle": "electronvolt",
    "ForcesStyle": "electronvoltperangstrom",
    "LatticeStyle": "angstrom",
    "PositionsStyle": "angstrom",
    "StressStyle": "kB"
  }
}