{
  "Dataset": {
    "AtomTypeStyle": "chemicalsymbol",
    "Data": [
      {
        "AtomTypes": [
          "Ni",
          "Ni",
          "Ni",
          "Ni",
          "Ni",
          "Ni",
          "Ni",
          "Ni",
          "Ni",
          "Ni",
          "Ni",
          "Ni",
          "Ni",
          "Ni",
          "Ni",
          "Ni",
          "O",
          "H"
        ],
        "Energy": -83.73634526,
        "Forces": [
          [
            0.060899,
            0.0,
            0.291536
          ],
          [
            0.003569,
            0.0,
            0.284165
          ],
          [
            -0.058566,
            0.0,
            0.291688
          ],
          [
            -0.006492,
            0.0,
            0.281533
          ],
          [
            0.004046,
            -0.005193,
            -0.401911
          ],
          [
            0.005359,
            0.013957,
            -0.403743
          ],
          [
            0.004046,
            0.005193,
            -0.401911
          ],
          [
            0.005359,
            -0.013957,
            -0.403743
          ],
          [
            -0.106742,
            0.0,
            0.037293
          ],
          [
            0.087199,
            0.0,
            0.044463
          ],
          [
            -0.028514,
            0.0,
            0.026173
          ],
          [
            0.017503,
            0.0,
            0.042261
          ],
          [
            -0.011403,
            -0.035793,
            0.00572
          ],
          [
            -0.031453,
            -0.038706,
            0.145991
          ],
          [
            -0.011403,
            0.035793,
            0.00572
          ],
          [
            -0.031453,
            0.038706,
            0.145991
          ],
          [
            0.066933,
            0.0,
            -0.168667
          ],
          [
            0.031113,
            0.0,
            0.17744
          ]
        ],
        "Lattice": [
          [
            5.025196436,
            0.0,
            0.0
          ],
          [
            0.0,
            5.025196436,
            0.0
          ],
          [
            0.0,
            0.0,
            17.427492376
          ]
        ],
        "NumAtoms": 18,
        "Positions": [
          [
            3.7689,
            1.2563,
            0.0
          ],
          [
            3.7689,
            3.7689,
            0.0
          ],
          [
            1.2563,
            1.2563,
            0.0
          ],
          [
            1.2563,
            3.7689,
            0.0
          ],
          [
            0.0,
            0.0,
            1.77656
          ],
          [
            2.5126,
            0.0,
            1.77656
          ],
          [
            0.0,
            2.5126,
            1.77656
          ],
          [
            2.5126,
            2.5126,
            1.77656
          ],
          [
            1.28821,
            1.2563,
            3.54815
          ],
          [
            3.74239,
            1.2563,
            3.54577
          ],
          [
            1.26515,
            3.7689,
            3.54109
          ],
          [
            3.75998,
            3.7689,
            3.54166
          ],
          [
            -0.00233,
            0.02173,
            5.19799
          ],
          [
            2.51827,
            0.02249,
            5.34942
          ],
          [
            -0.00233,
            2.49087,
            5.19799
          ],
          [
            2.51827,
            2.49011,
            5.34942
          ],
          [
            2.39667,
            3.7689,
            6.83357
          ],
          [
            3.26615,
            3.7689,
            7.27935
          ]
        ],
        "Stress": [
          [
            -19.66291,
            0.0,
            0.70109
          ],
          [
            0.0,
            -23.98157,
            0.0
          ],
          [
            0.70109,
            0.0,
            -7.11513
          ]
        ],
        "computation_code": "VASP",
        "pseudopotential_information": [
          [
            "PAW_PBE",
            "Ni",
            "02Aug2007"
          ],
          [
            "PAW_PBE",
            "O",
            "08Apr2002"
          ],
          [
            "PAW_PBE",
            "H",
            "15Jun2001"
          ]
        ]
      }
    ],
    "EnergyStyle": "electronvolt",
    "ForcesStyle": "electronvoltperangstrom",
    "LatticeStyle": "angstrom",
    "PositionsStyle": "angstrom",
    "StressStyle": "kB"
  }
}