{
  "Dataset": {
    "AtomTypeStyle": "chemicalsymbol",
    "Data": [
      {
        "AtomTypes": [
          "Ni",
          "Ni",
          "Ni",
          "Ni",
          "Ni",
          "Ni",
          "Ni",
          "Ni",
          "Ni",
          "Ni",
          "Ni",
          "Ni",
          "Ni",
          "Ni",
          "Ni",
          "Ni",
          "O",
          "H"
        ],
        "Energy": -83.71266564,
        "Forces": [
          [
            0.05777,
            0.0,
            0.291953
          ],
          [
            0.000973,
            0.0,
            0.290733
          ],
          [
            -0.055271,
            0.0,
            0.291897
          ],
          [
            -0.004705,
            0.0,
            0.287147
          ],
          [
            0.003895,
            -0.0483,
            -0.484391
          ],
          [
            0.004881,
            0.005976,
            -0.31062
          ],
          [
            0.003895,
            0.0483,
            -0.484391
          ],
          [
            0.004881,
            -0.005976,
            -0.31062
          ],
          [
            0.260026,
            0.0,
            0.084221
          ],
          [
            -0.257488,
            0.0,
            0.097659
          ],
          [
            0.132848,
            0.0,
            -0.049601
          ],
          [
            -0.130328,
            0.0,
            -0.061711
          ],
          [
            0.001981,
            -0.025715,
            -0.049065
          ],
          [
            -0.037285,
            0.210979,
            0.001172
          ],
          [
            0.001981,
            0.025715,
            -0.049065
          ],
          [
            -0.037285,
            -0.210979,
            0.001172
          ],
          [
            -0.120151,
            0.0,
            0.211005
          ],
          [
            0.169382,
            0.0,
            0.242506
          ]
        ],
        "Lattice": [
          [
            5.025196436,
            0.0,
            0.0
          ],
          [
            0.0,
            5.025196436,
            0.0
          ],
          [
            0.0,
            0.0,
            17.427492376
          ]
        ],
        "NumAtoms": 18,
        "Positions": [
          [
            3.7689,
            1.2563,
            0.0
          ],
          [
            3.7689,
            3.7689,
            0.0
          ],
          [
            1.2563,
            1.2563,
            0.0
          ],
          [
            1.2563,
            3.7689,
            0.0
          ],
          [
            0.0,
            0.0,
            1.77656
          ],
          [
            2.5126,
            0.0,
            1.77656
          ],
          [
            0.0,
            2.5126,
            1.77656
          ],
          [
            2.5126,
            2.5126,
            1.77656
          ],
          [
            1.25389,
            1.2563,
            3.54287
          ],
          [
            3.77581,
            1.2563,
            3.53884
          ],
          [
            1.24573,
            3.7689,
            3.54903
          ],
          [
            3.77915,
            3.7689,
            3.55107
          ],
          [
            -0.00231,
            0.02359,
            5.22445
          ],
          [
            2.52342,
            0.01645,
            5.3251
          ],
          [
            -0.00231,
            2.48901,
            5.22445
          ],
          [
            2.52342,
            2.49615,
            5.3251
          ],
          [
            2.40225,
            3.7689,
            6.77341
          ],
          [
            3.25443,
            3.7689,
            7.24467
          ]
        ],
        "Stress": [
          [
            -19.15905,
            0.0,
            0.46684
          ],
          [
            0.0,
            -22.44021,
            0.0
          ],
          [
            0.46684,
            0.0,
            -4.78126
          ]
        ],
        "computation_code": "VASP",
        "pseudopotential_information": [
          [
            "PAW_PBE",
            "Ni",
            "02Aug2007"
          ],
          [
            "PAW_PBE",
            "O",
            "08Apr2002"
          ],
          [
            "PAW_PBE",
            "H",
            "15Jun2001"
          ]
        ]
      }
    ],
    "EnergyStyle": "electronvolt",
    "ForcesStyle": "electronvoltperangstrom",
    "LatticeStyle": "angstrom",
    "PositionsStyle": "angstrom",
    "StressStyle": "kB"
  }
}