{
  "Dataset": {
    "AtomTypeStyle": "chemicalsymbol",
    "Data": [
      {
        "AtomTypes": [
          "Ni",
          "Ni",
          "Ni",
          "Ni",
          "Ni",
          "Ni",
          "Ni",
          "Ni",
          "Ni",
          "Ni",
          "Ni",
          "Ni",
          "Ni",
          "Ni",
          "Ni",
          "Ni",
          "O",
          "H"
        ],
        "Energy": -85.1155886,
        "Forces": [
          [
            0.012002,
            0.006929,
            0.148802
          ],
          [
            -0.012776,
            0.006514,
            0.148077
          ],
          [
            -0.000747,
            -0.014321,
            0.148077
          ],
          [
            0.001869,
            0.001079,
            0.077891
          ],
          [
            -0.088438,
            -0.05106,
            -0.126386
          ],
          [
            -0.002957,
            0.098821,
            -0.126802
          ],
          [
            -1e-05,
            -6e-06,
            -0.145316
          ],
          [
            0.084103,
            -0.051971,
            -0.126802
          ],
          [
            -0.017319,
            -0.009999,
            0.007207
          ],
          [
            0.019338,
            -0.007327,
            0.005524
          ],
          [
            0.003324,
            0.020411,
            0.005524
          ],
          [
            -0.004719,
            -0.002724,
            -0.030834
          ],
          [
            -0.00774,
            0.015895,
            -0.005623
          ],
          [
            0.005121,
            0.002957,
            0.010721
          ],
          [
            0.009896,
            -0.014651,
            -0.005623
          ],
          [
            -0.001692,
            -0.000977,
            -0.010068
          ],
          [
            -0.005789,
            -0.003342,
            0.042013
          ],
          [
            0.006534,
            0.003773,
            -0.016382
          ]
        ],
        "Lattice": [
          [
            5.024700786,
            0.0,
            0.0
          ],
          [
            2.512350393,
            4.351518527,
            0.0
          ],
          [
            0.0,
            0.0,
            19.183191106
          ]
        ],
        "NumAtoms": 18,
        "Positions": [
          [
            3.7689,
            2.17598,
            0.0
          ],
          [
            1.2563,
            2.17598,
            0.0
          ],
          [
            2.5126,
            0.0,
            0.0
          ],
          [
            0.0,
            0.0,
            0.0
          ],
          [
            6.28148,
            3.62661,
            2.05153
          ],
          [
            5.02518,
            1.45064,
            2.05153
          ],
          [
            2.51257,
            1.45064,
            2.05153
          ],
          [
            3.76887,
            3.62661,
            2.05153
          ],
          [
            1.26275,
            0.72905,
            4.07792
          ],
          [
            3.75986,
            0.72891,
            4.07793
          ],
          [
            2.51119,
            2.89168,
            4.07793
          ],
          [
            5.02356,
            2.90036,
            4.17743
          ],
          [
            2.51058,
            -0.0416,
            6.18351
          ],
          [
            -0.00239,
            -0.00138,
            6.02847
          ],
          [
            1.21927,
            2.19503,
            6.18351
          ],
          [
            3.80025,
            2.19407,
            6.18496
          ],
          [
            2.50778,
            1.44787,
            7.5167
          ],
          [
            2.49427,
            1.44007,
            8.48975
          ]
        ],
        "Stress": [
          [
            -16.55264,
            -0.02237,
            0.13322
          ],
          [
            -0.02237,
            -16.52681,
            0.07691
          ],
          [
            0.13322,
            0.07691,
            -9.23053
          ]
        ],
        "computation_code": "VASP",
        "pseudopotential_information": [
          [
            "PAW_PBE",
            "Ni",
            "02Aug2007"
          ],
          [
            "PAW_PBE",
            "O",
            "08Apr2002"
          ],
          [
            "PAW_PBE",
            "H",
            "15Jun2001"
          ]
        ]
      }
    ],
    "EnergyStyle": "electronvolt",
    "ForcesStyle": "electronvoltperangstrom",
    "LatticeStyle": "angstrom",
    "PositionsStyle": "angstrom",
    "StressStyle": "kB"
  }
}