{
  "Dataset": {
    "AtomTypeStyle": "chemicalsymbol",
    "Data": [
      {
        "AtomTypes": [
          "Ni",
          "Ni",
          "Ni",
          "Ni",
          "Ni",
          "Ni",
          "Ni",
          "Ni",
          "Ni",
          "Ni",
          "Ni",
          "Ni",
          "Ni",
          "Ni",
          "Ni",
          "Ni",
          "O",
          "H"
        ],
        "Energy": -83.72593317,
        "Forces": [
          [
            0.059543,
            0.0,
            0.291071
          ],
          [
            0.00247,
            0.0,
            0.288023
          ],
          [
            -0.056418,
            0.0,
            0.291104
          ],
          [
            -0.006363,
            0.0,
            0.283601
          ],
          [
            0.005446,
            -0.032246,
            -0.458608
          ],
          [
            0.005382,
            0.00417,
            -0.355982
          ],
          [
            0.005446,
            0.032246,
            -0.458608
          ],
          [
            0.005382,
            -0.00417,
            -0.355982
          ],
          [
            0.147441,
            0.0,
            0.058968
          ],
          [
            -0.157684,
            0.0,
            0.07979
          ],
          [
            0.108224,
            0.0,
            -0.031785
          ],
          [
            -0.110364,
            0.0,
            -0.038015
          ],
          [
            0.001461,
            -0.060843,
            0.049699
          ],
          [
            -0.060248,
            0.111138,
            0.092869
          ],
          [
            0.001461,
            0.060843,
            0.049699
          ],
          [
            -0.060248,
            -0.111138,
            0.092869
          ],
          [
            0.447512,
            0.0,
            0.106578
          ],
          [
            -0.338443,
            0.0,
            0.014709
          ]
        ],
        "Lattice": [
          [
            5.025196436,
            0.0,
            0.0
          ],
          [
            0.0,
            5.025196436,
            0.0
          ],
          [
            0.0,
            0.0,
            17.427492376
          ]
        ],
        "NumAtoms": 18,
        "Positions": [
          [
            3.7689,
            1.2563,
            0.0
          ],
          [
            3.7689,
            3.7689,
            0.0
          ],
          [
            1.2563,
            1.2563,
            0.0
          ],
          [
            1.2563,
            3.7689,
            0.0
          ],
          [
            0.0,
            0.0,
            1.77656
          ],
          [
            2.5126,
            0.0,
            1.77656
          ],
          [
            0.0,
            2.5126,
            1.77656
          ],
          [
            2.5126,
            2.5126,
            1.77656
          ],
          [
            1.26849,
            1.2563,
            3.54298
          ],
          [
            3.76237,
            1.2563,
            3.53898
          ],
          [
            1.25274,
            3.7689,
            3.54541
          ],
          [
            3.77238,
            3.7689,
            3.54697
          ],
          [
            -0.00256,
            0.02587,
            5.20167
          ],
          [
            2.52332,
            0.01314,
            5.33824
          ],
          [
            -0.00256,
            2.48673,
            5.20167
          ],
          [
            2.52332,
            2.49946,
            5.33824
          ],
          [
            2.38681,
            3.7689,
            6.81863
          ],
          [
            3.26816,
            3.7689,
            7.26189
          ]
        ],
        "Stress": [
          [
            -20.72448,
            0.0,
            -0.00062
          ],
          [
            0.0,
            -23.15703,
            0.0
          ],
          [
            -0.00062,
            0.0,
            -6.28531
          ]
        ],
        "computation_code": "VASP",
        "pseudopotential_information": [
          [
            "PAW_PBE",
            "Ni",
            "02Aug2007"
          ],
          [
            "PAW_PBE",
            "O",
            "08Apr2002"
          ],
          [
            "PAW_PBE",
            "H",
            "15Jun2001"
          ]
        ]
      }
    ],
    "EnergyStyle": "electronvolt",
    "ForcesStyle": "electronvoltperangstrom",
    "LatticeStyle": "angstrom",
    "PositionsStyle": "angstrom",
    "StressStyle": "kB"
  }
}