{
  "Dataset": {
    "AtomTypeStyle": "chemicalsymbol",
    "Data": [
      {
        "AtomTypes": [
          "Ni",
          "Ni",
          "Ni",
          "Ni",
          "Ni",
          "Ni",
          "Ni",
          "Ni",
          "Ni",
          "Ni",
          "Ni",
          "Ni",
          "Ni",
          "Ni",
          "Ni",
          "Ni",
          "Ni",
          "Ni",
          "Ni",
          "Ni",
          "H"
        ],
        "Energy": -93.731713,
        "Forces": [
          [
            0.0,
            -0.008639,
            0.562319
          ],
          [
            0.0,
            -0.020139,
            0.561095
          ],
          [
            0.0,
            0.008639,
            0.562319
          ],
          [
            0.0,
            0.020139,
            0.561095
          ],
          [
            -0.061642,
            -0.0,
            -0.550831
          ],
          [
            0.061642,
            -0.0,
            -0.550831
          ],
          [
            -0.025687,
            -0.0,
            -0.553493
          ],
          [
            0.025687,
            -0.0,
            -0.553493
          ],
          [
            0.0,
            -0.00355,
            -0.009536
          ],
          [
            0.0,
            0.001675,
            -0.001205
          ],
          [
            0.0,
            0.00355,
            -0.009536
          ],
          [
            0.0,
            -0.001675,
            -0.001205
          ],
          [
            0.00509,
            0.0,
            0.001916
          ],
          [
            -0.00509,
            0.0,
            0.001916
          ],
          [
            -0.013218,
            0.0,
            -0.00678
          ],
          [
            0.013218,
            0.0,
            -0.00678
          ],
          [
            0.0,
            0.008295,
            -0.008509
          ],
          [
            0.0,
            -0.000244,
            -0.000518
          ],
          [
            0.0,
            -0.008295,
            -0.008509
          ],
          [
            0.0,
            0.000244,
            -0.000518
          ],
          [
            0.0,
            0.0,
            0.011084
          ]
        ],
        "Lattice": [
          [
            7.106,
            0.0,
            0.0
          ],
          [
            0.0,
            5.024699515,
            0.0
          ],
          [
            0.0,
            0.0,
            17.703958439
          ]
        ],
        "NumAtoms": 21,
        "Positions": [
          [
            0.0,
            2.51235,
            0.0
          ],
          [
            3.553,
            2.51235,
            0.0
          ],
          [
            0.0,
            0.0,
            0.0
          ],
          [
            3.553,
            0.0,
            0.0
          ],
          [
            1.7765,
            3.76852,
            1.25617
          ],
          [
            5.3295,
            3.76852,
            1.25617
          ],
          [
            1.7765,
            1.25618,
            1.25617
          ],
          [
            5.3295,
            1.25618,
            1.25617
          ],
          [
            0.0,
            -0.00039,
            2.48478
          ],
          [
            3.553,
            -0.00325,
            2.47059
          ],
          [
            0.0,
            2.51274,
            2.48478
          ],
          [
            3.553,
            2.5156,
            2.47059
          ],
          [
            1.79219,
            3.76852,
            3.79438
          ],
          [
            5.31381,
            3.76852,
            3.79438
          ],
          [
            1.78042,
            1.25618,
            3.79085
          ],
          [
            5.32558,
            1.25618,
            3.79085
          ],
          [
            0.0,
            2.51387,
            4.89612
          ],
          [
            3.553,
            2.50227,
            4.95445
          ],
          [
            0.0,
            -0.00152,
            4.89612
          ],
          [
            3.553,
            0.01008,
            4.95445
          ],
          [
            3.553,
            1.25617,
            6.00271
          ]
        ],
        "Stress": [
          [
            -20.62538,
            0.0,
            0.0
          ],
          [
            0.0,
            -23.42698,
            0.0
          ],
          [
            0.0,
            0.0,
            -9.81834
          ]
        ],
        "computation_code": "VASP",
        "pseudopotential_information": [
          [
            "PAW_PBE",
            "Ni",
            "02Aug2007"
          ],
          [
            "PAW_PBE",
            "H",
            "15Jun2001"
          ]
        ]
      }
    ],
    "EnergyStyle": "electronvolt",
    "ForcesStyle": "electronvoltperangstrom",
    "LatticeStyle": "angstrom",
    "PositionsStyle": "angstrom",
    "StressStyle": "kB"
  }
}