{
  "Dataset": {
    "AtomTypeStyle": "chemicalsymbol",
    "Data": [
      {
        "AtomTypes": [
          "Ni",
          "Ni",
          "Ni",
          "Ni",
          "Ni",
          "Ni",
          "Ni",
          "Ni",
          "Ni",
          "Ni",
          "Ni",
          "Ni",
          "Ni",
          "Ni",
          "Ni",
          "Ni"
        ],
        "Energy": -72.94294504,
        "Forces": [
          [
            -0.0,
            -0.0,
            0.288083
          ],
          [
            -0.0,
            0.0,
            0.288083
          ],
          [
            -0.0,
            0.0,
            0.288083
          ],
          [
            -0.0,
            -0.0,
            0.288083
          ],
          [
            -0.0,
            0.0,
            -0.353966
          ],
          [
            -0.0,
            0.0,
            -0.353966
          ],
          [
            0.0,
            0.0,
            -0.353966
          ],
          [
            0.0,
            -0.0,
            -0.353966
          ],
          [
            0.0,
            0.0,
            0.354736
          ],
          [
            0.0,
            0.0,
            0.354736
          ],
          [
            0.0,
            -0.0,
            0.354736
          ],
          [
            0.0,
            -0.0,
            0.354736
          ],
          [
            0.0,
            -0.0,
            -0.288853
          ],
          [
            0.0,
            0.0,
            -0.288853
          ],
          [
            0.0,
            0.0,
            -0.288853
          ],
          [
            -0.0,
            -0.0,
            -0.288853
          ]
        ],
        "Lattice": [
          [
            5.025196436,
            0.0,
            0.0
          ],
          [
            0.0,
            5.025196436,
            0.0
          ],
          [
            0.0,
            0.0,
            17.427492376
          ]
        ],
        "NumAtoms": 16,
        "Positions": [
          [
            3.7689,
            1.2563,
            0.0
          ],
          [
            3.7689,
            3.7689,
            0.0
          ],
          [
            1.2563,
            1.2563,
            0.0
          ],
          [
            1.2563,
            3.7689,
            0.0
          ],
          [
            0.0,
            0.0,
            1.77656
          ],
          [
            2.5126,
            0.0,
            1.77656
          ],
          [
            0.0,
            2.5126,
            1.77656
          ],
          [
            2.5126,
            2.5126,
            1.77656
          ],
          [
            1.2563,
            1.2563,
            3.55312
          ],
          [
            3.7689,
            1.2563,
            3.55312
          ],
          [
            1.2563,
            3.7689,
            3.55312
          ],
          [
            3.7689,
            3.7689,
            3.55312
          ],
          [
            0.0,
            0.0,
            5.32985
          ],
          [
            2.5126,
            0.0,
            5.32985
          ],
          [
            0.0,
            2.5126,
            5.32985
          ],
          [
            2.5126,
            2.5126,
            5.32985
          ]
        ],
        "Stress": [
          [
            -30.65691,
            0.0,
            0.0
          ],
          [
            0.0,
            -30.65691,
            0.0
          ],
          [
            0.0,
            0.0,
            -15.90958
          ]
        ],
        "computation_code": "VASP",
        "pseudopotential_information": [
          [
            "PAW_PBE",
            "Ni",
            "02Aug2007"
          ]
        ]
      }
    ],
    "EnergyStyle": "electronvolt",
    "ForcesStyle": "electronvoltperangstrom",
    "LatticeStyle": "angstrom",
    "PositionsStyle": "angstrom",
    "StressStyle": "kB"
  }
}