{
  "Dataset": {
    "AtomTypeStyle": "chemicalsymbol",
    "Data": [
      {
        "AtomTypes": [
          "Ni",
          "Ni",
          "Ni",
          "Ni",
          "Ni",
          "Ni",
          "Ni",
          "Ni",
          "Ni",
          "Ni",
          "Ni",
          "Ni",
          "Ni",
          "Ni",
          "Ni",
          "Ni",
          "Ni",
          "Ni",
          "Ni",
          "Ni",
          "O"
        ],
        "Energy": -96.59977691,
        "Forces": [
          [
            0.0,
            -0.008727,
            0.558524
          ],
          [
            0.0,
            0.01074,
            0.602179
          ],
          [
            0.0,
            0.008727,
            0.558524
          ],
          [
            0.0,
            -0.01074,
            0.602179
          ],
          [
            0.014704,
            0.0,
            -0.483688
          ],
          [
            -0.014704,
            0.0,
            -0.483688
          ],
          [
            0.03348,
            0.0,
            -0.609482
          ],
          [
            -0.03348,
            0.0,
            -0.609482
          ],
          [
            0.0,
            -0.01258,
            0.000197
          ],
          [
            0.0,
            -0.004275,
            -0.049006
          ],
          [
            0.0,
            0.01258,
            0.000197
          ],
          [
            0.0,
            0.004275,
            -0.049006
          ],
          [
            -0.019696,
            0.0,
            -0.022504
          ],
          [
            0.019696,
            0.0,
            -0.022504
          ],
          [
            -0.06992,
            -0.0,
            0.002826
          ],
          [
            0.06992,
            -0.0,
            0.002826
          ],
          [
            0.0,
            -0.003205,
            0.009126
          ],
          [
            0.0,
            0.037265,
            0.004273
          ],
          [
            0.0,
            0.003205,
            0.009126
          ],
          [
            0.0,
            -0.037265,
            0.004273
          ],
          [
            0.0,
            0.0,
            -0.024892
          ]
        ],
        "Lattice": [
          [
            7.106,
            0.0,
            0.0
          ],
          [
            0.0,
            5.024699515,
            0.0
          ],
          [
            0.0,
            0.0,
            17.703958439
          ]
        ],
        "NumAtoms": 21,
        "Positions": [
          [
            0.0,
            2.51235,
            0.0
          ],
          [
            3.553,
            2.51235,
            0.0
          ],
          [
            0.0,
            0.0,
            0.0
          ],
          [
            3.553,
            0.0,
            0.0
          ],
          [
            1.7765,
            3.76852,
            1.25617
          ],
          [
            5.3295,
            3.76852,
            1.25617
          ],
          [
            1.7765,
            1.25618,
            1.25617
          ],
          [
            5.3295,
            1.25618,
            1.25617
          ],
          [
            0.0,
            -0.00263,
            2.48266
          ],
          [
            3.553,
            -0.00704,
            2.50229
          ],
          [
            0.0,
            2.51498,
            2.48266
          ],
          [
            3.553,
            2.51939,
            2.50229
          ],
          [
            1.80416,
            3.76852,
            3.81549
          ],
          [
            5.30184,
            3.76852,
            3.81549
          ],
          [
            1.77618,
            1.25618,
            3.75879
          ],
          [
            5.32982,
            1.25618,
            3.75879
          ],
          [
            0.0,
            2.51344,
            4.8877
          ],
          [
            3.553,
            2.52441,
            5.03505
          ],
          [
            0.0,
            -0.00109,
            4.8877
          ],
          [
            3.553,
            -0.01206,
            5.03505
          ],
          [
            3.553,
            1.25617,
            6.26923
          ]
        ],
        "Stress": [
          [
            -22.10949,
            0.0,
            0.0
          ],
          [
            0.0,
            -22.00165,
            0.0
          ],
          [
            0.0,
            0.0,
            -11.843
          ]
        ],
        "computation_code": "VASP",
        "pseudopotential_information": [
          [
            "PAW_PBE",
            "Ni",
            "02Aug2007"
          ],
          [
            "PAW_PBE",
            "O",
            "08Apr2002"
          ]
        ]
      }
    ],
    "EnergyStyle": "electronvolt",
    "ForcesStyle": "electronvoltperangstrom",
    "LatticeStyle": "angstrom",
    "PositionsStyle": "angstrom",
    "StressStyle": "kB"
  }
}