{
  "Dataset": {
    "AtomTypeStyle": "chemicalsymbol",
    "Data": [
      {
        "AtomTypes": [
          "Ni",
          "Ni",
          "Ni",
          "Ni",
          "Ni",
          "Ni",
          "Ni",
          "Ni",
          "Ni",
          "Ni",
          "Ni",
          "Ni",
          "Ni",
          "Ni",
          "Ni",
          "Ni",
          "Ni",
          "Ni",
          "Ni",
          "Ni",
          "O"
        ],
        "Energy": -96.57145815,
        "Forces": [
          [
            -0.0,
            -0.010156,
            0.639166
          ],
          [
            -0.0,
            0.008785,
            0.625381
          ],
          [
            -0.0,
            0.010156,
            0.639166
          ],
          [
            -0.0,
            -0.008785,
            0.625381
          ],
          [
            -0.022085,
            0.0,
            -0.429731
          ],
          [
            0.022085,
            0.0,
            -0.429731
          ],
          [
            0.007993,
            -0.0,
            -0.51147
          ],
          [
            -0.007993,
            -0.0,
            -0.51147
          ],
          [
            -0.0,
            -0.046314,
            -0.074806
          ],
          [
            -0.0,
            0.016307,
            0.031041
          ],
          [
            -0.0,
            0.046314,
            -0.074806
          ],
          [
            -0.0,
            -0.016307,
            0.031041
          ],
          [
            0.09128,
            0.0,
            0.127104
          ],
          [
            -0.09128,
            0.0,
            0.127104
          ],
          [
            0.063861,
            0.0,
            -0.001548
          ],
          [
            -0.063861,
            0.0,
            -0.001548
          ],
          [
            -0.0,
            0.024273,
            -0.232199
          ],
          [
            -0.0,
            0.152454,
            -0.117243
          ],
          [
            -0.0,
            -0.024273,
            -0.232199
          ],
          [
            -0.0,
            -0.152454,
            -0.117243
          ],
          [
            -0.0,
            0.0,
            -0.111391
          ]
        ],
        "Lattice": [
          [
            7.106,
            0.0,
            0.0
          ],
          [
            0.0,
            5.024699515,
            0.0
          ],
          [
            0.0,
            0.0,
            17.703958439
          ]
        ],
        "NumAtoms": 21,
        "Positions": [
          [
            0.0,
            2.51235,
            0.0
          ],
          [
            3.553,
            2.51235,
            0.0
          ],
          [
            0.0,
            0.0,
            0.0
          ],
          [
            3.553,
            0.0,
            0.0
          ],
          [
            1.7765,
            3.76852,
            1.25617
          ],
          [
            5.3295,
            3.76852,
            1.25617
          ],
          [
            1.7765,
            1.25618,
            1.25617
          ],
          [
            5.3295,
            1.25618,
            1.25617
          ],
          [
            0.0,
            0.00018,
            2.51341
          ],
          [
            3.553,
            -0.00695,
            2.51074
          ],
          [
            0.0,
            2.51217,
            2.51341
          ],
          [
            3.553,
            2.5193,
            2.51074
          ],
          [
            1.7886,
            3.76852,
            3.81567
          ],
          [
            5.3174,
            3.76852,
            3.81567
          ],
          [
            1.75632,
            1.25618,
            3.78329
          ],
          [
            5.34968,
            1.25618,
            3.78329
          ],
          [
            0.0,
            2.51293,
            4.95824
          ],
          [
            3.553,
            2.51372,
            5.06755
          ],
          [
            0.0,
            -0.00058,
            4.95824
          ],
          [
            3.553,
            -0.00137,
            5.06755
          ],
          [
            3.553,
            1.25617,
            6.31583
          ]
        ],
        "Stress": [
          [
            -26.48395,
            0.0,
            0.0
          ],
          [
            0.0,
            -24.24616,
            0.0
          ],
          [
            0.0,
            0.0,
            -18.55117
          ]
        ],
        "computation_code": "VASP",
        "pseudopotential_information": [
          [
            "PAW_PBE",
            "Ni",
            "02Aug2007"
          ],
          [
            "PAW_PBE",
            "O",
            "08Apr2002"
          ]
        ]
      }
    ],
    "EnergyStyle": "electronvolt",
    "ForcesStyle": "electronvoltperangstrom",
    "LatticeStyle": "angstrom",
    "PositionsStyle": "angstrom",
    "StressStyle": "kB"
  }
}