{
  "Dataset": {
    "AtomTypeStyle": "chemicalsymbol",
    "Data": [
      {
        "AtomTypes": [
          "Ni",
          "Ni",
          "Ni",
          "Ni",
          "Ni",
          "Ni",
          "Ni",
          "Ni",
          "Ni",
          "Ni",
          "Ni",
          "Ni",
          "Ni",
          "Ni",
          "Ni",
          "Pd",
          "O",
          "H"
        ],
        "Energy": -83.37067117,
        "Forces": [
          [
            0.063883,
            0.009208,
            0.303434
          ],
          [
            0.007432,
            -0.00074,
            0.290114
          ],
          [
            -0.063649,
            0.007244,
            0.302315
          ],
          [
            -0.010933,
            -2e-05,
            0.290841
          ],
          [
            -0.00405,
            0.021359,
            -0.283613
          ],
          [
            -0.009051,
            0.048851,
            -0.268577
          ],
          [
            -0.000505,
            0.037068,
            -0.313959
          ],
          [
            -0.011018,
            0.006477,
            -0.308029
          ],
          [
            0.00928,
            -0.021054,
            0.00521
          ],
          [
            0.002507,
            -0.01873,
            0.005407
          ],
          [
            0.008514,
            0.006607,
            -0.002059
          ],
          [
            -0.003894,
            0.004473,
            0.003113
          ],
          [
            0.012829,
            0.004338,
            -0.01509
          ],
          [
            -0.003307,
            0.000789,
            -0.001058
          ],
          [
            0.000238,
            -0.067845,
            -0.044496
          ],
          [
            0.024587,
            0.014625,
            -0.01509
          ],
          [
            -0.046166,
            -0.030349,
            0.037453
          ],
          [
            0.023304,
            -0.022299,
            0.014084
          ]
        ],
        "Lattice": [
          [
            5.025196436,
            0.0,
            0.0
          ],
          [
            0.0,
            5.025196436,
            0.0
          ],
          [
            0.0,
            0.0,
            17.427492376
          ]
        ],
        "NumAtoms": 18,
        "Positions": [
          [
            3.7689,
            1.2563,
            0.0
          ],
          [
            3.7689,
            3.7689,
            0.0
          ],
          [
            1.2563,
            1.2563,
            0.0
          ],
          [
            1.2563,
            3.7689,
            0.0
          ],
          [
            0.0,
            0.0,
            1.77656
          ],
          [
            2.5126,
            0.0,
            1.77656
          ],
          [
            0.0,
            2.5126,
            1.77656
          ],
          [
            2.5126,
            2.5126,
            1.77656
          ],
          [
            1.27717,
            1.27997,
            3.57152
          ],
          [
            3.74534,
            1.27682,
            3.5654
          ],
          [
            1.26283,
            3.7785,
            3.5598
          ],
          [
            3.75481,
            3.77533,
            3.55941
          ],
          [
            5.01252,
            0.00552,
            5.22799
          ],
          [
            5.02339,
            2.49945,
            5.23243
          ],
          [
            2.52515,
            2.60468,
            5.43137
          ],
          [
            2.50188,
            0.13335,
            5.60545
          ],
          [
            2.44844,
            3.54903,
            7.09254
          ],
          [
            3.30923,
            3.52627,
            7.55479
          ]
        ],
        "Stress": [
          [
            -18.24404,
            -0.2265,
            0.32448
          ],
          [
            -0.2265,
            -17.09293,
            -1.9966
          ],
          [
            0.32448,
            -1.9966,
            -12.71038
          ]
        ],
        "computation_code": "VASP",
        "pseudopotential_information": [
          [
            "PAW_PBE",
            "Ni",
            "02Aug2007"
          ],
          [
            "PAW_PBE",
            "Pd",
            "04Jan2005"
          ],
          [
            "PAW_PBE",
            "O",
            "08Apr2002"
          ],
          [
            "PAW_PBE",
            "H",
            "15Jun2001"
          ]
        ]
      }
    ],
    "EnergyStyle": "electronvolt",
    "ForcesStyle": "electronvoltperangstrom",
    "LatticeStyle": "angstrom",
    "PositionsStyle": "angstrom",
    "StressStyle": "kB"
  }
}