{
  "Dataset": {
    "AtomTypeStyle": "chemicalsymbol",
    "Data": [
      {
        "AtomTypes": [
          "Ni",
          "Ni",
          "Ni",
          "Ni",
          "Ni",
          "Ni",
          "Ni",
          "Ni",
          "Ni",
          "Ni",
          "Ni",
          "Ni",
          "Ni",
          "Ni",
          "Ni",
          "Pd",
          "O",
          "H"
        ],
        "Energy": -83.57298063,
        "Forces": [
          [
            0.055146,
            0.00041,
            0.291135
          ],
          [
            0.005989,
            -0.00089,
            0.282653
          ],
          [
            -0.055947,
            0.000245,
            0.290345
          ],
          [
            -0.007345,
            -0.001196,
            0.28247
          ],
          [
            -0.001086,
            -0.00156,
            -0.329829
          ],
          [
            -0.011804,
            0.020468,
            -0.374698
          ],
          [
            -0.002266,
            0.001119,
            -0.378983
          ],
          [
            -0.011777,
            -0.025266,
            -0.429925
          ],
          [
            -0.012107,
            0.020207,
            -0.112335
          ],
          [
            0.026345,
            0.01054,
            -0.095699
          ],
          [
            0.028231,
            -0.021008,
            -0.147949
          ],
          [
            -0.012168,
            -0.012801,
            -0.129596
          ],
          [
            -0.019015,
            0.035372,
            0.006816
          ],
          [
            0.005859,
            0.049529,
            -0.069273
          ],
          [
            0.004227,
            -0.032053,
            -0.002454
          ],
          [
            0.012312,
            -0.020708,
            0.871241
          ],
          [
            0.04137,
            -0.032567,
            0.064949
          ],
          [
            -0.045964,
            0.010158,
            -0.018869
          ]
        ],
        "Lattice": [
          [
            5.025196436,
            0.0,
            0.0
          ],
          [
            0.0,
            5.025196436,
            0.0
          ],
          [
            0.0,
            0.0,
            17.427492376
          ]
        ],
        "NumAtoms": 18,
        "Positions": [
          [
            3.7689,
            1.2563,
            0.0
          ],
          [
            3.7689,
            3.7689,
            0.0
          ],
          [
            1.2563,
            1.2563,
            0.0
          ],
          [
            1.2563,
            3.7689,
            0.0
          ],
          [
            0.0,
            0.0,
            1.77656
          ],
          [
            2.5126,
            0.0,
            1.77656
          ],
          [
            0.0,
            2.5126,
            1.77656
          ],
          [
            2.5126,
            2.5126,
            1.77656
          ],
          [
            1.29736,
            1.27229,
            3.55314
          ],
          [
            3.72646,
            1.27236,
            3.54542
          ],
          [
            1.27773,
            3.75361,
            3.5402
          ],
          [
            3.73841,
            3.75358,
            3.53941
          ],
          [
            2.51351,
            0.02206,
            5.40431
          ],
          [
            5.01783,
            2.50267,
            5.22232
          ],
          [
            2.51575,
            2.49013,
            5.39969
          ],
          [
            5.01942,
            0.00945,
            5.29826
          ],
          [
            2.4352,
            3.76812,
            6.87382
          ],
          [
            3.27077,
            3.76932,
            7.38544
          ]
        ],
        "Stress": [
          [
            -7.36159,
            0.00018,
            0.23669
          ],
          [
            0.00018,
            -12.73382,
            -0.01901
          ],
          [
            0.23669,
            -0.01901,
            -4.54298
          ]
        ],
        "computation_code": "VASP",
        "pseudopotential_information": [
          [
            "PAW_PBE",
            "Ni",
            "02Aug2007"
          ],
          [
            "PAW_PBE",
            "Pd",
            "04Jan2005"
          ],
          [
            "PAW_PBE",
            "O",
            "08Apr2002"
          ],
          [
            "PAW_PBE",
            "H",
            "15Jun2001"
          ]
        ]
      }
    ],
    "EnergyStyle": "electronvolt",
    "ForcesStyle": "electronvoltperangstrom",
    "LatticeStyle": "angstrom",
    "PositionsStyle": "angstrom",
    "StressStyle": "kB"
  }
}