{
  "Dataset": {
    "AtomTypeStyle": "chemicalsymbol",
    "Data": [
      {
        "AtomTypes": [
          "Ni",
          "Ni",
          "Ni",
          "Ni",
          "Ni",
          "Ni",
          "Ni",
          "Ni",
          "Ni",
          "Ni",
          "Ni",
          "Ni",
          "Ni",
          "Ni",
          "Ni",
          "Pd",
          "O",
          "H"
        ],
        "Energy": -83.64210038,
        "Forces": [
          [
            0.049972,
            0.004711,
            0.300988
          ],
          [
            0.002521,
            -0.006192,
            0.294676
          ],
          [
            -0.049886,
            0.004524,
            0.300739
          ],
          [
            -0.004077,
            -0.006194,
            0.293634
          ],
          [
            0.002932,
            0.005629,
            -0.322054
          ],
          [
            0.001346,
            0.033326,
            -0.305067
          ],
          [
            1.3e-05,
            0.0072,
            -0.300961
          ],
          [
            0.004503,
            -0.02974,
            -0.256608
          ],
          [
            0.010791,
            0.005194,
            -0.008945
          ],
          [
            -0.006905,
            0.005663,
            -0.003716
          ],
          [
            0.010516,
            -0.001465,
            -0.011646
          ],
          [
            -0.007089,
            -0.000765,
            -0.008605
          ],
          [
            -0.000449,
            -0.005768,
            -8.4e-05
          ],
          [
            0.001599,
            0.002142,
            -0.013473
          ],
          [
            0.000433,
            -0.009089,
            0.00836
          ],
          [
            -0.001193,
            0.002737,
            0.003687
          ],
          [
            0.013394,
            -0.001219,
            0.025937
          ],
          [
            -0.028421,
            -0.010693,
            0.003138
          ]
        ],
        "Lattice": [
          [
            5.025196436,
            0.0,
            0.0
          ],
          [
            0.0,
            5.025196436,
            0.0
          ],
          [
            0.0,
            0.0,
            17.427492376
          ]
        ],
        "NumAtoms": 18,
        "Positions": [
          [
            3.7689,
            1.2563,
            0.0
          ],
          [
            3.7689,
            3.7689,
            0.0
          ],
          [
            1.2563,
            1.2563,
            0.0
          ],
          [
            1.2563,
            3.7689,
            0.0
          ],
          [
            0.0,
            0.0,
            1.77656
          ],
          [
            2.5126,
            0.0,
            1.77656
          ],
          [
            0.0,
            2.5126,
            1.77656
          ],
          [
            2.5126,
            2.5126,
            1.77656
          ],
          [
            1.28303,
            1.25861,
            3.56908
          ],
          [
            3.74732,
            1.25681,
            3.56535
          ],
          [
            1.26678,
            3.77023,
            3.5521
          ],
          [
            3.75624,
            3.77042,
            3.55441
          ],
          [
            2.51608,
            0.01574,
            5.40604
          ],
          [
            5.02324,
            2.51769,
            5.22389
          ],
          [
            2.52146,
            2.48105,
            5.39389
          ],
          [
            5.02492,
            0.02241,
            5.47659
          ],
          [
            2.42629,
            3.75202,
            6.87761
          ],
          [
            3.26008,
            3.76703,
            7.39163
          ]
        ],
        "Stress": [
          [
            -12.32553,
            0.08191,
            -0.12104
          ],
          [
            0.08191,
            -18.31942,
            -0.32516
          ],
          [
            -0.12104,
            -0.32516,
            -12.33613
          ]
        ],
        "computation_code": "VASP",
        "pseudopotential_information": [
          [
            "PAW_PBE",
            "Ni",
            "02Aug2007"
          ],
          [
            "PAW_PBE",
            "Pd",
            "04Jan2005"
          ],
          [
            "PAW_PBE",
            "O",
            "08Apr2002"
          ],
          [
            "PAW_PBE",
            "H",
            "15Jun2001"
          ]
        ]
      }
    ],
    "EnergyStyle": "electronvolt",
    "ForcesStyle": "electronvoltperangstrom",
    "LatticeStyle": "angstrom",
    "PositionsStyle": "angstrom",
    "StressStyle": "kB"
  }
}