{
  "Dataset": {
    "AtomTypeStyle": "chemicalsymbol",
    "Data": [
      {
        "AtomTypes": [
          "Ni",
          "Ni",
          "Ni",
          "Ni",
          "Ni",
          "Ni",
          "Ni",
          "Ni",
          "Ni",
          "Ni",
          "Ni",
          "Ni",
          "Ni",
          "Ni",
          "Ni",
          "Ni",
          "Ni",
          "Ni",
          "Ni",
          "H",
          "Pd"
        ],
        "Energy": -93.14335774,
        "Forces": [
          [
            0.005439,
            -0.008312,
            0.538597
          ],
          [
            -0.007236,
            -0.019209,
            0.60708
          ],
          [
            0.005439,
            0.008312,
            0.538597
          ],
          [
            -0.007236,
            0.019209,
            0.60708
          ],
          [
            -0.012587,
            0.0,
            -0.568786
          ],
          [
            0.008954,
            0.0,
            -0.524531
          ],
          [
            0.023092,
            0.0,
            -1.154812
          ],
          [
            -0.021172,
            0.0,
            -0.6103
          ],
          [
            -0.335285,
            -0.241412,
            -0.25074
          ],
          [
            0.348217,
            -0.193674,
            -0.273245
          ],
          [
            -0.335285,
            0.241412,
            -0.25074
          ],
          [
            0.348217,
            0.193674,
            -0.273245
          ],
          [
            0.007357,
            0.0,
            0.044227
          ],
          [
            0.004932,
            0.0,
            0.030864
          ],
          [
            -0.219024,
            0.0,
            0.272341
          ],
          [
            -0.477886,
            0.309222,
            0.301851
          ],
          [
            0.368288,
            -0.137901,
            0.003082
          ],
          [
            -0.477886,
            -0.309222,
            0.301851
          ],
          [
            0.368288,
            0.137901,
            0.003082
          ],
          [
            0.020341,
            0.0,
            -0.146124
          ],
          [
            0.385035,
            0.0,
            0.80387
          ]
        ],
        "Lattice": [
          [
            7.106,
            0.0,
            0.0
          ],
          [
            0.0,
            5.024699515,
            0.0
          ],
          [
            0.0,
            0.0,
            17.703958439
          ]
        ],
        "NumAtoms": 21,
        "Positions": [
          [
            0.0,
            2.51235,
            0.0
          ],
          [
            3.553,
            2.51235,
            0.0
          ],
          [
            0.0,
            0.0,
            0.0
          ],
          [
            3.553,
            0.0,
            0.0
          ],
          [
            1.7765,
            3.76852,
            1.25617
          ],
          [
            5.3295,
            3.76852,
            1.25617
          ],
          [
            1.7765,
            1.25618,
            1.25617
          ],
          [
            5.3295,
            1.25618,
            1.25617
          ],
          [
            -0.00386,
            5.01807,
            2.47735
          ],
          [
            3.55683,
            5.01683,
            2.49107
          ],
          [
            -0.00386,
            2.51897,
            2.47735
          ],
          [
            3.55683,
            2.52022,
            2.49107
          ],
          [
            1.80035,
            3.76852,
            3.80657
          ],
          [
            5.3059,
            3.76852,
            3.80651
          ],
          [
            5.33811,
            1.25618,
            3.76101
          ],
          [
            -0.00502,
            2.51932,
            4.89398
          ],
          [
            3.55658,
            2.52739,
            5.02322
          ],
          [
            -0.00502,
            5.01773,
            4.89398
          ],
          [
            3.55658,
            5.00966,
            5.02322
          ],
          [
            3.5532,
            1.25617,
            6.07304
          ],
          [
            1.77039,
            1.25618,
            3.76687
          ]
        ],
        "Stress": [
          [
            -7.49311,
            0.0,
            -0.28271
          ],
          [
            0.0,
            -9.83288,
            0.0
          ],
          [
            -0.28271,
            0.0,
            -1.64321
          ]
        ],
        "computation_code": "VASP",
        "pseudopotential_information": [
          [
            "PAW_PBE",
            "Ni",
            "02Aug2007"
          ],
          [
            "PAW_PBE",
            "H",
            "15Jun2001"
          ],
          [
            "PAW_PBE",
            "Pd",
            "04Jan2005"
          ]
        ]
      }
    ],
    "EnergyStyle": "electronvolt",
    "ForcesStyle": "electronvoltperangstrom",
    "LatticeStyle": "angstrom",
    "PositionsStyle": "angstrom",
    "StressStyle": "kB"
  }
}