{
  "Dataset": {
    "AtomTypeStyle": "chemicalsymbol",
    "Data": [
      {
        "AtomTypes": [
          "Ni",
          "Ni",
          "Ni",
          "Ni",
          "Ni",
          "Ni",
          "Ni",
          "Ni",
          "Ni",
          "Ni",
          "Ni",
          "Ni",
          "Ni",
          "Ni",
          "Ni",
          "O",
          "Pd"
        ],
        "Energy": -79.87030238,
        "Forces": [
          [
            -0.00867,
            0.003998,
            0.336915
          ],
          [
            0.016993,
            0.016993,
            0.2814
          ],
          [
            0.002522,
            0.002522,
            0.295026
          ],
          [
            0.003998,
            -0.00867,
            0.336915
          ],
          [
            -0.050739,
            -0.050739,
            -0.358039
          ],
          [
            0.019235,
            -0.038543,
            -0.29539
          ],
          [
            -0.038543,
            0.019235,
            -0.29539
          ],
          [
            0.040399,
            0.040399,
            -0.284211
          ],
          [
            -0.007108,
            -0.007108,
            -0.003447
          ],
          [
            -0.000411,
            -0.002418,
            0.002911
          ],
          [
            -0.002418,
            -0.000411,
            0.002911
          ],
          [
            0.009775,
            0.009775,
            -0.010908
          ],
          [
            -0.001935,
            0.010056,
            0.003788
          ],
          [
            0.010056,
            -0.001935,
            0.003788
          ],
          [
            -0.003124,
            -0.003124,
            -0.001852
          ],
          [
            0.000204,
            0.000204,
            -0.007651
          ],
          [
            0.009766,
            0.009766,
            -0.006765
          ]
        ],
        "Lattice": [
          [
            5.025196436,
            0.0,
            0.0
          ],
          [
            0.0,
            5.025196436,
            0.0
          ],
          [
            0.0,
            0.0,
            17.427492376
          ]
        ],
        "NumAtoms": 17,
        "Positions": [
          [
            3.7689,
            1.2563,
            0.0
          ],
          [
            3.7689,
            3.7689,
            0.0
          ],
          [
            1.2563,
            1.2563,
            0.0
          ],
          [
            1.2563,
            3.7689,
            0.0
          ],
          [
            0.0,
            0.0,
            1.77656
          ],
          [
            2.5126,
            0.0,
            1.77656
          ],
          [
            0.0,
            2.5126,
            1.77656
          ],
          [
            2.5126,
            2.5126,
            1.77656
          ],
          [
            1.24971,
            1.24971,
            3.48613
          ],
          [
            3.76559,
            1.26817,
            3.59824
          ],
          [
            1.26817,
            3.76559,
            3.59824
          ],
          [
            3.75409,
            3.75409,
            3.53392
          ],
          [
            2.31612,
            0.2052,
            5.42158
          ],
          [
            0.2052,
            2.31612,
            5.42158
          ],
          [
            2.73714,
            2.73714,
            5.47127
          ],
          [
            1.61297,
            1.61297,
            6.42799
          ],
          [
            -0.22618,
            -0.22618,
            5.55322
          ]
        ],
        "Stress": [
          [
            -23.46907,
            2.10678,
            0.07252
          ],
          [
            2.10678,
            -23.46907,
            0.07252
          ],
          [
            0.07252,
            0.07252,
            -13.34135
          ]
        ],
        "computation_code": "VASP",
        "pseudopotential_information": [
          [
            "PAW_PBE",
            "Ni",
            "02Aug2007"
          ],
          [
            "PAW_PBE",
            "O",
            "08Apr2002"
          ],
          [
            "PAW_PBE",
            "Pd",
            "04Jan2005"
          ]
        ]
      }
    ],
    "EnergyStyle": "electronvolt",
    "ForcesStyle": "electronvoltperangstrom",
    "LatticeStyle": "angstrom",
    "PositionsStyle": "angstrom",
    "StressStyle": "kB"
  }
}