{
  "Dataset": {
    "AtomTypeStyle": "chemicalsymbol",
    "Data": [
      {
        "AtomTypes": [
          "Ni",
          "Ni",
          "Ni",
          "Ni",
          "Ni",
          "Ni",
          "Ni",
          "Ni",
          "Ni",
          "Ni",
          "Ni",
          "Ni",
          "Ni",
          "Ni",
          "Ni",
          "H",
          "Pd"
        ],
        "Energy": -76.1406095,
        "Forces": [
          [
            -0.0,
            -0.0,
            0.352428
          ],
          [
            -0.0,
            -0.0,
            0.326199
          ],
          [
            -0.0,
            -0.0,
            0.326196
          ],
          [
            -0.0,
            -0.0,
            0.26609
          ],
          [
            -0.225938,
            0.225937,
            -0.35753
          ],
          [
            0.225938,
            0.225937,
            -0.35753
          ],
          [
            -0.225938,
            -0.225937,
            -0.35753
          ],
          [
            0.225938,
            -0.225937,
            -0.35753
          ],
          [
            -0.0,
            -0.0,
            0.02423
          ],
          [
            -0.0,
            -0.0,
            0.029865
          ],
          [
            -0.0,
            -0.0,
            0.024224
          ],
          [
            0.003172,
            -0.003173,
            -0.001916
          ],
          [
            -0.003172,
            -0.003173,
            -0.001916
          ],
          [
            0.003172,
            0.003173,
            -0.001916
          ],
          [
            -0.003172,
            0.003173,
            -0.001916
          ],
          [
            -0.0,
            -0.0,
            0.07342
          ],
          [
            -0.0,
            -0.0,
            0.015134
          ]
        ],
        "Lattice": [
          [
            5.025196436,
            0.0,
            0.0
          ],
          [
            0.0,
            5.025196436,
            0.0
          ],
          [
            0.0,
            0.0,
            17.427492376
          ]
        ],
        "NumAtoms": 17,
        "Positions": [
          [
            3.7689,
            1.2563,
            0.0
          ],
          [
            3.7689,
            3.7689,
            0.0
          ],
          [
            1.2563,
            1.2563,
            0.0
          ],
          [
            1.2563,
            3.7689,
            0.0
          ],
          [
            0.0,
            0.0,
            1.77656
          ],
          [
            2.5126,
            0.0,
            1.77656
          ],
          [
            0.0,
            2.5126,
            1.77656
          ],
          [
            2.5126,
            2.5126,
            1.77656
          ],
          [
            1.2563,
            1.2563,
            3.63166
          ],
          [
            3.7689,
            1.2563,
            3.6457
          ],
          [
            3.7689,
            3.7689,
            3.63166
          ],
          [
            -0.01921,
            0.01921,
            5.44332
          ],
          [
            2.53181,
            0.01921,
            5.44332
          ],
          [
            -0.01921,
            2.49339,
            5.44332
          ],
          [
            2.53181,
            2.49339,
            5.44332
          ],
          [
            1.2563,
            3.7689,
            5.96021
          ],
          [
            1.2563,
            3.7689,
            3.62106
          ]
        ],
        "Stress": [
          [
            -18.01713,
            0.0,
            0.0
          ],
          [
            0.0,
            -18.0171,
            0.0
          ],
          [
            0.0,
            0.0,
            -9.52871
          ]
        ],
        "computation_code": "VASP",
        "pseudopotential_information": [
          [
            "PAW_PBE",
            "Ni",
            "02Aug2007"
          ],
          [
            "PAW_PBE",
            "H",
            "15Jun2001"
          ],
          [
            "PAW_PBE",
            "Pd",
            "04Jan2005"
          ]
        ]
      }
    ],
    "EnergyStyle": "electronvolt",
    "ForcesStyle": "electronvoltperangstrom",
    "LatticeStyle": "angstrom",
    "PositionsStyle": "angstrom",
    "StressStyle": "kB"
  }
}