{
  "Dataset": {
    "AtomTypeStyle": "chemicalsymbol",
    "Data": [
      {
        "AtomTypes": [
          "Ni",
          "Ni",
          "Ni",
          "Ni",
          "Ni",
          "Ni",
          "Ni",
          "Ni",
          "Ni",
          "Ni",
          "Ni",
          "Ni",
          "Ni",
          "Ni",
          "Ni",
          "Ni",
          "Ni",
          "Ni",
          "Ni",
          "H",
          "Pd"
        ],
        "Energy": -93.4013769,
        "Forces": [
          [
            -0.000355,
            -0.011043,
            0.578531
          ],
          [
            0.002188,
            -0.023941,
            0.554661
          ],
          [
            -0.000355,
            0.011043,
            0.578531
          ],
          [
            0.002188,
            0.023941,
            0.554661
          ],
          [
            -0.08099,
            -0.0,
            -0.636337
          ],
          [
            0.073844,
            -0.0,
            -0.526326
          ],
          [
            -0.054479,
            -0.0,
            -0.722775
          ],
          [
            0.043214,
            -0.0,
            -0.451916
          ],
          [
            0.012292,
            -0.00216,
            0.008439
          ],
          [
            0.004375,
            0.006999,
            0.006424
          ],
          [
            0.012292,
            0.00216,
            0.008439
          ],
          [
            0.004375,
            -0.006999,
            0.006424
          ],
          [
            -0.026943,
            -0.0,
            0.011891
          ],
          [
            -0.000516,
            -0.0,
            -0.004939
          ],
          [
            0.007022,
            -0.0,
            -0.009073
          ],
          [
            -0.009512,
            0.007087,
            0.008568
          ],
          [
            0.004894,
            8.3e-05,
            0.011339
          ],
          [
            -0.009512,
            -0.007087,
            0.008568
          ],
          [
            0.004894,
            -8.3e-05,
            0.011339
          ],
          [
            -0.012985,
            -0.0,
            0.006011
          ],
          [
            0.024064,
            -0.0,
            -0.002461
          ]
        ],
        "Lattice": [
          [
            7.106,
            0.0,
            0.0
          ],
          [
            0.0,
            5.024699515,
            0.0
          ],
          [
            0.0,
            0.0,
            17.703958439
          ]
        ],
        "NumAtoms": 21,
        "Positions": [
          [
            0.0,
            2.51235,
            0.0
          ],
          [
            3.553,
            2.51235,
            0.0
          ],
          [
            0.0,
            0.0,
            0.0
          ],
          [
            3.553,
            0.0,
            0.0
          ],
          [
            1.7765,
            3.76852,
            1.25617
          ],
          [
            5.3295,
            3.76852,
            1.25617
          ],
          [
            1.7765,
            1.25618,
            1.25617
          ],
          [
            5.3295,
            1.25618,
            1.25617
          ],
          [
            -0.00966,
            0.00882,
            2.48683
          ],
          [
            3.55832,
            0.00776,
            2.46488
          ],
          [
            -0.00966,
            2.50353,
            2.48683
          ],
          [
            3.55832,
            2.50459,
            2.46488
          ],
          [
            1.80312,
            3.76852,
            3.73587
          ],
          [
            1.79058,
            1.25618,
            3.71938
          ],
          [
            5.31894,
            1.25618,
            3.88007
          ],
          [
            0.14077,
            2.48554,
            4.94384
          ],
          [
            3.39806,
            2.47021,
            5.03228
          ],
          [
            0.14077,
            0.02681,
            4.94384
          ],
          [
            3.39806,
            0.04214,
            5.03228
          ],
          [
            3.42562,
            1.25617,
            6.11251
          ],
          [
            5.29666,
            3.76852,
            3.98128
          ]
        ],
        "Stress": [
          [
            -14.42697,
            0.0,
            -0.11369
          ],
          [
            0.0,
            -11.08158,
            0.0
          ],
          [
            -0.11369,
            0.0,
            -9.20233
          ]
        ],
        "computation_code": "VASP",
        "pseudopotential_information": [
          [
            "PAW_PBE",
            "Ni",
            "02Aug2007"
          ],
          [
            "PAW_PBE",
            "H",
            "15Jun2001"
          ],
          [
            "PAW_PBE",
            "Pd",
            "04Jan2005"
          ]
        ]
      }
    ],
    "EnergyStyle": "electronvolt",
    "ForcesStyle": "electronvoltperangstrom",
    "LatticeStyle": "angstrom",
    "PositionsStyle": "angstrom",
    "StressStyle": "kB"
  }
}