{
  "Dataset": {
    "AtomTypeStyle": "chemicalsymbol",
    "Data": [
      {
        "AtomTypes": [
          "Ni",
          "Ni",
          "Ni",
          "Ni",
          "Ni",
          "Ni",
          "Ni",
          "Ni",
          "Ni",
          "Ni",
          "Ni",
          "Ni",
          "Ni",
          "Ni",
          "Ni",
          "Pd",
          "O",
          "H"
        ],
        "Energy": -83.18459115,
        "Forces": [
          [
            0.060154,
            0.0,
            0.355439
          ],
          [
            0.00115,
            0.0,
            0.3196
          ],
          [
            -0.047147,
            0.0,
            0.329498
          ],
          [
            -0.010424,
            0.0,
            0.279901
          ],
          [
            -0.15372,
            0.166341,
            -0.332774
          ],
          [
            0.168988,
            0.213757,
            -0.306601
          ],
          [
            -0.15372,
            -0.166341,
            -0.332774
          ],
          [
            0.168988,
            -0.213757,
            -0.306601
          ],
          [
            -0.004664,
            0.0,
            -0.019559
          ],
          [
            0.014731,
            0.0,
            -0.011159
          ],
          [
            -0.024497,
            0.0,
            -0.003444
          ],
          [
            0.014672,
            -0.008376,
            0.007889
          ],
          [
            -0.011712,
            0.005343,
            0.006011
          ],
          [
            0.014672,
            0.008376,
            0.007889
          ],
          [
            -0.011712,
            -0.005343,
            0.006011
          ],
          [
            0.002507,
            0.0,
            0.007988
          ],
          [
            -0.024348,
            0.0,
            -0.003397
          ],
          [
            -0.003918,
            0.0,
            -0.003917
          ]
        ],
        "Lattice": [
          [
            5.025196436,
            0.0,
            0.0
          ],
          [
            0.0,
            5.025196436,
            0.0
          ],
          [
            0.0,
            0.0,
            17.427492376
          ]
        ],
        "NumAtoms": 18,
        "Positions": [
          [
            3.7689,
            1.2563,
            0.0
          ],
          [
            3.7689,
            3.7689,
            0.0
          ],
          [
            1.2563,
            1.2563,
            0.0
          ],
          [
            1.2563,
            3.7689,
            0.0
          ],
          [
            0.0,
            0.0,
            1.77656
          ],
          [
            2.5126,
            0.0,
            1.77656
          ],
          [
            0.0,
            2.5126,
            1.77656
          ],
          [
            2.5126,
            2.5126,
            1.77656
          ],
          [
            1.26933,
            1.2563,
            3.65099
          ],
          [
            3.73332,
            1.2563,
            3.61997
          ],
          [
            3.77207,
            3.7689,
            3.62299
          ],
          [
            4.9721,
            0.05291,
            5.35655
          ],
          [
            2.5429,
            0.05023,
            5.54944
          ],
          [
            4.9721,
            2.45969,
            5.35655
          ],
          [
            2.5429,
            2.46237,
            5.54944
          ],
          [
            1.27515,
            3.7689,
            3.65919
          ],
          [
            2.41895,
            3.7689,
            6.99904
          ],
          [
            3.22916,
            3.7689,
            7.54653
          ]
        ],
        "Stress": [
          [
            -12.19685,
            0.0,
            -0.4321
          ],
          [
            0.0,
            -15.06585,
            0.0
          ],
          [
            -0.4321,
            0.0,
            -13.44406
          ]
        ],
        "computation_code": "VASP",
        "pseudopotential_information": [
          [
            "PAW_PBE",
            "Ni",
            "02Aug2007"
          ],
          [
            "PAW_PBE",
            "Pd",
            "04Jan2005"
          ],
          [
            "PAW_PBE",
            "O",
            "08Apr2002"
          ],
          [
            "PAW_PBE",
            "H",
            "15Jun2001"
          ]
        ]
      }
    ],
    "EnergyStyle": "electronvolt",
    "ForcesStyle": "electronvoltperangstrom",
    "LatticeStyle": "angstrom",
    "PositionsStyle": "angstrom",
    "StressStyle": "kB"
  }
}