{
  "Dataset": {
    "AtomTypeStyle": "chemicalsymbol",
    "Data": [
      {
        "AtomTypes": [
          "Ni",
          "Ni",
          "Ni",
          "Ni",
          "Ni",
          "Ni",
          "Ni",
          "Ni",
          "Ni",
          "Ni",
          "Ni",
          "Ni",
          "Ni",
          "Ni",
          "Ni",
          "Pd",
          "O",
          "H"
        ],
        "Energy": -83.16073101,
        "Forces": [
          [
            0.054019,
            -0.0,
            0.326448
          ],
          [
            0.003633,
            -0.0,
            0.336555
          ],
          [
            -0.058467,
            -0.0,
            0.284951
          ],
          [
            -0.005382,
            -0.0,
            0.320172
          ],
          [
            -0.175519,
            -0.180908,
            -0.382852
          ],
          [
            0.165316,
            -0.155226,
            -0.30474
          ],
          [
            -0.175519,
            0.180908,
            -0.382852
          ],
          [
            0.165316,
            0.155226,
            -0.30474
          ],
          [
            -0.028817,
            -0.0,
            -0.043213
          ],
          [
            0.052769,
            -0.0,
            -0.047083
          ],
          [
            -0.024079,
            -0.0,
            0.070379
          ],
          [
            -0.026955,
            -0.039476,
            -0.007392
          ],
          [
            -0.01751,
            -0.014458,
            0.054384
          ],
          [
            -0.026955,
            0.039476,
            -0.007392
          ],
          [
            -0.01751,
            0.014458,
            0.054384
          ],
          [
            0.071814,
            -0.0,
            -0.017701
          ],
          [
            -0.275701,
            -0.0,
            -0.229063
          ],
          [
            0.319547,
            -0.0,
            0.279754
          ]
        ],
        "Lattice": [
          [
            5.025196436,
            0.0,
            0.0
          ],
          [
            0.0,
            5.025196436,
            0.0
          ],
          [
            0.0,
            0.0,
            17.427492376
          ]
        ],
        "NumAtoms": 18,
        "Positions": [
          [
            3.7689,
            1.2563,
            0.0
          ],
          [
            3.7689,
            3.7689,
            0.0
          ],
          [
            1.2563,
            1.2563,
            0.0
          ],
          [
            1.2563,
            3.7689,
            0.0
          ],
          [
            0.0,
            0.0,
            1.77656
          ],
          [
            2.5126,
            0.0,
            1.77656
          ],
          [
            0.0,
            2.5126,
            1.77656
          ],
          [
            2.5126,
            2.5126,
            1.77656
          ],
          [
            3.76918,
            1.2563,
            3.6358
          ],
          [
            1.24054,
            3.7689,
            3.63504
          ],
          [
            3.74739,
            3.7689,
            3.59844
          ],
          [
            4.97214,
            -0.01668,
            5.35967
          ],
          [
            2.53052,
            0.00363,
            5.52414
          ],
          [
            4.97214,
            2.52928,
            5.35967
          ],
          [
            2.53052,
            2.50897,
            5.52414
          ],
          [
            1.27832,
            1.2563,
            3.65788
          ],
          [
            2.44347,
            3.7689,
            7.0097
          ],
          [
            3.29523,
            3.7689,
            7.47384
          ]
        ],
        "Stress": [
          [
            -10.09867,
            0.0,
            0.8794
          ],
          [
            0.0,
            -15.44152,
            0.0
          ],
          [
            0.8794,
            0.0,
            -10.89663
          ]
        ],
        "computation_code": "VASP",
        "pseudopotential_information": [
          [
            "PAW_PBE",
            "Ni",
            "02Aug2007"
          ],
          [
            "PAW_PBE",
            "Pd",
            "04Jan2005"
          ],
          [
            "PAW_PBE",
            "O",
            "08Apr2002"
          ],
          [
            "PAW_PBE",
            "H",
            "15Jun2001"
          ]
        ]
      }
    ],
    "EnergyStyle": "electronvolt",
    "ForcesStyle": "electronvoltperangstrom",
    "LatticeStyle": "angstrom",
    "PositionsStyle": "angstrom",
    "StressStyle": "kB"
  }
}