{
  "Dataset": {
    "AtomTypeStyle": "chemicalsymbol",
    "Data": [
      {
        "AtomTypes": [
          "Ni",
          "Ni",
          "Ni",
          "Ni",
          "Ni",
          "Ni",
          "Ni",
          "Ni",
          "Ni",
          "Ni",
          "Ni",
          "Ni",
          "Ni",
          "Ni",
          "Ni",
          "H",
          "Pd"
        ],
        "Energy": -76.03036735,
        "Forces": [
          [
            0.0,
            0.0,
            0.309707
          ],
          [
            0.0,
            0.0,
            0.294073
          ],
          [
            0.0,
            0.0,
            0.294073
          ],
          [
            0.0,
            0.0,
            0.225817
          ],
          [
            -0.26892,
            0.268917,
            -0.733348
          ],
          [
            0.26892,
            0.268917,
            -0.733348
          ],
          [
            -0.26892,
            -0.268917,
            -0.733348
          ],
          [
            0.26892,
            -0.268917,
            -0.733348
          ],
          [
            0.0,
            0.0,
            0.188455
          ],
          [
            0.0,
            0.0,
            0.401079
          ],
          [
            0.0,
            0.0,
            0.188452
          ],
          [
            -0.149141,
            0.149136,
            0.285543
          ],
          [
            0.149141,
            0.149136,
            0.285543
          ],
          [
            -0.149141,
            -0.149136,
            0.285543
          ],
          [
            0.149141,
            -0.149136,
            0.285543
          ],
          [
            0.0,
            0.0,
            -0.200638
          ],
          [
            0.0,
            0.0,
            0.0902
          ]
        ],
        "Lattice": [
          [
            5.025196436,
            0.0,
            0.0
          ],
          [
            0.0,
            5.025196436,
            0.0
          ],
          [
            0.0,
            0.0,
            17.427492376
          ]
        ],
        "NumAtoms": 17,
        "Positions": [
          [
            3.7689,
            1.2563,
            0.0
          ],
          [
            3.7689,
            3.7689,
            0.0
          ],
          [
            1.2563,
            1.2563,
            0.0
          ],
          [
            1.2563,
            3.7689,
            0.0
          ],
          [
            0.0,
            0.0,
            1.77656
          ],
          [
            2.5126,
            0.0,
            1.77656
          ],
          [
            0.0,
            2.5126,
            1.77656
          ],
          [
            2.5126,
            2.5126,
            1.77656
          ],
          [
            1.2563,
            1.2563,
            3.55497
          ],
          [
            3.7689,
            1.2563,
            3.55731
          ],
          [
            3.7689,
            3.7689,
            3.55497
          ],
          [
            -0.00164,
            0.00164,
            5.3327
          ],
          [
            2.51424,
            0.00164,
            5.3327
          ],
          [
            -0.00164,
            2.51096,
            5.3327
          ],
          [
            2.51424,
            2.51096,
            5.3327
          ],
          [
            1.2563,
            3.7689,
            6.02498
          ],
          [
            1.2563,
            3.7689,
            3.55368
          ]
        ],
        "Stress": [
          [
            -9.43825,
            0.0,
            0.0
          ],
          [
            0.0,
            -9.4377,
            0.0
          ],
          [
            0.0,
            0.0,
            7.26621
          ]
        ],
        "computation_code": "VASP",
        "pseudopotential_information": [
          [
            "PAW_PBE",
            "Ni",
            "02Aug2007"
          ],
          [
            "PAW_PBE",
            "H",
            "15Jun2001"
          ],
          [
            "PAW_PBE",
            "Pd",
            "04Jan2005"
          ]
        ]
      }
    ],
    "EnergyStyle": "electronvolt",
    "ForcesStyle": "electronvoltperangstrom",
    "LatticeStyle": "angstrom",
    "PositionsStyle": "angstrom",
    "StressStyle": "kB"
  }
}