{
  "Dataset": {
    "AtomTypeStyle": "chemicalsymbol",
    "Data": [
      {
        "AtomTypes": [
          "Ni",
          "Ni",
          "Ni",
          "Ni",
          "Ni",
          "Ni",
          "Ni",
          "Ni",
          "Ni",
          "Ni",
          "Ni",
          "Ni",
          "Ni",
          "Ni",
          "Ni",
          "O",
          "Pd"
        ],
        "Energy": -79.61576985,
        "Forces": [
          [
            -0.0,
            -0.0,
            0.263002
          ],
          [
            -0.0,
            -0.0,
            0.333689
          ],
          [
            -0.0,
            -0.0,
            0.333684
          ],
          [
            -0.0,
            -0.0,
            0.328159
          ],
          [
            0.093517,
            -0.093517,
            -0.376425
          ],
          [
            -0.093517,
            -0.093517,
            -0.376425
          ],
          [
            0.093517,
            0.093517,
            -0.376425
          ],
          [
            -0.093517,
            0.093517,
            -0.376425
          ],
          [
            -0.0,
            -0.0,
            0.012596
          ],
          [
            -0.0,
            -0.0,
            0.128809
          ],
          [
            -0.0,
            -0.0,
            0.012597
          ],
          [
            -0.016888,
            0.01689,
            0.04506
          ],
          [
            0.016888,
            0.01689,
            0.04506
          ],
          [
            -0.016888,
            -0.01689,
            0.04506
          ],
          [
            0.016888,
            -0.01689,
            0.04506
          ],
          [
            -0.0,
            -0.0,
            -0.108827
          ],
          [
            -0.0,
            -0.0,
            0.021754
          ]
        ],
        "Lattice": [
          [
            5.025196436,
            0.0,
            0.0
          ],
          [
            0.0,
            5.025196436,
            0.0
          ],
          [
            0.0,
            0.0,
            17.427492376
          ]
        ],
        "NumAtoms": 17,
        "Positions": [
          [
            3.7689,
            1.2563,
            0.0
          ],
          [
            3.7689,
            3.7689,
            0.0
          ],
          [
            1.2563,
            1.2563,
            0.0
          ],
          [
            1.2563,
            3.7689,
            0.0
          ],
          [
            0.0,
            0.0,
            1.77656
          ],
          [
            2.5126,
            0.0,
            1.77656
          ],
          [
            0.0,
            2.5126,
            1.77656
          ],
          [
            2.5126,
            2.5126,
            1.77656
          ],
          [
            1.2563,
            1.2563,
            3.62097
          ],
          [
            1.2563,
            3.7689,
            3.51228
          ],
          [
            3.7689,
            3.7689,
            3.62097
          ],
          [
            0.0316,
            -0.0316,
            5.45197
          ],
          [
            2.481,
            -0.0316,
            5.45197
          ],
          [
            0.0316,
            2.54419,
            5.45197
          ],
          [
            2.481,
            2.54419,
            5.45197
          ],
          [
            1.2563,
            3.7689,
            6.37513
          ],
          [
            3.7689,
            1.2563,
            3.69229
          ]
        ],
        "Stress": [
          [
            -14.77979,
            0.0,
            0.0
          ],
          [
            0.0,
            -14.77943,
            0.0
          ],
          [
            0.0,
            0.0,
            -11.47374
          ]
        ],
        "computation_code": "VASP",
        "pseudopotential_information": [
          [
            "PAW_PBE",
            "Ni",
            "02Aug2007"
          ],
          [
            "PAW_PBE",
            "O",
            "08Apr2002"
          ],
          [
            "PAW_PBE",
            "Pd",
            "04Jan2005"
          ]
        ]
      }
    ],
    "EnergyStyle": "electronvolt",
    "ForcesStyle": "electronvoltperangstrom",
    "LatticeStyle": "angstrom",
    "PositionsStyle": "angstrom",
    "StressStyle": "kB"
  }
}