{
  "Dataset": {
    "AtomTypeStyle": "chemicalsymbol",
    "Data": [
      {
        "AtomTypes": [
          "Ni",
          "Ni",
          "Ni",
          "Ni",
          "Ni",
          "Ni",
          "Ni",
          "Ni",
          "Ni",
          "Ni",
          "Ni",
          "Ni",
          "Ni",
          "Ni",
          "Ni",
          "Fe",
          "O",
          "O",
          "H",
          "H"
        ],
        "Energy": -98.41219157,
        "Forces": [
          [
            -0.003014,
            0.006954,
            0.161056
          ],
          [
            0.011936,
            0.009386,
            0.117813
          ],
          [
            0.00691,
            -0.001843,
            -0.043505
          ],
          [
            -0.020498,
            -0.023218,
            0.139233
          ],
          [
            -0.049107,
            0.014614,
            -0.050466
          ],
          [
            -0.027,
            0.033683,
            -0.064093
          ],
          [
            0.014971,
            -0.029689,
            -0.06723
          ],
          [
            0.067746,
            0.01284,
            -0.073774
          ],
          [
            0.009308,
            -0.002481,
            -0.013448
          ],
          [
            -0.008501,
            -0.008463,
            -0.024835
          ],
          [
            -0.009944,
            0.022843,
            0.003638
          ],
          [
            -0.012158,
            0.00187,
            -0.020166
          ],
          [
            0.002,
            -0.016257,
            -0.007545
          ],
          [
            0.036342,
            -0.000801,
            0.00505
          ],
          [
            -0.017739,
            0.009794,
            -0.002372
          ],
          [
            0.006141,
            -0.011923,
            0.009669
          ],
          [
            -0.000697,
            0.002656,
            -0.004097
          ],
          [
            0.011358,
            -0.001463,
            -0.008769
          ],
          [
            0.000925,
            -0.007327,
            -0.022131
          ],
          [
            -0.01898,
            -0.011176,
            -0.034027
          ]
        ],
        "Lattice": [
          [
            5.024700786,
            0.0,
            0.0
          ],
          [
            2.512350393,
            4.351518527,
            0.0
          ],
          [
            0.0,
            0.0,
            19.183191106
          ]
        ],
        "NumAtoms": 20,
        "Positions": [
          [
            3.7689,
            2.17598,
            0.0
          ],
          [
            1.2563,
            2.17598,
            0.0
          ],
          [
            2.5126,
            0.0,
            0.0
          ],
          [
            0.0,
            0.0,
            0.0
          ],
          [
            6.28148,
            3.62661,
            2.05153
          ],
          [
            5.02518,
            1.45064,
            2.05153
          ],
          [
            2.51257,
            1.45064,
            2.05153
          ],
          [
            3.76887,
            3.62661,
            2.05153
          ],
          [
            1.26325,
            0.72789,
            4.10062
          ],
          [
            3.7397,
            0.73805,
            4.13128
          ],
          [
            5.04889,
            2.92748,
            4.13481
          ],
          [
            4.99329,
            4.33234,
            6.52265
          ],
          [
            7.50767,
            4.3243,
            6.04528
          ],
          [
            1.29775,
            2.16998,
            6.10579
          ],
          [
            3.83407,
            2.14518,
            6.11242
          ],
          [
            2.52489,
            2.90876,
            4.07558
          ],
          [
            4.32158,
            2.91423,
            7.84788
          ],
          [
            1.86113,
            1.45891,
            7.82082
          ],
          [
            5.09426,
            2.43972,
            8.23236
          ],
          [
            2.62979,
            1.95829,
            8.18925
          ]
        ],
        "Stress": [
          [
            -13.35199,
            0.75439,
            0.18066
          ],
          [
            0.75439,
            -16.26792,
            -0.40384
          ],
          [
            0.18066,
            -0.40384,
            -13.48944
          ]
        ],
        "computation_code": "VASP",
        "pseudopotential_information": [
          [
            "PAW_PBE",
            "Ni",
            "02Aug2007"
          ],
          [
            "PAW_PBE",
            "Fe",
            "06Sep2000"
          ],
          [
            "PAW_PBE",
            "O",
            "08Apr2002"
          ],
          [
            "PAW_PBE",
            "H",
            "15Jun2001"
          ]
        ]
      }
    ],
    "EnergyStyle": "electronvolt",
    "ForcesStyle": "electronvoltperangstrom",
    "LatticeStyle": "angstrom",
    "PositionsStyle": "angstrom",
    "StressStyle": "kB"
  }
}