{
  "Dataset": {
    "AtomTypeStyle": "chemicalsymbol",
    "Data": [
      {
        "AtomTypes": [
          "Ni",
          "Ni",
          "Ni",
          "Ni",
          "Ni",
          "Ni",
          "Ni",
          "Ni",
          "Ni",
          "Ni",
          "Ni",
          "Ni",
          "Ni",
          "Ni",
          "Ni",
          "Fe",
          "O",
          "O",
          "H",
          "H"
        ],
        "Energy": -98.46375066,
        "Forces": [
          [
            -0.01203,
            -0.015343,
            0.113506
          ],
          [
            0.0012,
            -0.038284,
            0.144254
          ],
          [
            -0.02182,
            0.015027,
            0.142842
          ],
          [
            0.011906,
            0.008615,
            0.148612
          ],
          [
            0.048454,
            0.02337,
            -0.306207
          ],
          [
            -0.020718,
            -0.028635,
            -0.100778
          ],
          [
            -0.007448,
            0.030193,
            -0.000305
          ],
          [
            -0.041156,
            -0.004974,
            -0.138301
          ],
          [
            -0.025089,
            0.00539,
            -0.019093
          ],
          [
            -0.023636,
            -0.021652,
            0.017226
          ],
          [
            0.002917,
            0.03532,
            -0.029507
          ],
          [
            0.019638,
            0.023116,
            0.002007
          ],
          [
            -0.014756,
            0.028574,
            0.031747
          ],
          [
            -0.015826,
            0.007532,
            0.064095
          ],
          [
            0.024385,
            -0.022701,
            -0.021998
          ],
          [
            0.050147,
            -0.057803,
            0.103971
          ],
          [
            -0.009484,
            0.016184,
            -0.089721
          ],
          [
            0.012352,
            -0.012637,
            -0.04603
          ],
          [
            0.006309,
            0.014516,
            -0.013917
          ],
          [
            0.014653,
            -0.005805,
            -0.002406
          ]
        ],
        "Lattice": [
          [
            5.024700786,
            0.0,
            0.0
          ],
          [
            2.512350393,
            4.351518527,
            0.0
          ],
          [
            0.0,
            0.0,
            19.183191106
          ]
        ],
        "NumAtoms": 20,
        "Positions": [
          [
            3.7689,
            2.17598,
            0.0
          ],
          [
            1.2563,
            2.17598,
            0.0
          ],
          [
            2.5126,
            0.0,
            0.0
          ],
          [
            0.0,
            0.0,
            0.0
          ],
          [
            6.28148,
            3.62661,
            2.05153
          ],
          [
            5.02518,
            1.45064,
            2.05153
          ],
          [
            2.51257,
            1.45064,
            2.05153
          ],
          [
            3.76887,
            3.62661,
            2.05153
          ],
          [
            2.52394,
            2.92367,
            4.13311
          ],
          [
            3.7705,
            0.72917,
            4.12857
          ],
          [
            5.02219,
            2.88331,
            4.07735
          ],
          [
            4.93034,
            4.30939,
            6.02109
          ],
          [
            7.45057,
            4.31693,
            6.50965
          ],
          [
            1.28606,
            2.14085,
            6.10145
          ],
          [
            1.22243,
            0.72521,
            4.10683
          ],
          [
            3.79004,
            2.16893,
            6.1513
          ],
          [
            4.31419,
            1.44104,
            7.89478
          ],
          [
            1.8295,
            2.86511,
            7.83995
          ],
          [
            5.10408,
            1.8991,
            8.26367
          ],
          [
            2.58144,
            2.38119,
            8.25551
          ]
        ],
        "Stress": [
          [
            -14.48923,
            -0.72122,
            1.38539
          ],
          [
            -0.72122,
            -17.9128,
            0.52868
          ],
          [
            1.38539,
            0.52868,
            -12.96904
          ]
        ],
        "computation_code": "VASP",
        "pseudopotential_information": [
          [
            "PAW_PBE",
            "Ni",
            "02Aug2007"
          ],
          [
            "PAW_PBE",
            "Fe",
            "06Sep2000"
          ],
          [
            "PAW_PBE",
            "O",
            "08Apr2002"
          ],
          [
            "PAW_PBE",
            "H",
            "15Jun2001"
          ]
        ]
      }
    ],
    "EnergyStyle": "electronvolt",
    "ForcesStyle": "electronvoltperangstrom",
    "LatticeStyle": "angstrom",
    "PositionsStyle": "angstrom",
    "StressStyle": "kB"
  }
}