{
  "Dataset": {
    "AtomTypeStyle": "chemicalsymbol",
    "Data": [
      {
        "AtomTypes": [
          "Ni",
          "Ni",
          "Ni",
          "Ni",
          "Ni",
          "Ni",
          "Ni",
          "Ni",
          "Ni",
          "Ni",
          "Ni",
          "Ni",
          "Ni",
          "Ni",
          "Ni",
          "Fe",
          "O",
          "O"
        ],
        "Energy": -89.82370649,
        "Forces": [
          [
            0.013638,
            -0.013729,
            0.325696
          ],
          [
            -0.005436,
            -0.005436,
            0.291854
          ],
          [
            0.005431,
            0.005431,
            0.291968
          ],
          [
            -0.013729,
            0.013638,
            0.325696
          ],
          [
            0.000818,
            0.000818,
            -0.398328
          ],
          [
            -0.000471,
            0.000396,
            -0.25943
          ],
          [
            0.000396,
            -0.000471,
            -0.25943
          ],
          [
            1.6e-05,
            1.6e-05,
            -0.450047
          ],
          [
            0.052162,
            0.052162,
            0.031229
          ],
          [
            -0.068364,
            0.07166,
            0.160232
          ],
          [
            0.07166,
            -0.068364,
            0.160232
          ],
          [
            -0.055948,
            -0.055948,
            0.042318
          ],
          [
            0.014025,
            -0.020443,
            -0.080079
          ],
          [
            -0.020443,
            0.014025,
            -0.080079
          ],
          [
            0.023602,
            0.023602,
            -0.09732
          ],
          [
            -0.01996,
            -0.01996,
            -0.270545
          ],
          [
            0.030555,
            0.030555,
            0.148714
          ],
          [
            -0.027952,
            -0.027952,
            0.11732
          ]
        ],
        "Lattice": [
          [
            5.025196436,
            0.0,
            0.0
          ],
          [
            0.0,
            5.025196436,
            0.0
          ],
          [
            0.0,
            0.0,
            17.427492376
          ]
        ],
        "NumAtoms": 18,
        "Positions": [
          [
            3.7689,
            1.2563,
            0.0
          ],
          [
            3.7689,
            3.7689,
            0.0
          ],
          [
            1.2563,
            1.2563,
            0.0
          ],
          [
            1.2563,
            3.7689,
            0.0
          ],
          [
            0.0,
            0.0,
            1.77656
          ],
          [
            2.5126,
            0.0,
            1.77656
          ],
          [
            0.0,
            2.5126,
            1.77656
          ],
          [
            2.5126,
            2.5126,
            1.77656
          ],
          [
            1.26207,
            1.26207,
            3.53097
          ],
          [
            3.79458,
            1.23049,
            3.55867
          ],
          [
            1.23049,
            3.79458,
            3.55867
          ],
          [
            3.76346,
            3.76346,
            3.53035
          ],
          [
            2.51228,
            0.00097,
            5.38965
          ],
          [
            0.00097,
            2.51228,
            5.38965
          ],
          [
            2.51153,
            2.51153,
            5.45715
          ],
          [
            0.00081,
            0.00081,
            5.48386
          ],
          [
            1.23295,
            1.23295,
            6.24975
          ],
          [
            3.79276,
            3.79276,
            6.25085
          ]
        ],
        "Stress": [
          [
            -26.38984,
            0.52967,
            -0.00292
          ],
          [
            0.52967,
            -26.38984,
            -0.00292
          ],
          [
            -0.00292,
            -0.00292,
            -16.47251
          ]
        ],
        "computation_code": "VASP",
        "pseudopotential_information": [
          [
            "PAW_PBE",
            "Ni",
            "02Aug2007"
          ],
          [
            "PAW_PBE",
            "Fe",
            "06Sep2000"
          ],
          [
            "PAW_PBE",
            "O",
            "08Apr2002"
          ]
        ]
      }
    ],
    "EnergyStyle": "electronvolt",
    "ForcesStyle": "electronvoltperangstrom",
    "LatticeStyle": "angstrom",
    "PositionsStyle": "angstrom",
    "StressStyle": "kB"
  }
}