{
  "Dataset": {
    "AtomTypeStyle": "chemicalsymbol",
    "Data": [
      {
        "AtomTypes": [
          "Ni",
          "Ni",
          "Ni",
          "Ni",
          "Ni",
          "Ni",
          "Ni",
          "Ni",
          "Ni",
          "Ni",
          "Ni",
          "Ni",
          "Ni",
          "Ni",
          "Ni",
          "Fe",
          "O",
          "O",
          "H",
          "H"
        ],
        "Energy": -98.46448845,
        "Forces": [
          [
            -0.012223,
            -0.015491,
            0.113927
          ],
          [
            0.001164,
            -0.038227,
            0.144572
          ],
          [
            -0.021564,
            0.015193,
            0.142863
          ],
          [
            0.011529,
            0.008572,
            0.148604
          ],
          [
            0.048824,
            0.025046,
            -0.30716
          ],
          [
            -0.023123,
            -0.029453,
            -0.100022
          ],
          [
            -0.006154,
            0.030343,
            0.000107
          ],
          [
            -0.044709,
            -0.00666,
            -0.143737
          ],
          [
            -0.013564,
            -0.004586,
            -0.00352
          ],
          [
            -0.011312,
            -0.006019,
            0.012952
          ],
          [
            0.000664,
            0.013928,
            -0.008004
          ],
          [
            0.007375,
            0.012856,
            -0.00092
          ],
          [
            0.004425,
            0.012386,
            0.007411
          ],
          [
            -0.011213,
            -0.004769,
            0.008369
          ],
          [
            0.010998,
            -0.003532,
            -0.007571
          ],
          [
            0.021135,
            -0.0148,
            0.019209
          ],
          [
            0.078095,
            0.046615,
            0.023237
          ],
          [
            0.026498,
            -0.016954,
            0.007759
          ],
          [
            -0.064099,
            -0.028412,
            -0.045803
          ],
          [
            -0.002744,
            0.003966,
            -0.012272
          ]
        ],
        "Lattice": [
          [
            5.024700786,
            0.0,
            0.0
          ],
          [
            2.512350393,
            4.351518527,
            0.0
          ],
          [
            0.0,
            0.0,
            19.183191106
          ]
        ],
        "NumAtoms": 20,
        "Positions": [
          [
            3.7689,
            2.17598,
            0.0
          ],
          [
            1.2563,
            2.17598,
            0.0
          ],
          [
            2.5126,
            0.0,
            0.0
          ],
          [
            0.0,
            0.0,
            0.0
          ],
          [
            6.28148,
            3.62661,
            2.05153
          ],
          [
            5.02518,
            1.45064,
            2.05153
          ],
          [
            2.51257,
            1.45064,
            2.05153
          ],
          [
            3.76887,
            3.62661,
            2.05153
          ],
          [
            2.5221,
            2.92387,
            4.13283
          ],
          [
            3.76931,
            0.72849,
            4.1297
          ],
          [
            5.02137,
            2.88485,
            4.07596
          ],
          [
            4.92983,
            4.31033,
            6.02139
          ],
          [
            7.44885,
            4.31768,
            6.51143
          ],
          [
            1.28429,
            2.14128,
            6.1041
          ],
          [
            1.22286,
            0.72391,
            4.1056
          ],
          [
            3.7912,
            2.16677,
            6.15489
          ],
          [
            4.31228,
            1.44142,
            7.89186
          ],
          [
            1.82887,
            2.86434,
            7.83805
          ],
          [
            5.10316,
            1.90035,
            8.26316
          ],
          [
            2.5804,
            2.38057,
            8.25548
          ]
        ],
        "Stress": [
          [
            -14.8306,
            -0.90637,
            1.36987
          ],
          [
            -0.90637,
            -18.02341,
            0.39885
          ],
          [
            1.36987,
            0.39885,
            -12.55328
          ]
        ],
        "computation_code": "VASP",
        "pseudopotential_information": [
          [
            "PAW_PBE",
            "Ni",
            "02Aug2007"
          ],
          [
            "PAW_PBE",
            "Fe",
            "06Sep2000"
          ],
          [
            "PAW_PBE",
            "O",
            "08Apr2002"
          ],
          [
            "PAW_PBE",
            "H",
            "15Jun2001"
          ]
        ]
      }
    ],
    "EnergyStyle": "electronvolt",
    "ForcesStyle": "electronvoltperangstrom",
    "LatticeStyle": "angstrom",
    "PositionsStyle": "angstrom",
    "StressStyle": "kB"
  }
}