{
  "Dataset": {
    "AtomTypeStyle": "chemicalsymbol",
    "Data": [
      {
        "AtomTypes": [
          "Ni",
          "Ni",
          "Ni",
          "Ni",
          "Ni",
          "Ni",
          "Ni",
          "Ni",
          "Ni",
          "Ni",
          "Ni",
          "Ni",
          "Ni",
          "Ni",
          "Ag",
          "Ni",
          "Ni",
          "Ni",
          "Ni",
          "Ni",
          "H"
        ],
        "Energy": -89.73082983,
        "Forces": [
          [
            -0.007515,
            0.002841,
            0.537668
          ],
          [
            0.006851,
            -0.008071,
            0.610961
          ],
          [
            -0.007515,
            -0.002841,
            0.537668
          ],
          [
            0.006851,
            0.008071,
            0.610961
          ],
          [
            -0.002341,
            0.0,
            -0.516437
          ],
          [
            -0.004423,
            0.0,
            -0.561108
          ],
          [
            0.015098,
            0.0,
            -1.377089
          ],
          [
            -0.032241,
            0.0,
            -0.621699
          ],
          [
            -0.474267,
            -0.34867,
            -0.32295
          ],
          [
            0.488161,
            -0.306366,
            -0.360622
          ],
          [
            -0.474267,
            0.34867,
            -0.32295
          ],
          [
            0.488161,
            0.306366,
            -0.360622
          ],
          [
            -0.031222,
            0.0,
            0.025619
          ],
          [
            -0.003531,
            0.0,
            0.049918
          ],
          [
            0.495029,
            0.0,
            0.920178
          ],
          [
            -0.216617,
            0.0,
            0.246366
          ],
          [
            -0.711147,
            0.466068,
            0.407556
          ],
          [
            0.581483,
            0.013233,
            0.114261
          ],
          [
            -0.711147,
            -0.466068,
            0.407556
          ],
          [
            0.581483,
            -0.013233,
            0.114261
          ],
          [
            0.013113,
            0.0,
            -0.139493
          ]
        ],
        "Lattice": [
          [
            7.106,
            0.0,
            0.0
          ],
          [
            0.0,
            5.024699515,
            0.0
          ],
          [
            0.0,
            0.0,
            17.703958439
          ]
        ],
        "NumAtoms": 21,
        "Positions": [
          [
            0.0,
            2.51235,
            0.0
          ],
          [
            3.553,
            2.51235,
            0.0
          ],
          [
            0.0,
            0.0,
            0.0
          ],
          [
            3.553,
            0.0,
            0.0
          ],
          [
            1.7765,
            3.76852,
            1.25617
          ],
          [
            5.3295,
            3.76852,
            1.25617
          ],
          [
            1.7765,
            1.25618,
            1.25617
          ],
          [
            5.3295,
            1.25618,
            1.25617
          ],
          [
            -0.00547,
            5.01677,
            2.47644
          ],
          [
            3.55836,
            5.01556,
            2.49012
          ],
          [
            -0.00547,
            2.52028,
            2.47644
          ],
          [
            3.55836,
            2.52149,
            2.49012
          ],
          [
            1.79999,
            3.76852,
            3.80637
          ],
          [
            5.30582,
            3.76852,
            3.80675
          ],
          [
            1.77197,
            1.25618,
            3.76811
          ],
          [
            5.33815,
            1.25618,
            3.76071
          ],
          [
            -0.00749,
            2.52108,
            4.89519
          ],
          [
            3.55866,
            2.52898,
            5.02431
          ],
          [
            -0.00749,
            5.01597,
            4.89519
          ],
          [
            3.55866,
            5.00807,
            5.02431
          ],
          [
            3.55313,
            1.25617,
            6.07314
          ]
        ],
        "Stress": [
          [
            -1.7828,
            0.0,
            -0.18049
          ],
          [
            0.0,
            -3.64891,
            0.0
          ],
          [
            -0.18049,
            0.0,
            1.8376
          ]
        ],
        "computation_code": "VASP",
        "pseudopotential_information": [
          [
            "PAW_PBE",
            "Ni",
            "02Aug2007"
          ],
          [
            "PAW_PBE",
            "Ag",
            "02Apr2005"
          ],
          [
            "PAW_PBE",
            "H",
            "15Jun2001"
          ]
        ]
      }
    ],
    "EnergyStyle": "electronvolt",
    "ForcesStyle": "electronvoltperangstrom",
    "LatticeStyle": "angstrom",
    "PositionsStyle": "angstrom",
    "StressStyle": "kB"
  }
}