{
  "Dataset": {
    "AtomTypeStyle": "chemicalsymbol",
    "Data": [
      {
        "AtomTypes": [
          "Ni",
          "Ni",
          "Ni",
          "Ni",
          "Ni",
          "Ni",
          "Ni",
          "Ni",
          "Ni",
          "Ni",
          "Ni",
          "Ni",
          "Ni",
          "Ni",
          "Ag",
          "Ni",
          "Ni",
          "Ni",
          "Ni",
          "Ni",
          "H"
        ],
        "Energy": -89.96385365,
        "Forces": [
          [
            0.028574,
            -0.002997,
            0.462328
          ],
          [
            -0.023911,
            -0.017427,
            0.532689
          ],
          [
            0.028574,
            0.002997,
            0.462328
          ],
          [
            -0.023911,
            0.017427,
            0.532689
          ],
          [
            0.014853,
            0.0,
            -0.462397
          ],
          [
            -0.04704,
            0.0,
            -0.905533
          ],
          [
            -0.02718,
            0.0,
            -0.857648
          ],
          [
            -0.015593,
            0.0,
            -0.698594
          ],
          [
            0.215791,
            0.398028,
            0.302132
          ],
          [
            -0.091633,
            0.160024,
            -0.032024
          ],
          [
            0.215791,
            -0.398028,
            0.302132
          ],
          [
            -0.091633,
            -0.160024,
            -0.032024
          ],
          [
            -0.091363,
            0.0,
            0.048056
          ],
          [
            -0.104678,
            0.0,
            -0.087212
          ],
          [
            -0.790123,
            0.0,
            0.094962
          ],
          [
            0.066187,
            0.0,
            0.059712
          ],
          [
            -0.186076,
            -0.135911,
            -0.008275
          ],
          [
            0.549085,
            0.241028,
            0.152591
          ],
          [
            -0.186076,
            0.135911,
            -0.008275
          ],
          [
            0.549085,
            -0.241028,
            0.152591
          ],
          [
            0.011275,
            0.0,
            -0.010228
          ]
        ],
        "Lattice": [
          [
            7.106,
            0.0,
            0.0
          ],
          [
            0.0,
            5.024699515,
            0.0
          ],
          [
            0.0,
            0.0,
            17.703958439
          ]
        ],
        "NumAtoms": 21,
        "Positions": [
          [
            0.0,
            2.51235,
            0.0
          ],
          [
            3.553,
            2.51235,
            0.0
          ],
          [
            0.0,
            0.0,
            0.0
          ],
          [
            3.553,
            0.0,
            0.0
          ],
          [
            1.7765,
            3.76852,
            1.25617
          ],
          [
            5.3295,
            3.76852,
            1.25617
          ],
          [
            1.7765,
            1.25618,
            1.25617
          ],
          [
            5.3295,
            1.25618,
            1.25617
          ],
          [
            -0.05469,
            4.97822,
            2.44104
          ],
          [
            3.60659,
            4.98433,
            2.45569
          ],
          [
            -0.05469,
            2.55883,
            2.44104
          ],
          [
            3.60659,
            2.55272,
            2.45569
          ],
          [
            1.79781,
            3.76852,
            3.80831
          ],
          [
            5.30631,
            3.76852,
            3.81212
          ],
          [
            1.83048,
            1.25618,
            3.85769
          ],
          [
            5.31666,
            1.25618,
            3.78376
          ],
          [
            -0.07494,
            2.56759,
            4.93604
          ],
          [
            3.60965,
            2.52807,
            5.03416
          ],
          [
            -0.07494,
            4.96946,
            4.93604
          ],
          [
            3.60965,
            5.00898,
            5.03416
          ],
          [
            3.55425,
            1.25617,
            6.05975
          ]
        ],
        "Stress": [
          [
            -5.28313,
            0.0,
            1.80192
          ],
          [
            0.0,
            -3.23501,
            0.0
          ],
          [
            1.80192,
            0.0,
            -3.81403
          ]
        ],
        "computation_code": "VASP",
        "pseudopotential_information": [
          [
            "PAW_PBE",
            "Ni",
            "02Aug2007"
          ],
          [
            "PAW_PBE",
            "Ag",
            "02Apr2005"
          ],
          [
            "PAW_PBE",
            "H",
            "15Jun2001"
          ]
        ]
      }
    ],
    "EnergyStyle": "electronvolt",
    "ForcesStyle": "electronvoltperangstrom",
    "LatticeStyle": "angstrom",
    "PositionsStyle": "angstrom",
    "StressStyle": "kB"
  }
}