{
  "Dataset": {
    "AtomTypeStyle": "chemicalsymbol",
    "Data": [
      {
        "AtomTypes": [
          "Ni",
          "Ni",
          "Ni",
          "Ni",
          "Ni",
          "Ni",
          "Ni",
          "Ni",
          "Ni",
          "Ni",
          "Ni",
          "Ni",
          "Ni",
          "Ag",
          "Ni",
          "Ni",
          "Ni",
          "Ni",
          "Ni",
          "Ni",
          "H"
        ],
        "Energy": -90.23147965,
        "Forces": [
          [
            0.019594,
            -0.025557,
            0.604643
          ],
          [
            -0.014241,
            -0.030354,
            0.584051
          ],
          [
            0.019594,
            0.025557,
            0.604643
          ],
          [
            -0.014241,
            0.030354,
            0.584051
          ],
          [
            -0.071267,
            0.0,
            -0.665172
          ],
          [
            0.106192,
            0.0,
            -0.458449
          ],
          [
            -0.031634,
            0.0,
            -0.841581
          ],
          [
            0.028539,
            0.0,
            -0.356387
          ],
          [
            -0.009381,
            -0.003358,
            -0.001804
          ],
          [
            0.01022,
            0.022364,
            -0.002639
          ],
          [
            -0.009381,
            0.003358,
            -0.001804
          ],
          [
            0.01022,
            -0.022364,
            -0.002639
          ],
          [
            -0.011913,
            0.0,
            -0.006314
          ],
          [
            0.008732,
            0.0,
            -0.007047
          ],
          [
            0.010827,
            0.0,
            -0.010837
          ],
          [
            -0.003572,
            0.0,
            0.000346
          ],
          [
            -0.001053,
            -0.002721,
            -0.001997
          ],
          [
            -0.017881,
            -0.024999,
            0.001844
          ],
          [
            -0.001053,
            0.002721,
            -0.001997
          ],
          [
            -0.017881,
            0.024999,
            0.001844
          ],
          [
            -0.010418,
            0.0,
            -0.022755
          ]
        ],
        "Lattice": [
          [
            7.106,
            0.0,
            0.0
          ],
          [
            0.0,
            5.024699515,
            0.0
          ],
          [
            0.0,
            0.0,
            17.703958439
          ]
        ],
        "NumAtoms": 21,
        "Positions": [
          [
            0.0,
            2.51235,
            0.0
          ],
          [
            3.553,
            2.51235,
            0.0
          ],
          [
            0.0,
            0.0,
            0.0
          ],
          [
            3.553,
            0.0,
            0.0
          ],
          [
            1.7765,
            3.76852,
            1.25617
          ],
          [
            5.3295,
            3.76852,
            1.25617
          ],
          [
            1.7765,
            1.25618,
            1.25617
          ],
          [
            5.3295,
            1.25618,
            1.25617
          ],
          [
            -0.02081,
            0.01058,
            2.49658
          ],
          [
            3.57044,
            0.0068,
            2.47573
          ],
          [
            -0.02081,
            2.50177,
            2.49658
          ],
          [
            3.57044,
            2.50555,
            2.47573
          ],
          [
            1.80326,
            3.76852,
            3.70385
          ],
          [
            5.2993,
            3.76852,
            4.12106
          ],
          [
            1.79429,
            1.25618,
            3.67731
          ],
          [
            5.32814,
            1.25618,
            3.92184
          ],
          [
            0.23567,
            2.47254,
            4.98112
          ],
          [
            3.29832,
            2.46326,
            5.07193
          ],
          [
            0.23567,
            0.03981,
            4.98112
          ],
          [
            3.29832,
            0.04909,
            5.07193
          ],
          [
            3.562,
            1.25617,
            6.13533
          ]
        ],
        "Stress": [
          [
            -13.35746,
            0.0,
            -0.45645
          ],
          [
            0.0,
            -7.00927,
            0.0
          ],
          [
            -0.45645,
            0.0,
            -10.50116
          ]
        ],
        "computation_code": "VASP",
        "pseudopotential_information": [
          [
            "PAW_PBE",
            "Ni",
            "02Aug2007"
          ],
          [
            "PAW_PBE",
            "Ag",
            "02Apr2005"
          ],
          [
            "PAW_PBE",
            "H",
            "15Jun2001"
          ]
        ]
      }
    ],
    "EnergyStyle": "electronvolt",
    "ForcesStyle": "electronvoltperangstrom",
    "LatticeStyle": "angstrom",
    "PositionsStyle": "angstrom",
    "StressStyle": "kB"
  }
}