{
  "Dataset": {
    "AtomTypeStyle": "chemicalsymbol",
    "Data": [
      {
        "AtomTypes": [
          "Ni",
          "Ni",
          "Ni",
          "Ni",
          "Ni",
          "Ni",
          "Ni",
          "Ni",
          "Ag",
          "Ni",
          "Ni",
          "Ni",
          "Ni",
          "Ni",
          "Ni",
          "Ni",
          "H"
        ],
        "Energy": -72.82981678,
        "Forces": [
          [
            0.0,
            0.0,
            0.314079
          ],
          [
            0.0,
            0.0,
            0.405466
          ],
          [
            0.0,
            0.0,
            0.361706
          ],
          [
            0.0,
            0.0,
            0.299671
          ],
          [
            -0.297797,
            -0.221573,
            -0.432197
          ],
          [
            0.297797,
            -0.221573,
            -0.432197
          ],
          [
            -0.297797,
            0.221573,
            -0.432197
          ],
          [
            0.297797,
            0.221573,
            -0.432197
          ],
          [
            0.0,
            0.0,
            0.029645
          ],
          [
            0.0,
            0.0,
            -0.002215
          ],
          [
            0.0,
            0.0,
            0.094803
          ],
          [
            0.0,
            0.0,
            0.123759
          ],
          [
            0.02646,
            -0.013554,
            0.001288
          ],
          [
            -0.02646,
            -0.013554,
            0.001288
          ],
          [
            0.02646,
            0.013554,
            0.001288
          ],
          [
            -0.02646,
            0.013554,
            0.001288
          ],
          [
            0.0,
            0.0,
            0.096725
          ]
        ],
        "Lattice": [
          [
            5.025196436,
            0.0,
            0.0
          ],
          [
            0.0,
            5.025196436,
            0.0
          ],
          [
            0.0,
            0.0,
            17.427492376
          ]
        ],
        "NumAtoms": 17,
        "Positions": [
          [
            3.7689,
            1.2563,
            0.0
          ],
          [
            3.7689,
            3.7689,
            0.0
          ],
          [
            1.2563,
            1.2563,
            0.0
          ],
          [
            1.2563,
            3.7689,
            0.0
          ],
          [
            0.0,
            0.0,
            1.77656
          ],
          [
            2.5126,
            0.0,
            1.77656
          ],
          [
            0.0,
            2.5126,
            1.77656
          ],
          [
            2.5126,
            2.5126,
            1.77656
          ],
          [
            1.2563,
            1.2563,
            3.67478
          ],
          [
            3.7689,
            1.2563,
            3.70878
          ],
          [
            1.2563,
            3.7689,
            3.61172
          ],
          [
            3.7689,
            3.7689,
            3.61414
          ],
          [
            -0.0366,
            -0.04737,
            5.49013
          ],
          [
            2.5492,
            -0.04737,
            5.49013
          ],
          [
            -0.0366,
            2.55997,
            5.49013
          ],
          [
            2.5492,
            2.55997,
            5.49013
          ],
          [
            1.2563,
            3.7689,
            5.98352
          ]
        ],
        "Stress": [
          [
            -12.94132,
            0.0,
            0.0
          ],
          [
            0.0,
            -11.41492,
            0.0
          ],
          [
            0.0,
            0.0,
            -8.21743
          ]
        ],
        "computation_code": "VASP",
        "pseudopotential_information": [
          [
            "PAW_PBE",
            "Ni",
            "02Aug2007"
          ],
          [
            "PAW_PBE",
            "Ag",
            "02Apr2005"
          ],
          [
            "PAW_PBE",
            "H",
            "15Jun2001"
          ]
        ]
      }
    ],
    "EnergyStyle": "electronvolt",
    "ForcesStyle": "electronvoltperangstrom",
    "LatticeStyle": "angstrom",
    "PositionsStyle": "angstrom",
    "StressStyle": "kB"
  }
}