{
  "Dataset": {
    "AtomTypeStyle": "chemicalsymbol",
    "Data": [
      {
        "AtomTypes": [
          "Ni",
          "Ni",
          "Ni",
          "Ni",
          "Ni",
          "Ni",
          "Ni",
          "Ni",
          "Ni",
          "Ni",
          "Ni",
          "Ni",
          "Ni",
          "Ni",
          "Ag",
          "Ni",
          "Ni",
          "Ni",
          "Ni",
          "Ni",
          "H"
        ],
        "Energy": -90.19869086,
        "Forces": [
          [
            -0.02745,
            0.006069,
            0.615761
          ],
          [
            0.017133,
            -0.003398,
            0.60177
          ],
          [
            -0.02745,
            -0.006069,
            0.615761
          ],
          [
            0.017133,
            0.003398,
            0.60177
          ],
          [
            -0.063289,
            0.0,
            -0.350345
          ],
          [
            0.060161,
            0.0,
            -0.84377
          ],
          [
            -0.02781,
            0.0,
            -0.461955
          ],
          [
            0.02326,
            0.0,
            -0.692437
          ],
          [
            -0.004132,
            -0.008516,
            -0.007943
          ],
          [
            -0.004326,
            -0.007773,
            -0.001074
          ],
          [
            -0.004132,
            0.008516,
            -0.007943
          ],
          [
            -0.004326,
            0.007773,
            -0.001074
          ],
          [
            -0.001856,
            0.0,
            0.006296
          ],
          [
            0.000589,
            0.0,
            -0.011831
          ],
          [
            0.000555,
            0.0,
            -0.019674
          ],
          [
            0.00343,
            0.0,
            -0.013723
          ],
          [
            0.001385,
            0.000487,
            -0.01329
          ],
          [
            0.009623,
            0.008681,
            -0.006005
          ],
          [
            0.001385,
            -0.000487,
            -0.01329
          ],
          [
            0.009623,
            -0.008681,
            -0.006005
          ],
          [
            0.020494,
            0.0,
            0.008999
          ]
        ],
        "Lattice": [
          [
            7.106,
            0.0,
            0.0
          ],
          [
            0.0,
            5.024699515,
            0.0
          ],
          [
            0.0,
            0.0,
            17.703958439
          ]
        ],
        "NumAtoms": 21,
        "Positions": [
          [
            0.0,
            2.51235,
            0.0
          ],
          [
            3.553,
            2.51235,
            0.0
          ],
          [
            0.0,
            0.0,
            0.0
          ],
          [
            3.553,
            0.0,
            0.0
          ],
          [
            1.7765,
            3.76852,
            1.25617
          ],
          [
            5.3295,
            3.76852,
            1.25617
          ],
          [
            1.7765,
            1.25618,
            1.25617
          ],
          [
            5.3295,
            1.25618,
            1.25617
          ],
          [
            0.02613,
            5.01601,
            2.49948
          ],
          [
            3.52931,
            -0.01347,
            2.48066
          ],
          [
            0.02613,
            2.52104,
            2.49948
          ],
          [
            3.52931,
            2.52582,
            2.48066
          ],
          [
            1.78294,
            3.76852,
            3.91953
          ],
          [
            5.30763,
            3.76852,
            3.66782
          ],
          [
            1.78249,
            1.25618,
            4.14173
          ],
          [
            5.32024,
            1.25618,
            3.68999
          ],
          [
            -0.25564,
            2.56012,
            4.99562
          ],
          [
            3.81804,
            2.53775,
            5.0684
          ],
          [
            -0.25564,
            4.97693,
            4.99562
          ],
          [
            3.81804,
            4.9993,
            5.0684
          ],
          [
            3.57438,
            1.25617,
            6.06126
          ]
        ],
        "Stress": [
          [
            -13.5861,
            0.0,
            0.45297
          ],
          [
            0.0,
            -7.88964,
            0.0
          ],
          [
            0.45297,
            0.0,
            -10.77903
          ]
        ],
        "computation_code": "VASP",
        "pseudopotential_information": [
          [
            "PAW_PBE",
            "Ni",
            "02Aug2007"
          ],
          [
            "PAW_PBE",
            "Ag",
            "02Apr2005"
          ],
          [
            "PAW_PBE",
            "H",
            "15Jun2001"
          ]
        ]
      }
    ],
    "EnergyStyle": "electronvolt",
    "ForcesStyle": "electronvoltperangstrom",
    "LatticeStyle": "angstrom",
    "PositionsStyle": "angstrom",
    "StressStyle": "kB"
  }
}