{
  "Dataset": {
    "AtomTypeStyle": "chemicalsymbol",
    "Data": [
      {
        "AtomTypes": [
          "Ni",
          "Ni",
          "Ni",
          "Ni",
          "Ni",
          "Ni",
          "Ni",
          "Ni",
          "Ag",
          "Ni",
          "Ni",
          "Ni",
          "Ni",
          "Ni",
          "Ni",
          "Ni",
          "O",
          "H"
        ],
        "Energy": -79.72206666,
        "Forces": [
          [
            0.043084,
            0.0,
            0.332694
          ],
          [
            0.005958,
            0.0,
            0.408836
          ],
          [
            -0.035376,
            0.0,
            0.375177
          ],
          [
            -0.019703,
            0.0,
            0.323144
          ],
          [
            -0.262738,
            -0.25897,
            -0.341029
          ],
          [
            0.279583,
            -0.279323,
            -0.336427
          ],
          [
            -0.262738,
            0.25897,
            -0.341029
          ],
          [
            0.279583,
            0.279323,
            -0.336427
          ],
          [
            -0.07564,
            0.0,
            0.104763
          ],
          [
            0.08046,
            0.0,
            -0.055904
          ],
          [
            -0.003054,
            0.0,
            -0.034518
          ],
          [
            7.6e-05,
            0.0,
            -0.059611
          ],
          [
            5.5e-05,
            -0.00121,
            -0.059431
          ],
          [
            -0.004329,
            -0.030692,
            0.016394
          ],
          [
            5.5e-05,
            0.00121,
            -0.059431
          ],
          [
            -0.004329,
            0.030692,
            0.016394
          ],
          [
            0.124897,
            0.0,
            0.02388
          ],
          [
            -0.145841,
            0.0,
            0.022527
          ]
        ],
        "Lattice": [
          [
            5.025196436,
            0.0,
            0.0
          ],
          [
            0.0,
            5.025196436,
            0.0
          ],
          [
            0.0,
            0.0,
            17.427492376
          ]
        ],
        "NumAtoms": 18,
        "Positions": [
          [
            3.7689,
            1.2563,
            0.0
          ],
          [
            3.7689,
            3.7689,
            0.0
          ],
          [
            1.2563,
            1.2563,
            0.0
          ],
          [
            1.2563,
            3.7689,
            0.0
          ],
          [
            0.0,
            0.0,
            1.77656
          ],
          [
            2.5126,
            0.0,
            1.77656
          ],
          [
            0.0,
            2.5126,
            1.77656
          ],
          [
            2.5126,
            2.5126,
            1.77656
          ],
          [
            1.2907,
            1.2563,
            3.68728
          ],
          [
            3.77225,
            1.2563,
            3.69835
          ],
          [
            1.23563,
            3.7689,
            3.68531
          ],
          [
            3.74235,
            3.7689,
            3.65996
          ],
          [
            4.96253,
            -0.02223,
            5.44698
          ],
          [
            2.54204,
            0.00309,
            5.61884
          ],
          [
            4.96253,
            2.53482,
            5.44698
          ],
          [
            2.54204,
            2.50951,
            5.61884
          ],
          [
            2.40993,
            3.7689,
            7.09747
          ],
          [
            3.27343,
            3.7689,
            7.56494
          ]
        ],
        "Stress": [
          [
            -10.95939,
            0.0,
            -0.54836
          ],
          [
            0.0,
            -15.52664,
            0.0
          ],
          [
            -0.54836,
            0.0,
            -15.10467
          ]
        ],
        "computation_code": "VASP",
        "pseudopotential_information": [
          [
            "PAW_PBE",
            "Ni",
            "02Aug2007"
          ],
          [
            "PAW_PBE",
            "Ag",
            "02Apr2005"
          ],
          [
            "PAW_PBE",
            "O",
            "08Apr2002"
          ],
          [
            "PAW_PBE",
            "H",
            "15Jun2001"
          ]
        ]
      }
    ],
    "EnergyStyle": "electronvolt",
    "ForcesStyle": "electronvoltperangstrom",
    "LatticeStyle": "angstrom",
    "PositionsStyle": "angstrom",
    "StressStyle": "kB"
  }
}