{
  "Dataset": {
    "AtomTypeStyle": "chemicalsymbol",
    "Data": [
      {
        "AtomTypes": [
          "Ni",
          "Ni",
          "Ni",
          "Ni",
          "Ni",
          "Ni",
          "Ni",
          "Ni",
          "Ni",
          "Ni",
          "Ni",
          "Ni",
          "Ag",
          "Ni",
          "Ni",
          "Ni",
          "O"
        ],
        "Energy": -77.18509329,
        "Forces": [
          [
            -0.015841,
            -0.008699,
            0.332642
          ],
          [
            0.017472,
            0.017472,
            0.270917
          ],
          [
            0.009724,
            0.009724,
            0.275516
          ],
          [
            -0.008699,
            -0.015841,
            0.332642
          ],
          [
            -0.167726,
            -0.167726,
            -0.477602
          ],
          [
            0.15982,
            -0.139589,
            -0.381026
          ],
          [
            -0.139589,
            0.15982,
            -0.381026
          ],
          [
            0.150521,
            0.150521,
            -0.46407
          ],
          [
            0.178684,
            0.178684,
            0.519457
          ],
          [
            -0.113966,
            -0.00973,
            0.207904
          ],
          [
            -0.00973,
            -0.113966,
            0.207904
          ],
          [
            0.113977,
            0.113977,
            -0.296448
          ],
          [
            -0.053584,
            -0.053584,
            0.246727
          ],
          [
            -0.398683,
            0.425896,
            -0.187996
          ],
          [
            0.425896,
            -0.398683,
            -0.187996
          ],
          [
            -0.468862,
            -0.468862,
            0.407555
          ],
          [
            0.320586,
            0.320586,
            -0.425101
          ]
        ],
        "Lattice": [
          [
            5.025196436,
            0.0,
            0.0
          ],
          [
            0.0,
            5.025196436,
            0.0
          ],
          [
            0.0,
            0.0,
            17.427492376
          ]
        ],
        "NumAtoms": 17,
        "Positions": [
          [
            3.7689,
            1.2563,
            0.0
          ],
          [
            3.7689,
            3.7689,
            0.0
          ],
          [
            1.2563,
            1.2563,
            0.0
          ],
          [
            1.2563,
            3.7689,
            0.0
          ],
          [
            0.0,
            0.0,
            1.77656
          ],
          [
            2.5126,
            0.0,
            1.77656
          ],
          [
            0.0,
            2.5126,
            1.77656
          ],
          [
            2.5126,
            2.5126,
            1.77656
          ],
          [
            1.23819,
            1.23819,
            3.42469
          ],
          [
            3.78101,
            1.2644,
            3.53929
          ],
          [
            1.2644,
            3.78101,
            3.53929
          ],
          [
            3.76784,
            3.76784,
            3.60602
          ],
          [
            -0.18355,
            -0.18355,
            5.74489
          ],
          [
            2.37018,
            0.10186,
            5.36586
          ],
          [
            0.10186,
            2.37018,
            5.36586
          ],
          [
            2.64159,
            2.64159,
            5.33998
          ],
          [
            1.48186,
            1.48186,
            6.36176
          ]
        ],
        "Stress": [
          [
            -17.54914,
            3.9069,
            -0.13115
          ],
          [
            3.9069,
            -17.54914,
            -0.13115
          ],
          [
            -0.13115,
            -0.13115,
            -12.21899
          ]
        ],
        "computation_code": "VASP",
        "pseudopotential_information": [
          [
            "PAW_PBE",
            "Ni",
            "02Aug2007"
          ],
          [
            "PAW_PBE",
            "Ag",
            "02Apr2005"
          ],
          [
            "PAW_PBE",
            "O",
            "08Apr2002"
          ]
        ]
      }
    ],
    "EnergyStyle": "electronvolt",
    "ForcesStyle": "electronvoltperangstrom",
    "LatticeStyle": "angstrom",
    "PositionsStyle": "angstrom",
    "StressStyle": "kB"
  }
}