{
  "Dataset": {
    "AtomTypeStyle": "chemicalsymbol",
    "Data": [
      {
        "AtomTypes": [
          "Ni",
          "Ni",
          "Ni",
          "Ni",
          "Ni",
          "Ni",
          "Ni",
          "Ni",
          "Ni",
          "Ag",
          "Ni",
          "Ni",
          "Ni",
          "Ni",
          "Ni",
          "Ni",
          "H"
        ],
        "Energy": -72.81761932,
        "Forces": [
          [
            0.0,
            0.0,
            0.383865
          ],
          [
            0.0,
            0.0,
            0.317241
          ],
          [
            0.0,
            0.0,
            0.31708
          ],
          [
            0.0,
            0.0,
            0.389918
          ],
          [
            0.232517,
            -0.232523,
            -0.354036
          ],
          [
            -0.232517,
            -0.232523,
            -0.354036
          ],
          [
            0.232517,
            0.232523,
            -0.354036
          ],
          [
            -0.232517,
            0.232523,
            -0.354036
          ],
          [
            0.0,
            0.0,
            -0.01353
          ],
          [
            0.0,
            0.0,
            0.07632
          ],
          [
            0.0,
            0.0,
            -0.052228
          ],
          [
            0.0,
            0.0,
            -0.013531
          ],
          [
            -0.026333,
            0.026332,
            -0.019917
          ],
          [
            0.026333,
            0.026332,
            -0.019917
          ],
          [
            -0.026333,
            -0.026332,
            -0.019917
          ],
          [
            0.026333,
            -0.026332,
            -0.019917
          ],
          [
            0.0,
            0.0,
            0.090677
          ]
        ],
        "Lattice": [
          [
            5.025196436,
            0.0,
            0.0
          ],
          [
            0.0,
            5.025196436,
            0.0
          ],
          [
            0.0,
            0.0,
            17.427492376
          ]
        ],
        "NumAtoms": 17,
        "Positions": [
          [
            3.7689,
            1.2563,
            0.0
          ],
          [
            3.7689,
            3.7689,
            0.0
          ],
          [
            1.2563,
            1.2563,
            0.0
          ],
          [
            1.2563,
            3.7689,
            0.0
          ],
          [
            0.0,
            0.0,
            1.77656
          ],
          [
            2.5126,
            0.0,
            1.77656
          ],
          [
            0.0,
            2.5126,
            1.77656
          ],
          [
            2.5126,
            2.5126,
            1.77656
          ],
          [
            1.2563,
            1.2563,
            3.67582
          ],
          [
            3.7689,
            1.2563,
            3.70194
          ],
          [
            1.2563,
            3.7689,
            3.62173
          ],
          [
            3.7689,
            3.7689,
            3.67582
          ],
          [
            0.04225,
            -0.04225,
            5.50981
          ],
          [
            2.47035,
            -0.04225,
            5.50981
          ],
          [
            0.04225,
            2.55485,
            5.50981
          ],
          [
            2.47035,
            2.55485,
            5.50981
          ],
          [
            1.2563,
            3.7689,
            6.09166
          ]
        ],
        "Stress": [
          [
            -13.69835,
            0.0,
            0.0
          ],
          [
            0.0,
            -13.69779,
            0.0
          ],
          [
            0.0,
            0.0,
            -11.73312
          ]
        ],
        "computation_code": "VASP",
        "pseudopotential_information": [
          [
            "PAW_PBE",
            "Ni",
            "02Aug2007"
          ],
          [
            "PAW_PBE",
            "Ag",
            "02Apr2005"
          ],
          [
            "PAW_PBE",
            "H",
            "15Jun2001"
          ]
        ]
      }
    ],
    "EnergyStyle": "electronvolt",
    "ForcesStyle": "electronvoltperangstrom",
    "LatticeStyle": "angstrom",
    "PositionsStyle": "angstrom",
    "StressStyle": "kB"
  }
}