{
  "Dataset": {
    "AtomTypeStyle": "chemicalsymbol",
    "Data": [
      {
        "AtomTypes": [
          "Ni",
          "Ni",
          "Ni",
          "Ni",
          "Ni",
          "Ni",
          "Ni",
          "Ni",
          "Ag",
          "Ni",
          "Ni",
          "Ni",
          "Ni",
          "Ni",
          "Ni",
          "Ni",
          "O",
          "H"
        ],
        "Energy": -79.72761979,
        "Forces": [
          [
            0.041619,
            0.0,
            0.327095
          ],
          [
            0.006648,
            0.0,
            0.404791
          ],
          [
            -0.034853,
            0.0,
            0.373341
          ],
          [
            -0.018577,
            0.0,
            0.319356
          ],
          [
            -0.227723,
            -0.231386,
            -0.339585
          ],
          [
            0.250513,
            -0.255309,
            -0.34625
          ],
          [
            -0.227723,
            0.231386,
            -0.339585
          ],
          [
            0.250513,
            0.255309,
            -0.34625
          ],
          [
            -0.024274,
            0.0,
            0.002582
          ],
          [
            0.028356,
            0.0,
            0.017138
          ],
          [
            -0.004141,
            0.0,
            0.004218
          ],
          [
            -0.004617,
            0.0,
            0.010225
          ],
          [
            0.002494,
            0.008326,
            -0.018973
          ],
          [
            0.008092,
            -0.004062,
            -0.00817
          ],
          [
            0.002494,
            -0.008326,
            -0.018973
          ],
          [
            0.008092,
            0.004062,
            -0.00817
          ],
          [
            -0.020053,
            0.0,
            -0.017496
          ],
          [
            -0.036859,
            0.0,
            -0.015293
          ]
        ],
        "Lattice": [
          [
            5.025196436,
            0.0,
            0.0
          ],
          [
            0.0,
            5.025196436,
            0.0
          ],
          [
            0.0,
            0.0,
            17.427492376
          ]
        ],
        "NumAtoms": 18,
        "Positions": [
          [
            3.7689,
            1.2563,
            0.0
          ],
          [
            3.7689,
            3.7689,
            0.0
          ],
          [
            1.2563,
            1.2563,
            0.0
          ],
          [
            1.2563,
            3.7689,
            0.0
          ],
          [
            0.0,
            0.0,
            1.77656
          ],
          [
            2.5126,
            0.0,
            1.77656
          ],
          [
            0.0,
            2.5126,
            1.77656
          ],
          [
            2.5126,
            2.5126,
            1.77656
          ],
          [
            1.2976,
            1.2563,
            3.70331
          ],
          [
            3.78011,
            1.2563,
            3.67982
          ],
          [
            1.2352,
            3.7689,
            3.67403
          ],
          [
            3.73821,
            3.7689,
            3.64339
          ],
          [
            4.95466,
            -0.02702,
            5.43374
          ],
          [
            2.54327,
            -0.00152,
            5.63344
          ],
          [
            4.95466,
            2.53962,
            5.43374
          ],
          [
            2.54327,
            2.51412,
            5.63344
          ],
          [
            2.41443,
            3.7689,
            7.11631
          ],
          [
            3.24807,
            3.7689,
            7.63003
          ]
        ],
        "Stress": [
          [
            -10.57085,
            0.0,
            -0.68913
          ],
          [
            0.0,
            -15.38663,
            0.0
          ],
          [
            -0.68913,
            0.0,
            -15.56537
          ]
        ],
        "computation_code": "VASP",
        "pseudopotential_information": [
          [
            "PAW_PBE",
            "Ni",
            "02Aug2007"
          ],
          [
            "PAW_PBE",
            "Ag",
            "02Apr2005"
          ],
          [
            "PAW_PBE",
            "O",
            "08Apr2002"
          ],
          [
            "PAW_PBE",
            "H",
            "15Jun2001"
          ]
        ]
      }
    ],
    "EnergyStyle": "electronvolt",
    "ForcesStyle": "electronvoltperangstrom",
    "LatticeStyle": "angstrom",
    "PositionsStyle": "angstrom",
    "StressStyle": "kB"
  }
}