{
  "Dataset": {
    "AtomTypeStyle": "chemicalsymbol",
    "Data": [
      {
        "AtomTypes": [
          "Ni",
          "Ni",
          "Ni",
          "Ni",
          "Ni",
          "Ni",
          "Ni",
          "Ni",
          "Ni",
          "Ni",
          "Ni",
          "Ni",
          "Ag",
          "Ni",
          "Ni",
          "Ni",
          "H"
        ],
        "Energy": -74.08860357,
        "Forces": [
          [
            -0.01157,
            0.01157,
            0.314248
          ],
          [
            -0.021844,
            -0.011098,
            0.306587
          ],
          [
            0.011098,
            0.021844,
            0.306587
          ],
          [
            0.021672,
            -0.021672,
            0.297347
          ],
          [
            -0.068075,
            0.068075,
            -0.378925
          ],
          [
            0.04571,
            0.085184,
            -0.378088
          ],
          [
            -0.085184,
            -0.04571,
            -0.378088
          ],
          [
            0.053891,
            -0.053891,
            -0.419492
          ],
          [
            0.004778,
            0.075714,
            0.034974
          ],
          [
            -0.020989,
            0.020989,
            -0.017
          ],
          [
            0.074105,
            -0.074105,
            -0.012558
          ],
          [
            -0.075714,
            -0.004778,
            0.034974
          ],
          [
            -0.126232,
            0.126232,
            0.10363
          ],
          [
            -0.020968,
            -0.059424,
            0.136392
          ],
          [
            0.059424,
            0.020968,
            0.136392
          ],
          [
            0.118744,
            -0.118744,
            -0.125131
          ],
          [
            0.041154,
            -0.041154,
            0.03815
          ]
        ],
        "Lattice": [
          [
            5.025196436,
            0.0,
            0.0
          ],
          [
            0.0,
            5.025196436,
            0.0
          ],
          [
            0.0,
            0.0,
            17.427492376
          ]
        ],
        "NumAtoms": 17,
        "Positions": [
          [
            3.7689,
            1.2563,
            0.0
          ],
          [
            3.7689,
            3.7689,
            0.0
          ],
          [
            1.2563,
            1.2563,
            0.0
          ],
          [
            1.2563,
            3.7689,
            0.0
          ],
          [
            0.0,
            0.0,
            1.77656
          ],
          [
            2.5126,
            0.0,
            1.77656
          ],
          [
            0.0,
            2.5126,
            1.77656
          ],
          [
            2.5126,
            2.5126,
            1.77656
          ],
          [
            1.2446,
            1.25337,
            3.54134
          ],
          [
            3.77091,
            1.25428,
            3.58865
          ],
          [
            1.24293,
            3.78226,
            3.50273
          ],
          [
            3.77182,
            3.78059,
            3.54134
          ],
          [
            -0.10077,
            0.10077,
            5.8175
          ],
          [
            2.41953,
            -0.03488,
            5.23347
          ],
          [
            0.03488,
            2.60567,
            5.23347
          ],
          [
            2.51677,
            2.50843,
            5.28057
          ],
          [
            1.42802,
            3.59717,
            5.96235
          ]
        ],
        "Stress": [
          [
            -16.00183,
            -2.59354,
            0.67239
          ],
          [
            -2.59354,
            -16.00183,
            -0.67239
          ],
          [
            0.67239,
            -0.67239,
            -6.62442
          ]
        ],
        "computation_code": "VASP",
        "pseudopotential_information": [
          [
            "PAW_PBE",
            "Ni",
            "02Aug2007"
          ],
          [
            "PAW_PBE",
            "Ag",
            "02Apr2005"
          ],
          [
            "PAW_PBE",
            "H",
            "15Jun2001"
          ]
        ]
      }
    ],
    "EnergyStyle": "electronvolt",
    "ForcesStyle": "electronvoltperangstrom",
    "LatticeStyle": "angstrom",
    "PositionsStyle": "angstrom",
    "StressStyle": "kB"
  }
}