{
  "Dataset": {
    "AtomTypeStyle": "chemicalsymbol",
    "Data": [
      {
        "AtomTypes": [
          "Ni",
          "Ni",
          "Ni",
          "Ni",
          "Ni",
          "Ni",
          "Ni",
          "Ni",
          "Ag",
          "Ni",
          "Ni",
          "Ni",
          "Ni",
          "Ni",
          "Ni",
          "Ni",
          "H"
        ],
        "Energy": -72.65288748,
        "Forces": [
          [
            -0.0,
            0.0,
            0.295261
          ],
          [
            -0.0,
            0.0,
            0.395749
          ],
          [
            -0.0,
            0.0,
            0.333786
          ],
          [
            -0.0,
            0.0,
            0.279077
          ],
          [
            -0.405811,
            -0.328347,
            -0.688535
          ],
          [
            0.405811,
            -0.328347,
            -0.688535
          ],
          [
            -0.405811,
            0.328347,
            -0.688535
          ],
          [
            0.405811,
            0.328347,
            -0.688535
          ],
          [
            -0.0,
            0.0,
            1.15286
          ],
          [
            -0.0,
            0.0,
            0.263153
          ],
          [
            -0.0,
            0.0,
            0.07035
          ],
          [
            -0.0,
            0.0,
            -0.275033
          ],
          [
            0.276173,
            0.83962,
            0.022265
          ],
          [
            -0.276173,
            0.83962,
            0.022265
          ],
          [
            0.276173,
            -0.83962,
            0.022265
          ],
          [
            -0.276173,
            -0.83962,
            0.022265
          ],
          [
            -0.0,
            0.0,
            0.149875
          ]
        ],
        "Lattice": [
          [
            5.025196436,
            0.0,
            0.0
          ],
          [
            0.0,
            5.025196436,
            0.0
          ],
          [
            0.0,
            0.0,
            17.427492376
          ]
        ],
        "NumAtoms": 17,
        "Positions": [
          [
            3.7689,
            1.2563,
            0.0
          ],
          [
            3.7689,
            3.7689,
            0.0
          ],
          [
            1.2563,
            1.2563,
            0.0
          ],
          [
            1.2563,
            3.7689,
            0.0
          ],
          [
            0.0,
            0.0,
            1.77656
          ],
          [
            2.5126,
            0.0,
            1.77656
          ],
          [
            0.0,
            2.5126,
            1.77656
          ],
          [
            2.5126,
            2.5126,
            1.77656
          ],
          [
            1.2563,
            1.2563,
            3.59249
          ],
          [
            3.7689,
            1.2563,
            3.65287
          ],
          [
            1.2563,
            3.7689,
            3.57283
          ],
          [
            3.7689,
            3.7689,
            3.59653
          ],
          [
            -0.05646,
            -0.11272,
            5.4301
          ],
          [
            2.56905,
            -0.11272,
            5.4301
          ],
          [
            -0.05646,
            2.62532,
            5.4301
          ],
          [
            2.56905,
            2.62532,
            5.4301
          ],
          [
            1.2563,
            3.7689,
            5.96259
          ]
        ],
        "Stress": [
          [
            -7.03119,
            0.0,
            0.0
          ],
          [
            0.0,
            1.52948,
            0.0
          ],
          [
            0.0,
            0.0,
            0.15383
          ]
        ],
        "computation_code": "VASP",
        "pseudopotential_information": [
          [
            "PAW_PBE",
            "Ni",
            "02Aug2007"
          ],
          [
            "PAW_PBE",
            "Ag",
            "02Apr2005"
          ],
          [
            "PAW_PBE",
            "H",
            "15Jun2001"
          ]
        ]
      }
    ],
    "EnergyStyle": "electronvolt",
    "ForcesStyle": "electronvoltperangstrom",
    "LatticeStyle": "angstrom",
    "PositionsStyle": "angstrom",
    "StressStyle": "kB"
  }
}