{
  "Dataset": {
    "AtomTypeStyle": "chemicalsymbol",
    "Data": [
      {
        "AtomTypes": [
          "Ni",
          "Ni",
          "Ni",
          "Ni",
          "Ni",
          "Ni",
          "Ni",
          "Ni",
          "Ni",
          "Ni",
          "Ag",
          "Ni",
          "Ni",
          "Ni",
          "Ni",
          "Ni",
          "O"
        ],
        "Energy": -75.97068684,
        "Forces": [
          [
            -0.0,
            0.0,
            0.396596
          ],
          [
            -0.0,
            0.0,
            0.269619
          ],
          [
            -0.0,
            0.0,
            0.269621
          ],
          [
            -0.0,
            0.0,
            0.302781
          ],
          [
            -0.466716,
            0.466716,
            -0.978626
          ],
          [
            0.466716,
            0.466716,
            -0.978626
          ],
          [
            -0.466716,
            -0.466716,
            -0.978626
          ],
          [
            0.466716,
            -0.466716,
            -0.978626
          ],
          [
            -0.0,
            0.0,
            0.157892
          ],
          [
            -0.0,
            0.0,
            0.304784
          ],
          [
            -0.0,
            0.0,
            0.207033
          ],
          [
            -0.0,
            0.0,
            0.157892
          ],
          [
            -0.116376,
            0.116378,
            0.472877
          ],
          [
            0.116376,
            0.116378,
            0.472877
          ],
          [
            -0.116376,
            -0.116378,
            0.472877
          ],
          [
            0.116376,
            -0.116378,
            0.472877
          ],
          [
            -0.0,
            0.0,
            -0.043221
          ]
        ],
        "Lattice": [
          [
            5.025196436,
            0.0,
            0.0
          ],
          [
            0.0,
            5.025196436,
            0.0
          ],
          [
            0.0,
            0.0,
            17.427492376
          ]
        ],
        "NumAtoms": 17,
        "Positions": [
          [
            3.7689,
            1.2563,
            0.0
          ],
          [
            3.7689,
            3.7689,
            0.0
          ],
          [
            1.2563,
            1.2563,
            0.0
          ],
          [
            1.2563,
            3.7689,
            0.0
          ],
          [
            0.0,
            0.0,
            1.77656
          ],
          [
            2.5126,
            0.0,
            1.77656
          ],
          [
            0.0,
            2.5126,
            1.77656
          ],
          [
            2.5126,
            2.5126,
            1.77656
          ],
          [
            1.2563,
            1.2563,
            3.55621
          ],
          [
            3.7689,
            1.2563,
            3.5701
          ],
          [
            1.2563,
            3.7689,
            3.52311
          ],
          [
            3.7689,
            3.7689,
            3.55621
          ],
          [
            -0.01578,
            0.01578,
            5.35426
          ],
          [
            2.52838,
            0.01578,
            5.35426
          ],
          [
            -0.01578,
            2.49681,
            5.35426
          ],
          [
            2.52838,
            2.49681,
            5.35426
          ],
          [
            1.2563,
            3.7689,
            6.20682
          ]
        ],
        "Stress": [
          [
            -2.11776,
            0.0,
            0.0
          ],
          [
            0.0,
            -2.11765,
            0.0
          ],
          [
            0.0,
            0.0,
            16.23707
          ]
        ],
        "computation_code": "VASP",
        "pseudopotential_information": [
          [
            "PAW_PBE",
            "Ni",
            "02Aug2007"
          ],
          [
            "PAW_PBE",
            "Ag",
            "02Apr2005"
          ],
          [
            "PAW_PBE",
            "O",
            "08Apr2002"
          ]
        ]
      }
    ],
    "EnergyStyle": "electronvolt",
    "ForcesStyle": "electronvoltperangstrom",
    "LatticeStyle": "angstrom",
    "PositionsStyle": "angstrom",
    "StressStyle": "kB"
  }
}