{
  "Dataset": {
    "AtomTypeStyle": "chemicalsymbol",
    "Data": [
      {
        "AtomTypes": [
          "Ni",
          "Ni",
          "Ni",
          "Ni",
          "Ni",
          "Ni",
          "Ni",
          "Ni",
          "Ni",
          "Ni",
          "Ni",
          "Ni",
          "Ni",
          "Ni",
          "Ni",
          "Ni",
          "Ni",
          "Ni",
          "Ag",
          "Ni",
          "H"
        ],
        "Energy": -90.9974997,
        "Forces": [
          [
            0.0,
            -0.014701,
            0.552367
          ],
          [
            0.0,
            -0.020365,
            0.543015
          ],
          [
            0.0,
            0.012147,
            0.293104
          ],
          [
            0.0,
            0.024022,
            0.603192
          ],
          [
            0.095782,
            -0.047569,
            -0.601369
          ],
          [
            -0.095782,
            -0.047569,
            -0.601369
          ],
          [
            0.115064,
            0.044512,
            -0.652986
          ],
          [
            -0.115064,
            0.044512,
            -0.652986
          ],
          [
            0.0,
            0.054713,
            0.657423
          ],
          [
            0.0,
            -0.005119,
            -0.219078
          ],
          [
            0.0,
            -0.038218,
            0.09639
          ],
          [
            0.0,
            0.013538,
            -0.424472
          ],
          [
            -0.274712,
            0.279094,
            0.00468
          ],
          [
            0.274712,
            0.279094,
            0.00468
          ],
          [
            -0.26486,
            -0.280718,
            0.113933
          ],
          [
            0.26486,
            -0.280718,
            0.113933
          ],
          [
            0.0,
            0.015058,
            -0.287949
          ],
          [
            0.0,
            -0.062566,
            0.092446
          ],
          [
            0.0,
            0.001159,
            0.545103
          ],
          [
            0.0,
            0.042019,
            -0.169481
          ],
          [
            0.0,
            -0.012323,
            -0.010577
          ]
        ],
        "Lattice": [
          [
            7.106,
            0.0,
            0.0
          ],
          [
            0.0,
            5.024699515,
            0.0
          ],
          [
            0.0,
            0.0,
            17.703958439
          ]
        ],
        "NumAtoms": 21,
        "Positions": [
          [
            0.0,
            2.51235,
            0.0
          ],
          [
            3.553,
            2.51235,
            0.0
          ],
          [
            0.0,
            0.0,
            0.0
          ],
          [
            3.553,
            0.0,
            0.0
          ],
          [
            1.7765,
            3.76852,
            1.25617
          ],
          [
            5.3295,
            3.76852,
            1.25617
          ],
          [
            1.7765,
            1.25618,
            1.25617
          ],
          [
            5.3295,
            1.25618,
            1.25617
          ],
          [
            0.0,
            5.01925,
            2.37615
          ],
          [
            3.553,
            5.02193,
            2.4931
          ],
          [
            0.0,
            2.51795,
            2.47934
          ],
          [
            3.553,
            2.51516,
            2.49174
          ],
          [
            1.85651,
            3.72738,
            3.77229
          ],
          [
            5.24949,
            3.72738,
            3.77229
          ],
          [
            1.83835,
            1.2969,
            3.7427
          ],
          [
            5.26765,
            1.2969,
            3.7427
          ],
          [
            0.0,
            2.51304,
            4.89127
          ],
          [
            3.553,
            2.49895,
            5.00911
          ],
          [
            0.0,
            -0.00012,
            5.13065
          ],
          [
            3.553,
            0.01251,
            5.00179
          ],
          [
            3.553,
            1.25712,
            6.062
          ]
        ],
        "Stress": [
          [
            -17.12397,
            0.0,
            0.0
          ],
          [
            0.0,
            -9.95274,
            -0.11671
          ],
          [
            0.0,
            -0.11671,
            -5.34912
          ]
        ],
        "computation_code": "VASP",
        "pseudopotential_information": [
          [
            "PAW_PBE",
            "Ni",
            "02Aug2007"
          ],
          [
            "PAW_PBE",
            "Ag",
            "02Apr2005"
          ],
          [
            "PAW_PBE",
            "H",
            "15Jun2001"
          ]
        ]
      }
    ],
    "EnergyStyle": "electronvolt",
    "ForcesStyle": "electronvoltperangstrom",
    "LatticeStyle": "angstrom",
    "PositionsStyle": "angstrom",
    "StressStyle": "kB"
  }
}