{
  "Dataset": {
    "AtomTypeStyle": "chemicalsymbol",
    "Data": [
      {
        "AtomTypes": [
          "Ni",
          "Ni",
          "Ni",
          "Ni",
          "Ni",
          "Ni",
          "Ni",
          "Ni",
          "Ni",
          "Ni",
          "Ni",
          "Ni",
          "Ni",
          "Ni",
          "Ni",
          "Au",
          "H"
        ],
        "Energy": -73.54995628,
        "Forces": [
          [
            0.0,
            0.0,
            0.229221
          ],
          [
            0.0,
            0.0,
            0.275416
          ],
          [
            0.0,
            0.0,
            0.275416
          ],
          [
            0.0,
            0.0,
            0.360724
          ],
          [
            0.432553,
            -0.432553,
            -0.965442
          ],
          [
            -0.432553,
            -0.432553,
            -0.965442
          ],
          [
            0.432553,
            0.432553,
            -0.965442
          ],
          [
            -0.432553,
            0.432553,
            -0.965442
          ],
          [
            0.0,
            0.0,
            0.197599
          ],
          [
            0.0,
            0.0,
            0.018406
          ],
          [
            0.0,
            0.0,
            0.197599
          ],
          [
            0.498845,
            -0.498845,
            0.479565
          ],
          [
            -0.498845,
            -0.498845,
            0.479565
          ],
          [
            0.498845,
            0.498845,
            0.479565
          ],
          [
            -0.498845,
            0.498845,
            0.479565
          ],
          [
            0.0,
            0.0,
            0.660976
          ],
          [
            0.0,
            0.0,
            -0.271848
          ]
        ],
        "Lattice": [
          [
            5.025196436,
            0.0,
            0.0
          ],
          [
            0.0,
            5.025196436,
            0.0
          ],
          [
            0.0,
            0.0,
            17.427492376
          ]
        ],
        "NumAtoms": 17,
        "Positions": [
          [
            3.7689,
            1.2563,
            0.0
          ],
          [
            3.7689,
            3.7689,
            0.0
          ],
          [
            1.2563,
            1.2563,
            0.0
          ],
          [
            1.2563,
            3.7689,
            0.0
          ],
          [
            0.0,
            0.0,
            1.77656
          ],
          [
            2.5126,
            0.0,
            1.77656
          ],
          [
            0.0,
            2.5126,
            1.77656
          ],
          [
            2.5126,
            2.5126,
            1.77656
          ],
          [
            1.2563,
            1.2563,
            3.55501
          ],
          [
            1.2563,
            3.7689,
            3.55349
          ],
          [
            3.7689,
            3.7689,
            3.55501
          ],
          [
            0.00541,
            -0.00541,
            5.33478
          ],
          [
            2.50718,
            -0.00541,
            5.33478
          ],
          [
            0.00541,
            2.51801,
            5.33478
          ],
          [
            2.50718,
            2.51801,
            5.33478
          ],
          [
            3.7689,
            1.2563,
            3.55936
          ],
          [
            1.2563,
            3.7689,
            6.02395
          ]
        ],
        "Stress": [
          [
            2.70129,
            0.0,
            0.0
          ],
          [
            0.0,
            2.70129,
            -0.0
          ],
          [
            0.0,
            -0.0,
            17.42236
          ]
        ],
        "computation_code": "VASP",
        "pseudopotential_information": [
          [
            "PAW_PBE",
            "Ni",
            "02Aug2007"
          ],
          [
            "PAW_PBE",
            "Au",
            "04Oct2007"
          ],
          [
            "PAW_PBE",
            "H",
            "15Jun2001"
          ]
        ]
      }
    ],
    "EnergyStyle": "electronvolt",
    "ForcesStyle": "electronvoltperangstrom",
    "LatticeStyle": "angstrom",
    "PositionsStyle": "angstrom",
    "StressStyle": "kB"
  }
}