{
  "Dataset": {
    "AtomTypeStyle": "chemicalsymbol",
    "Data": [
      {
        "AtomTypes": [
          "Ni",
          "Ni",
          "Ni",
          "Ni",
          "Ni",
          "Ni",
          "Ni",
          "Ni",
          "Ni",
          "Ni",
          "Ni",
          "Ni",
          "Ni",
          "Ni",
          "Ni",
          "Au",
          "O"
        ],
        "Energy": -77.93681102,
        "Forces": [
          [
            -0.013195,
            -0.004215,
            0.351257
          ],
          [
            0.016898,
            0.016898,
            0.265436
          ],
          [
            0.009485,
            0.009485,
            0.280451
          ],
          [
            -0.004215,
            -0.013195,
            0.351257
          ],
          [
            -0.05075,
            -0.05075,
            -0.400887
          ],
          [
            0.040966,
            -0.087714,
            -0.370416
          ],
          [
            -0.087714,
            0.040966,
            -0.370416
          ],
          [
            0.073656,
            0.073656,
            -0.446956
          ],
          [
            -0.038602,
            -0.038602,
            0.134288
          ],
          [
            -0.010138,
            -0.026353,
            0.076439
          ],
          [
            -0.026353,
            -0.010138,
            0.076439
          ],
          [
            -0.022532,
            -0.022532,
            -0.08422
          ],
          [
            0.061035,
            -0.012301,
            -0.023262
          ],
          [
            -0.012301,
            0.061035,
            -0.023262
          ],
          [
            -0.017681,
            -0.017681,
            0.033116
          ],
          [
            -0.042381,
            -0.042381,
            0.044262
          ],
          [
            0.123822,
            0.123822,
            0.106474
          ]
        ],
        "Lattice": [
          [
            5.025196436,
            0.0,
            0.0
          ],
          [
            0.0,
            5.025196436,
            0.0
          ],
          [
            0.0,
            0.0,
            17.427492376
          ]
        ],
        "NumAtoms": 17,
        "Positions": [
          [
            3.7689,
            1.2563,
            0.0
          ],
          [
            3.7689,
            3.7689,
            0.0
          ],
          [
            1.2563,
            1.2563,
            0.0
          ],
          [
            1.2563,
            3.7689,
            0.0
          ],
          [
            0.0,
            0.0,
            1.77656
          ],
          [
            2.5126,
            0.0,
            1.77656
          ],
          [
            0.0,
            2.5126,
            1.77656
          ],
          [
            2.5126,
            2.5126,
            1.77656
          ],
          [
            1.26432,
            1.26432,
            3.44936
          ],
          [
            3.76787,
            1.26001,
            3.57769
          ],
          [
            1.26001,
            3.76787,
            3.57769
          ],
          [
            3.74368,
            3.74368,
            3.51356
          ],
          [
            2.20388,
            0.19383,
            5.44554
          ],
          [
            0.19383,
            2.20388,
            5.44554
          ],
          [
            2.70948,
            2.70948,
            5.43453
          ],
          [
            -0.33243,
            -0.33243,
            5.66697
          ],
          [
            1.6299,
            1.6299,
            6.45693
          ]
        ],
        "Stress": [
          [
            -18.20406,
            2.95034,
            1.25424
          ],
          [
            2.95034,
            -18.20406,
            1.25424
          ],
          [
            1.25424,
            1.25424,
            -9.29616
          ]
        ],
        "computation_code": "VASP",
        "pseudopotential_information": [
          [
            "PAW_PBE",
            "Ni",
            "02Aug2007"
          ],
          [
            "PAW_PBE",
            "Au",
            "04Oct2007"
          ],
          [
            "PAW_PBE",
            "O",
            "08Apr2002"
          ]
        ]
      }
    ],
    "EnergyStyle": "electronvolt",
    "ForcesStyle": "electronvoltperangstrom",
    "LatticeStyle": "angstrom",
    "PositionsStyle": "angstrom",
    "StressStyle": "kB"
  }
}