{
  "Dataset": {
    "AtomTypeStyle": "chemicalsymbol",
    "Data": [
      {
        "AtomTypes": [
          "Ni",
          "Ni",
          "Ni",
          "Ni",
          "Ni",
          "Ni",
          "Ni",
          "Ni",
          "Ni",
          "Ni",
          "Ni",
          "Ni",
          "Ni",
          "Ni",
          "Ni",
          "Au",
          "H"
        ],
        "Energy": -73.78705298,
        "Forces": [
          [
            -0.0,
            -0.0,
            0.280324
          ],
          [
            -0.0,
            -0.0,
            0.297575
          ],
          [
            -0.0,
            -0.0,
            0.297575
          ],
          [
            -0.0,
            -0.0,
            0.383047
          ],
          [
            0.171601,
            -0.171601,
            -0.553955
          ],
          [
            -0.171601,
            -0.171601,
            -0.553955
          ],
          [
            0.171601,
            0.171601,
            -0.553955
          ],
          [
            -0.171601,
            0.171601,
            -0.553955
          ],
          [
            -0.0,
            -0.0,
            0.085236
          ],
          [
            -0.0,
            -0.0,
            0.087036
          ],
          [
            -0.0,
            -0.0,
            0.085236
          ],
          [
            -0.018438,
            0.018438,
            0.221579
          ],
          [
            0.018438,
            0.018438,
            0.221579
          ],
          [
            -0.018438,
            -0.018438,
            0.221579
          ],
          [
            0.018438,
            -0.018438,
            0.221579
          ],
          [
            -0.0,
            -0.0,
            -0.403448
          ],
          [
            -0.0,
            -0.0,
            0.216924
          ]
        ],
        "Lattice": [
          [
            5.025196436,
            0.0,
            0.0
          ],
          [
            0.0,
            5.025196436,
            0.0
          ],
          [
            0.0,
            0.0,
            17.427492376
          ]
        ],
        "NumAtoms": 17,
        "Positions": [
          [
            3.7689,
            1.2563,
            0.0
          ],
          [
            3.7689,
            3.7689,
            0.0
          ],
          [
            1.2563,
            1.2563,
            0.0
          ],
          [
            1.2563,
            3.7689,
            0.0
          ],
          [
            0.0,
            0.0,
            1.77656
          ],
          [
            2.5126,
            0.0,
            1.77656
          ],
          [
            0.0,
            2.5126,
            1.77656
          ],
          [
            2.5126,
            2.5126,
            1.77656
          ],
          [
            1.2563,
            1.2563,
            3.59839
          ],
          [
            1.2563,
            3.7689,
            3.54108
          ],
          [
            3.7689,
            3.7689,
            3.59839
          ],
          [
            0.05658,
            -0.05658,
            5.4143
          ],
          [
            2.45602,
            -0.05658,
            5.4143
          ],
          [
            0.05658,
            2.56917,
            5.4143
          ],
          [
            2.45602,
            2.56917,
            5.4143
          ],
          [
            3.7689,
            1.2563,
            3.71236
          ],
          [
            1.2563,
            3.7689,
            6.00352
          ]
        ],
        "Stress": [
          [
            -0.47754,
            0.0,
            0.0
          ],
          [
            0.0,
            -0.47754,
            0.0
          ],
          [
            0.0,
            0.0,
            2.91927
          ]
        ],
        "computation_code": "VASP",
        "pseudopotential_information": [
          [
            "PAW_PBE",
            "Ni",
            "02Aug2007"
          ],
          [
            "PAW_PBE",
            "Au",
            "04Oct2007"
          ],
          [
            "PAW_PBE",
            "H",
            "15Jun2001"
          ]
        ]
      }
    ],
    "EnergyStyle": "electronvolt",
    "ForcesStyle": "electronvoltperangstrom",
    "LatticeStyle": "angstrom",
    "PositionsStyle": "angstrom",
    "StressStyle": "kB"
  }
}