{
  "Dataset": {
    "AtomTypeStyle": "chemicalsymbol",
    "Data": [
      {
        "AtomTypes": [
          "Ni",
          "Ni",
          "Ni",
          "Ni",
          "Ni",
          "Ni",
          "Ni",
          "Ni",
          "Ni",
          "Ni",
          "Ni",
          "Ni",
          "Ni",
          "Ni",
          "Ni",
          "Au",
          "O"
        ],
        "Energy": -77.11366934,
        "Forces": [
          [
            -0.0,
            0.0,
            0.321311
          ],
          [
            -0.0,
            0.0,
            0.457616
          ],
          [
            -0.0,
            0.0,
            0.30014
          ],
          [
            -0.0,
            0.0,
            0.325304
          ],
          [
            -0.286925,
            -0.182002,
            -0.302627
          ],
          [
            0.286925,
            -0.182002,
            -0.302627
          ],
          [
            -0.286925,
            0.182002,
            -0.302627
          ],
          [
            0.286925,
            0.182002,
            -0.302627
          ],
          [
            -0.0,
            0.0,
            0.120124
          ],
          [
            -0.0,
            0.0,
            -0.161836
          ],
          [
            -0.0,
            0.0,
            0.272961
          ],
          [
            -0.274841,
            0.100452,
            -0.214342
          ],
          [
            0.274841,
            0.100452,
            -0.214342
          ],
          [
            -0.274841,
            -0.100452,
            -0.214342
          ],
          [
            0.274841,
            -0.100452,
            -0.214342
          ],
          [
            -0.0,
            0.0,
            0.107351
          ],
          [
            -0.0,
            0.0,
            0.324905
          ]
        ],
        "Lattice": [
          [
            5.025196436,
            0.0,
            0.0
          ],
          [
            0.0,
            5.025196436,
            0.0
          ],
          [
            0.0,
            0.0,
            17.427492376
          ]
        ],
        "NumAtoms": 17,
        "Positions": [
          [
            3.7689,
            1.2563,
            0.0
          ],
          [
            3.7689,
            3.7689,
            0.0
          ],
          [
            1.2563,
            1.2563,
            0.0
          ],
          [
            1.2563,
            3.7689,
            0.0
          ],
          [
            0.0,
            0.0,
            1.77656
          ],
          [
            2.5126,
            0.0,
            1.77656
          ],
          [
            0.0,
            2.5126,
            1.77656
          ],
          [
            2.5126,
            2.5126,
            1.77656
          ],
          [
            3.7689,
            1.2563,
            3.76254
          ],
          [
            1.2563,
            3.7689,
            3.59948
          ],
          [
            3.7689,
            3.7689,
            3.63599
          ],
          [
            -0.0232,
            -0.02744,
            5.61094
          ],
          [
            2.5358,
            -0.02744,
            5.61094
          ],
          [
            -0.0232,
            2.54004,
            5.61094
          ],
          [
            2.5358,
            2.54004,
            5.61094
          ],
          [
            1.2563,
            1.2563,
            3.70902
          ],
          [
            1.2563,
            3.7689,
            6.37918
          ]
        ],
        "Stress": [
          [
            -15.2116,
            0.0,
            0.0
          ],
          [
            0.0,
            -14.29022,
            0.0
          ],
          [
            0.0,
            0.0,
            -18.17174
          ]
        ],
        "computation_code": "VASP",
        "pseudopotential_information": [
          [
            "PAW_PBE",
            "Ni",
            "02Aug2007"
          ],
          [
            "PAW_PBE",
            "Au",
            "04Oct2007"
          ],
          [
            "PAW_PBE",
            "O",
            "08Apr2002"
          ]
        ]
      }
    ],
    "EnergyStyle": "electronvolt",
    "ForcesStyle": "electronvoltperangstrom",
    "LatticeStyle": "angstrom",
    "PositionsStyle": "angstrom",
    "StressStyle": "kB"
  }
}