{
  "Dataset": {
    "AtomTypeStyle": "chemicalsymbol",
    "Data": [
      {
        "AtomTypes": [
          "Ni",
          "Ni",
          "Ni",
          "Ni",
          "Ni",
          "Ni",
          "Ni",
          "Ni",
          "Ni",
          "Ni",
          "Ni",
          "Ni",
          "Ni",
          "Ni",
          "Ni",
          "Au"
        ],
        "Energy": -71.0172418,
        "Forces": [
          [
            -0.009169,
            0.009169,
            0.293884
          ],
          [
            -0.009169,
            -0.009169,
            0.293884
          ],
          [
            0.009169,
            0.009169,
            0.293884
          ],
          [
            0.009169,
            -0.009169,
            0.293884
          ],
          [
            -0.0,
            -0.0,
            -0.190621
          ],
          [
            -0.0,
            0.0,
            -0.476526
          ],
          [
            -0.0,
            0.0,
            -0.476526
          ],
          [
            -0.0,
            0.0,
            -0.895719
          ],
          [
            -0.494659,
            -0.494659,
            0.318196
          ],
          [
            0.494659,
            -0.494659,
            0.318196
          ],
          [
            -0.494659,
            0.494659,
            0.318196
          ],
          [
            0.494659,
            0.494659,
            0.318196
          ],
          [
            -0.0,
            0.0,
            -0.299059
          ],
          [
            -0.0,
            0.0,
            -0.299059
          ],
          [
            -0.0,
            0.0,
            0.017244
          ],
          [
            -0.0,
            0.0,
            0.171945
          ]
        ],
        "Lattice": [
          [
            5.025196436,
            0.0,
            0.0
          ],
          [
            0.0,
            5.025196436,
            0.0
          ],
          [
            0.0,
            0.0,
            17.427492376
          ]
        ],
        "NumAtoms": 16,
        "Positions": [
          [
            3.7689,
            1.2563,
            0.0
          ],
          [
            3.7689,
            3.7689,
            0.0
          ],
          [
            1.2563,
            1.2563,
            0.0
          ],
          [
            1.2563,
            3.7689,
            0.0
          ],
          [
            0.0,
            0.0,
            1.77656
          ],
          [
            2.5126,
            0.0,
            1.77656
          ],
          [
            0.0,
            2.5126,
            1.77656
          ],
          [
            2.5126,
            2.5126,
            1.77656
          ],
          [
            1.30412,
            1.30412,
            3.52147
          ],
          [
            3.72108,
            1.30412,
            3.52147
          ],
          [
            1.30412,
            3.72108,
            3.52147
          ],
          [
            3.72108,
            3.72108,
            3.52147
          ],
          [
            2.5126,
            -0.0,
            5.3142
          ],
          [
            0.0,
            2.5126,
            5.3142
          ],
          [
            2.5126,
            2.5126,
            5.29554
          ],
          [
            -0.0,
            -0.0,
            5.54486
          ]
        ],
        "Stress": [
          [
            -10.51321,
            0.0,
            0.0
          ],
          [
            0.0,
            -10.51321,
            0.0
          ],
          [
            0.0,
            0.0,
            -7.26297
          ]
        ],
        "computation_code": "VASP",
        "pseudopotential_information": [
          [
            "PAW_PBE",
            "Ni",
            "02Aug2007"
          ],
          [
            "PAW_PBE",
            "Au",
            "04Oct2007"
          ]
        ]
      }
    ],
    "EnergyStyle": "electronvolt",
    "ForcesStyle": "electronvoltperangstrom",
    "LatticeStyle": "angstrom",
    "PositionsStyle": "angstrom",
    "StressStyle": "kB"
  }
}