{
  "Dataset": {
    "AtomTypeStyle": "chemicalsymbol",
    "Data": [
      {
        "AtomTypes": [
          "Ni",
          "Ni",
          "Ni",
          "Ni",
          "Ni",
          "Ni",
          "Ni",
          "Ni",
          "Ni",
          "Ni",
          "Ni",
          "Ni",
          "Ni",
          "Ni",
          "Ni",
          "Au",
          "O",
          "H"
        ],
        "Energy": -80.68598951,
        "Forces": [
          [
            0.049998,
            0.0,
            0.317963
          ],
          [
            0.007017,
            0.0,
            0.396201
          ],
          [
            -0.050486,
            0.0,
            0.285786
          ],
          [
            -0.019319,
            0.0,
            0.30869
          ],
          [
            -0.160808,
            -0.163101,
            -0.457586
          ],
          [
            0.185805,
            -0.18445,
            -0.425134
          ],
          [
            -0.160808,
            0.163101,
            -0.457586
          ],
          [
            0.185805,
            0.18445,
            -0.425134
          ],
          [
            0.292572,
            0.0,
            0.067004
          ],
          [
            0.015072,
            0.0,
            0.0379
          ],
          [
            -0.009998,
            0.0,
            0.217556
          ],
          [
            0.002564,
            0.056877,
            -0.021762
          ],
          [
            -0.032267,
            -0.068663,
            0.214075
          ],
          [
            0.002564,
            -0.056877,
            -0.021762
          ],
          [
            -0.032267,
            0.068663,
            0.214075
          ],
          [
            -0.366469,
            0.0,
            -0.561146
          ],
          [
            -0.201915,
            0.0,
            -0.056792
          ],
          [
            0.292938,
            0.0,
            0.367651
          ]
        ],
        "Lattice": [
          [
            5.025196436,
            0.0,
            0.0
          ],
          [
            0.0,
            5.025196436,
            0.0
          ],
          [
            0.0,
            0.0,
            17.427492376
          ]
        ],
        "NumAtoms": 18,
        "Positions": [
          [
            3.7689,
            1.2563,
            0.0
          ],
          [
            3.7689,
            3.7689,
            0.0
          ],
          [
            1.2563,
            1.2563,
            0.0
          ],
          [
            1.2563,
            3.7689,
            0.0
          ],
          [
            0.0,
            0.0,
            1.77656
          ],
          [
            2.5126,
            0.0,
            1.77656
          ],
          [
            0.0,
            2.5126,
            1.77656
          ],
          [
            2.5126,
            2.5126,
            1.77656
          ],
          [
            3.77145,
            1.2563,
            3.62941
          ],
          [
            1.23763,
            3.7689,
            3.6288
          ],
          [
            3.75245,
            3.7689,
            3.57235
          ],
          [
            4.94449,
            -0.04927,
            5.4025
          ],
          [
            2.55449,
            -0.00553,
            5.53617
          ],
          [
            4.94449,
            2.56187,
            5.4025
          ],
          [
            2.55449,
            2.51813,
            5.53617
          ],
          [
            1.29775,
            1.2563,
            3.72798
          ],
          [
            2.41994,
            3.7689,
            7.00413
          ],
          [
            3.29009,
            3.7689,
            7.43544
          ]
        ],
        "Stress": [
          [
            0.59834,
            0.0,
            1.00217
          ],
          [
            0.0,
            -5.91427,
            0.0
          ],
          [
            1.00217,
            0.0,
            -3.59263
          ]
        ],
        "computation_code": "VASP",
        "pseudopotential_information": [
          [
            "PAW_PBE",
            "Ni",
            "02Aug2007"
          ],
          [
            "PAW_PBE",
            "Au",
            "04Oct2007"
          ],
          [
            "PAW_PBE",
            "O",
            "08Apr2002"
          ],
          [
            "PAW_PBE",
            "H",
            "15Jun2001"
          ]
        ]
      }
    ],
    "EnergyStyle": "electronvolt",
    "ForcesStyle": "electronvoltperangstrom",
    "LatticeStyle": "angstrom",
    "PositionsStyle": "angstrom",
    "StressStyle": "kB"
  }
}