{
  "Dataset": {
    "AtomTypeStyle": "chemicalsymbol",
    "Data": [
      {
        "AtomTypes": [
          "Ni",
          "Ni",
          "Ni",
          "Ni",
          "Ni",
          "Ni",
          "Ni",
          "Ni",
          "Ni",
          "Ni",
          "Ni",
          "Ni",
          "Ni",
          "Ni",
          "Ni",
          "Ni",
          "Ni",
          "Ni",
          "Ni",
          "Au",
          "H"
        ],
        "Energy": -91.27823511,
        "Forces": [
          [
            -0.015057,
            -0.020328,
            0.610752
          ],
          [
            0.011418,
            -0.026368,
            0.586433
          ],
          [
            -0.015057,
            0.020328,
            0.610752
          ],
          [
            0.011418,
            0.026368,
            0.586433
          ],
          [
            -0.099536,
            0.0,
            -0.48979
          ],
          [
            0.057386,
            0.0,
            -0.644357
          ],
          [
            -0.053241,
            0.0,
            -0.419808
          ],
          [
            0.033824,
            0.0,
            -0.767091
          ],
          [
            -0.016277,
            0.012456,
            -0.006212
          ],
          [
            -0.005099,
            -0.025965,
            0.012655
          ],
          [
            -0.016277,
            -0.012456,
            -0.006212
          ],
          [
            -0.005099,
            0.025965,
            0.012655
          ],
          [
            0.001712,
            0.020992,
            -0.012751
          ],
          [
            0.007945,
            0.0,
            -0.022878
          ],
          [
            0.002486,
            0.0,
            0.024336
          ],
          [
            -0.011818,
            0.0,
            -0.052428
          ],
          [
            0.011997,
            0.009285,
            -0.00261
          ],
          [
            0.011997,
            -0.009285,
            -0.00261
          ],
          [
            0.001712,
            -0.020992,
            -0.012751
          ],
          [
            0.045366,
            0.0,
            -0.002314
          ],
          [
            0.040199,
            0.0,
            -0.002204
          ]
        ],
        "Lattice": [
          [
            7.106,
            0.0,
            0.0
          ],
          [
            0.0,
            5.024699515,
            0.0
          ],
          [
            0.0,
            0.0,
            17.703958439
          ]
        ],
        "NumAtoms": 21,
        "Positions": [
          [
            0.0,
            2.51235,
            0.0
          ],
          [
            3.553,
            2.51235,
            0.0
          ],
          [
            0.0,
            0.0,
            0.0
          ],
          [
            3.553,
            0.0,
            0.0
          ],
          [
            1.7765,
            3.76852,
            1.25617
          ],
          [
            5.3295,
            3.76852,
            1.25617
          ],
          [
            1.7765,
            1.25618,
            1.25617
          ],
          [
            5.3295,
            1.25618,
            1.25617
          ],
          [
            0.01827,
            0.00851,
            2.49591
          ],
          [
            3.53457,
            0.00937,
            2.47405
          ],
          [
            0.01827,
            2.50384,
            2.49591
          ],
          [
            3.53457,
            2.50298,
            2.47405
          ],
          [
            3.78981,
            2.4615,
            5.07672
          ],
          [
            5.29833,
            3.76852,
            3.70968
          ],
          [
            1.77768,
            1.25618,
            3.91716
          ],
          [
            5.30821,
            1.25618,
            3.68977
          ],
          [
            -0.22992,
            2.4753,
            4.98323
          ],
          [
            -0.22992,
            0.03705,
            4.98323
          ],
          [
            3.78981,
            0.05085,
            5.07672
          ],
          [
            1.79993,
            3.76852,
            4.12894
          ],
          [
            3.59466,
            1.25617,
            6.15039
          ]
        ],
        "Stress": [
          [
            -13.48718,
            0.0,
            0.95731
          ],
          [
            0.0,
            -6.98113,
            0.0
          ],
          [
            0.95731,
            0.0,
            -10.49011
          ]
        ],
        "computation_code": "VASP",
        "pseudopotential_information": [
          [
            "PAW_PBE",
            "Ni",
            "02Aug2007"
          ],
          [
            "PAW_PBE",
            "Au",
            "04Oct2007"
          ],
          [
            "PAW_PBE",
            "H",
            "15Jun2001"
          ]
        ]
      }
    ],
    "EnergyStyle": "electronvolt",
    "ForcesStyle": "electronvoltperangstrom",
    "LatticeStyle": "angstrom",
    "PositionsStyle": "angstrom",
    "StressStyle": "kB"
  }
}