{
  "Dataset": {
    "AtomTypeStyle": "chemicalsymbol",
    "Data": [
      {
        "AtomTypes": [
          "Ni",
          "Ni",
          "Ni",
          "Ni",
          "Ni",
          "Ni",
          "Ni",
          "Ni",
          "Ni",
          "Ni",
          "Ni",
          "Ni",
          "Ni",
          "Ni",
          "Ni",
          "Ni",
          "Ni",
          "Ni",
          "Ni",
          "Au",
          "H"
        ],
        "Energy": -91.18284194,
        "Forces": [
          [
            -0.019944,
            0.000141,
            0.606046
          ],
          [
            0.010097,
            -0.010259,
            0.603381
          ],
          [
            -0.019944,
            -0.000141,
            0.606046
          ],
          [
            0.010097,
            0.010259,
            0.603381
          ],
          [
            -0.080787,
            0.0,
            -0.412806
          ],
          [
            0.010633,
            0.0,
            -0.795243
          ],
          [
            -0.058934,
            0.0,
            -0.525176
          ],
          [
            -0.009279,
            0.0,
            -0.707969
          ],
          [
            0.017633,
            0.03506,
            -0.017106
          ],
          [
            0.026736,
            0.006113,
            -0.014895
          ],
          [
            0.017633,
            -0.03506,
            -0.017106
          ],
          [
            0.026736,
            -0.006113,
            -0.014895
          ],
          [
            0.013845,
            0.0,
            -0.023853
          ],
          [
            -0.016731,
            0.0,
            0.029399
          ],
          [
            -0.029665,
            0.0,
            0.002155
          ],
          [
            0.024104,
            0.021513,
            0.023493
          ],
          [
            -0.022021,
            -0.045401,
            0.028433
          ],
          [
            0.024104,
            -0.021513,
            0.023493
          ],
          [
            -0.022021,
            0.045401,
            0.028433
          ],
          [
            0.023142,
            0.0,
            0.026887
          ],
          [
            0.074567,
            0.0,
            -0.052099
          ]
        ],
        "Lattice": [
          [
            7.106,
            0.0,
            0.0
          ],
          [
            0.0,
            5.024699515,
            0.0
          ],
          [
            0.0,
            0.0,
            17.703958439
          ]
        ],
        "NumAtoms": 21,
        "Positions": [
          [
            0.0,
            2.51235,
            0.0
          ],
          [
            3.553,
            2.51235,
            0.0
          ],
          [
            0.0,
            0.0,
            0.0
          ],
          [
            3.553,
            0.0,
            0.0
          ],
          [
            1.7765,
            3.76852,
            1.25617
          ],
          [
            5.3295,
            3.76852,
            1.25617
          ],
          [
            1.7765,
            1.25618,
            1.25617
          ],
          [
            5.3295,
            1.25618,
            1.25617
          ],
          [
            0.01505,
            5.00981,
            2.49361
          ],
          [
            3.52385,
            -0.01532,
            2.48005
          ],
          [
            0.01505,
            2.52724,
            2.49361
          ],
          [
            3.52385,
            2.52767,
            2.48005
          ],
          [
            1.78306,
            3.76852,
            3.94728
          ],
          [
            5.29888,
            3.76852,
            3.67452
          ],
          [
            5.3145,
            1.25618,
            3.68802
          ],
          [
            -0.248,
            2.55257,
            4.98539
          ],
          [
            3.79884,
            2.52705,
            5.07203
          ],
          [
            -0.248,
            4.98448,
            4.98539
          ],
          [
            3.79884,
            5.01,
            5.07203
          ],
          [
            1.77069,
            1.25618,
            4.1033
          ],
          [
            3.73958,
            1.25617,
            6.11088
          ]
        ],
        "Stress": [
          [
            -13.47305,
            0.0,
            1.23338
          ],
          [
            0.0,
            -8.23564,
            0.0
          ],
          [
            1.23338,
            0.0,
            -9.69358
          ]
        ],
        "computation_code": "VASP",
        "pseudopotential_information": [
          [
            "PAW_PBE",
            "Ni",
            "02Aug2007"
          ],
          [
            "PAW_PBE",
            "Au",
            "04Oct2007"
          ],
          [
            "PAW_PBE",
            "H",
            "15Jun2001"
          ]
        ]
      }
    ],
    "EnergyStyle": "electronvolt",
    "ForcesStyle": "electronvoltperangstrom",
    "LatticeStyle": "angstrom",
    "PositionsStyle": "angstrom",
    "StressStyle": "kB"
  }
}