{
  "Dataset": {
    "AtomTypeStyle": "chemicalsymbol",
    "Data": [
      {
        "AtomTypes": [
          "Ni",
          "Ni",
          "Ni",
          "Ni",
          "Ni",
          "Ni",
          "Ni",
          "Ni",
          "Ni",
          "Ni",
          "Ni",
          "Ni",
          "Ni",
          "Ni",
          "Ni",
          "Au",
          "H"
        ],
        "Energy": -73.6330452,
        "Forces": [
          [
            0.0,
            -0.0,
            0.459261
          ],
          [
            0.0,
            -0.0,
            0.329394
          ],
          [
            0.0,
            -0.0,
            0.329394
          ],
          [
            0.0,
            -0.0,
            0.270578
          ],
          [
            -0.36811,
            0.36811,
            -0.376783
          ],
          [
            0.36811,
            0.36811,
            -0.376783
          ],
          [
            -0.36811,
            -0.36811,
            -0.376783
          ],
          [
            0.36811,
            -0.36811,
            -0.376783
          ],
          [
            0.0,
            -0.0,
            -0.046835
          ],
          [
            0.0,
            -0.0,
            -0.024514
          ],
          [
            0.0,
            -0.0,
            -0.046835
          ],
          [
            -0.00525,
            0.00525,
            0.009208
          ],
          [
            0.00525,
            0.00525,
            0.009208
          ],
          [
            -0.00525,
            -0.00525,
            0.009208
          ],
          [
            0.00525,
            -0.00525,
            0.009208
          ],
          [
            0.0,
            -0.0,
            0.106678
          ],
          [
            0.0,
            -0.0,
            0.093182
          ]
        ],
        "Lattice": [
          [
            5.025196436,
            0.0,
            0.0
          ],
          [
            0.0,
            5.025196436,
            0.0
          ],
          [
            0.0,
            0.0,
            17.427492376
          ]
        ],
        "NumAtoms": 17,
        "Positions": [
          [
            3.7689,
            1.2563,
            0.0
          ],
          [
            3.7689,
            3.7689,
            0.0
          ],
          [
            1.2563,
            1.2563,
            0.0
          ],
          [
            1.2563,
            3.7689,
            0.0
          ],
          [
            0.0,
            0.0,
            1.77656
          ],
          [
            2.5126,
            0.0,
            1.77656
          ],
          [
            0.0,
            2.5126,
            1.77656
          ],
          [
            2.5126,
            2.5126,
            1.77656
          ],
          [
            1.2563,
            1.2563,
            3.70104
          ],
          [
            3.7689,
            1.2563,
            3.71526
          ],
          [
            3.7689,
            3.7689,
            3.70104
          ],
          [
            -0.01484,
            0.01484,
            5.53378
          ],
          [
            2.52743,
            0.01484,
            5.53378
          ],
          [
            -0.01484,
            2.49776,
            5.53378
          ],
          [
            2.52743,
            2.49776,
            5.53378
          ],
          [
            1.2563,
            3.7689,
            3.63746
          ],
          [
            1.2563,
            3.7689,
            6.13393
          ]
        ],
        "Stress": [
          [
            -15.66329,
            0.0,
            0.0
          ],
          [
            0.0,
            -15.66329,
            0.0
          ],
          [
            0.0,
            0.0,
            -9.89462
          ]
        ],
        "computation_code": "VASP",
        "pseudopotential_information": [
          [
            "PAW_PBE",
            "Ni",
            "02Aug2007"
          ],
          [
            "PAW_PBE",
            "Au",
            "04Oct2007"
          ],
          [
            "PAW_PBE",
            "H",
            "15Jun2001"
          ]
        ]
      }
    ],
    "EnergyStyle": "electronvolt",
    "ForcesStyle": "electronvoltperangstrom",
    "LatticeStyle": "angstrom",
    "PositionsStyle": "angstrom",
    "StressStyle": "kB"
  }
}