{
  "Dataset": {
    "AtomTypeStyle": "chemicalsymbol",
    "Data": [
      {
        "AtomTypes": [
          "Ni",
          "Ni",
          "Ni",
          "Ni",
          "Ni",
          "Ni",
          "Ni",
          "Ni",
          "Ni",
          "Ni",
          "Ni",
          "Ni",
          "Ni",
          "Ni",
          "Ni",
          "Au",
          "O",
          "H"
        ],
        "Energy": -81.72116715,
        "Forces": [
          [
            0.047513,
            0.015417,
            0.310016
          ],
          [
            0.004998,
            -0.013728,
            0.300499
          ],
          [
            -0.047144,
            0.014755,
            0.316543
          ],
          [
            -0.006109,
            -0.015379,
            0.297718
          ],
          [
            -0.000692,
            0.01306,
            -0.296305
          ],
          [
            -0.002277,
            0.056406,
            -0.322001
          ],
          [
            0.000296,
            -0.00685,
            -0.280693
          ],
          [
            -0.004425,
            -0.032972,
            -0.341541
          ],
          [
            -0.000312,
            -0.004721,
            -0.00089
          ],
          [
            0.005085,
            -0.004316,
            0.002338
          ],
          [
            0.00187,
            0.004126,
            -0.003242
          ],
          [
            0.005695,
            -0.000698,
            0.001283
          ],
          [
            0.004398,
            -0.005295,
            -0.006611
          ],
          [
            0.005188,
            -0.005135,
            0.004381
          ],
          [
            -0.003824,
            -0.000368,
            0.010726
          ],
          [
            -0.005062,
            -0.005205,
            0.01004
          ],
          [
            0.027532,
            -6.9e-05,
            0.027594
          ],
          [
            -0.03273,
            -0.009028,
            -0.029854
          ]
        ],
        "Lattice": [
          [
            5.025196436,
            0.0,
            0.0
          ],
          [
            0.0,
            5.025196436,
            0.0
          ],
          [
            0.0,
            0.0,
            17.427492376
          ]
        ],
        "NumAtoms": 18,
        "Positions": [
          [
            3.7689,
            1.2563,
            0.0
          ],
          [
            3.7689,
            3.7689,
            0.0
          ],
          [
            1.2563,
            1.2563,
            0.0
          ],
          [
            1.2563,
            3.7689,
            0.0
          ],
          [
            0.0,
            0.0,
            1.77656
          ],
          [
            2.5126,
            0.0,
            1.77656
          ],
          [
            0.0,
            2.5126,
            1.77656
          ],
          [
            2.5126,
            2.5126,
            1.77656
          ],
          [
            1.28575,
            1.25761,
            3.56674
          ],
          [
            3.74227,
            1.25877,
            3.56019
          ],
          [
            1.26998,
            3.7712,
            3.54805
          ],
          [
            3.75028,
            3.7721,
            3.54947
          ],
          [
            2.5134,
            -0.05345,
            5.44164
          ],
          [
            -0.00326,
            2.57214,
            5.2187
          ],
          [
            2.52075,
            2.43085,
            5.38739
          ],
          [
            5.0226,
            0.08804,
            5.59823
          ],
          [
            2.43204,
            3.64037,
            6.90649
          ],
          [
            3.26761,
            3.63708,
            7.4171
          ]
        ],
        "Stress": [
          [
            -8.74703,
            0.09729,
            0.07735
          ],
          [
            0.09729,
            -15.09687,
            -0.43934
          ],
          [
            0.07735,
            -0.43934,
            -12.80323
          ]
        ],
        "computation_code": "VASP",
        "pseudopotential_information": [
          [
            "PAW_PBE",
            "Ni",
            "02Aug2007"
          ],
          [
            "PAW_PBE",
            "Au",
            "04Oct2007"
          ],
          [
            "PAW_PBE",
            "O",
            "08Apr2002"
          ],
          [
            "PAW_PBE",
            "H",
            "15Jun2001"
          ]
        ]
      }
    ],
    "EnergyStyle": "electronvolt",
    "ForcesStyle": "electronvoltperangstrom",
    "LatticeStyle": "angstrom",
    "PositionsStyle": "angstrom",
    "StressStyle": "kB"
  }
}