{
  "Dataset": {
    "AtomTypeStyle": "chemicalsymbol",
    "Data": [
      {
        "AtomTypes": [
          "Ni",
          "Ni",
          "Ni",
          "Ni",
          "Ni",
          "Ni",
          "Ni",
          "Ni",
          "Ni",
          "Ni",
          "Ni",
          "Ni",
          "Ni",
          "Ni",
          "Ni",
          "Ni",
          "Ni",
          "Ni",
          "Ni",
          "Au",
          "H"
        ],
        "Energy": -91.71970065,
        "Forces": [
          [
            0.0,
            -0.011497,
            0.549882
          ],
          [
            0.0,
            -0.01772,
            0.572062
          ],
          [
            0.0,
            0.006977,
            0.536172
          ],
          [
            0.0,
            0.028164,
            0.487666
          ],
          [
            -0.081412,
            0.014476,
            -0.54759
          ],
          [
            0.081412,
            0.014476,
            -0.54759
          ],
          [
            -0.040373,
            0.025143,
            -0.5573
          ],
          [
            0.040373,
            0.025143,
            -0.5573
          ],
          [
            0.0,
            -0.021602,
            0.015373
          ],
          [
            0.0,
            0.002312,
            0.00464
          ],
          [
            0.0,
            0.010754,
            -0.025275
          ],
          [
            0.0,
            -0.007807,
            0.038255
          ],
          [
            -0.002666,
            0.002808,
            -0.008975
          ],
          [
            0.002666,
            0.002808,
            -0.008975
          ],
          [
            0.0113,
            -0.009399,
            0.003575
          ],
          [
            -0.0113,
            -0.009399,
            0.003575
          ],
          [
            0.0,
            0.005692,
            0.030956
          ],
          [
            0.0,
            -0.013843,
            -0.002976
          ],
          [
            0.0,
            -0.028773,
            -0.012088
          ],
          [
            0.0,
            -0.016831,
            -0.013522
          ],
          [
            0.0,
            -0.001882,
            0.039434
          ]
        ],
        "Lattice": [
          [
            7.106,
            0.0,
            0.0
          ],
          [
            0.0,
            5.024699515,
            0.0
          ],
          [
            0.0,
            0.0,
            17.703958439
          ]
        ],
        "NumAtoms": 21,
        "Positions": [
          [
            0.0,
            2.51235,
            0.0
          ],
          [
            3.553,
            2.51235,
            0.0
          ],
          [
            0.0,
            0.0,
            0.0
          ],
          [
            3.553,
            0.0,
            0.0
          ],
          [
            1.7765,
            3.76852,
            1.25617
          ],
          [
            5.3295,
            3.76852,
            1.25617
          ],
          [
            1.7765,
            1.25618,
            1.25617
          ],
          [
            5.3295,
            1.25618,
            1.25617
          ],
          [
            0.0,
            0.00496,
            2.48018
          ],
          [
            3.553,
            0.00392,
            2.45688
          ],
          [
            0.0,
            2.52006,
            2.48049
          ],
          [
            3.553,
            2.52166,
            2.46756
          ],
          [
            1.79526,
            3.78824,
            3.78408
          ],
          [
            5.31074,
            3.78824,
            3.78408
          ],
          [
            1.7757,
            1.26134,
            3.77684
          ],
          [
            5.3303,
            1.26134,
            3.77684
          ],
          [
            0.0,
            2.52934,
            4.87988
          ],
          [
            0.0,
            0.01197,
            4.9015
          ],
          [
            3.553,
            0.03848,
            4.96205
          ],
          [
            3.553,
            2.55845,
            5.36687
          ],
          [
            3.553,
            1.01697,
            6.25603
          ]
        ],
        "Stress": [
          [
            -20.42906,
            0.0,
            0.0
          ],
          [
            0.0,
            -15.32787,
            -0.65207
          ],
          [
            0.0,
            -0.65207,
            -8.71951
          ]
        ],
        "computation_code": "VASP",
        "pseudopotential_information": [
          [
            "PAW_PBE",
            "Ni",
            "02Aug2007"
          ],
          [
            "PAW_PBE",
            "Au",
            "04Oct2007"
          ],
          [
            "PAW_PBE",
            "H",
            "15Jun2001"
          ]
        ]
      }
    ],
    "EnergyStyle": "electronvolt",
    "ForcesStyle": "electronvoltperangstrom",
    "LatticeStyle": "angstrom",
    "PositionsStyle": "angstrom",
    "StressStyle": "kB"
  }
}