{
  "Dataset": {
    "AtomTypeStyle": "chemicalsymbol",
    "Data": [
      {
        "AtomTypes": [
          "Ni",
          "Ni",
          "Ni",
          "Ni",
          "Ni",
          "Ni",
          "Ni",
          "Ni",
          "Ni",
          "Ni",
          "Ni",
          "Ni",
          "Ni",
          "Ni",
          "Ni",
          "Ni",
          "Ni",
          "Ni",
          "Ni",
          "Au",
          "H"
        ],
        "Energy": -91.27934013,
        "Forces": [
          [
            -0.015057,
            -0.019994,
            0.606491
          ],
          [
            0.011487,
            -0.027205,
            0.591486
          ],
          [
            -0.015057,
            0.019994,
            0.606491
          ],
          [
            0.011487,
            0.027205,
            0.591486
          ],
          [
            -0.105689,
            -0.0,
            -0.489107
          ],
          [
            0.052717,
            -0.0,
            -0.665495
          ],
          [
            -0.042987,
            -0.0,
            -0.410241
          ],
          [
            0.013061,
            -0.0,
            -0.790699
          ],
          [
            0.012918,
            -0.003099,
            0.000691
          ],
          [
            -0.005352,
            0.017458,
            -0.008356
          ],
          [
            0.012918,
            0.003099,
            0.000691
          ],
          [
            -0.005352,
            -0.017458,
            -0.008356
          ],
          [
            0.013425,
            0.001408,
            -0.007868
          ],
          [
            -0.000956,
            -0.0,
            0.003645
          ],
          [
            0.00526,
            -0.0,
            -0.005817
          ],
          [
            0.011468,
            -0.0,
            0.007005
          ],
          [
            -0.002143,
            -0.009809,
            -0.002735
          ],
          [
            -0.002143,
            0.009809,
            -0.002735
          ],
          [
            0.013425,
            -0.001408,
            -0.007868
          ],
          [
            -0.001305,
            -0.0,
            -0.009842
          ],
          [
            0.037876,
            -0.0,
            0.001131
          ]
        ],
        "Lattice": [
          [
            7.106,
            0.0,
            0.0
          ],
          [
            0.0,
            5.024699515,
            0.0
          ],
          [
            0.0,
            0.0,
            17.703958439
          ]
        ],
        "NumAtoms": 21,
        "Positions": [
          [
            0.0,
            2.51235,
            0.0
          ],
          [
            3.553,
            2.51235,
            0.0
          ],
          [
            0.0,
            0.0,
            0.0
          ],
          [
            3.553,
            0.0,
            0.0
          ],
          [
            1.7765,
            3.76852,
            1.25617
          ],
          [
            5.3295,
            3.76852,
            1.25617
          ],
          [
            1.7765,
            1.25618,
            1.25617
          ],
          [
            5.3295,
            1.25618,
            1.25617
          ],
          [
            0.01718,
            0.00983,
            2.49407
          ],
          [
            3.53285,
            0.00597,
            2.47635
          ],
          [
            0.01718,
            2.50252,
            2.49407
          ],
          [
            3.53285,
            2.50638,
            2.47635
          ],
          [
            3.79426,
            2.46317,
            5.07527
          ],
          [
            5.30141,
            3.76852,
            3.70376
          ],
          [
            1.77752,
            1.25618,
            3.926
          ],
          [
            5.30666,
            1.25618,
            3.68197
          ],
          [
            -0.22911,
            2.47692,
            4.97999
          ],
          [
            -0.22911,
            0.03543,
            4.97999
          ],
          [
            3.79426,
            0.04918,
            5.07527
          ],
          [
            1.80433,
            3.76852,
            4.13142
          ],
          [
            3.6071,
            1.25617,
            6.14804
          ]
        ],
        "Stress": [
          [
            -13.538,
            0.0,
            0.83432
          ],
          [
            0.0,
            -7.11612,
            0.0
          ],
          [
            0.83432,
            0.0,
            -10.16111
          ]
        ],
        "computation_code": "VASP",
        "pseudopotential_information": [
          [
            "PAW_PBE",
            "Ni",
            "02Aug2007"
          ],
          [
            "PAW_PBE",
            "Au",
            "04Oct2007"
          ],
          [
            "PAW_PBE",
            "H",
            "15Jun2001"
          ]
        ]
      }
    ],
    "EnergyStyle": "electronvolt",
    "ForcesStyle": "electronvoltperangstrom",
    "LatticeStyle": "angstrom",
    "PositionsStyle": "angstrom",
    "StressStyle": "kB"
  }
}