{
  "Dataset": {
    "AtomTypeStyle": "chemicalsymbol",
    "Data": [
      {
        "AtomTypes": [
          "Ni",
          "Ni",
          "Ni",
          "Ni",
          "Ni",
          "Ni",
          "Ni",
          "Ni",
          "Ni",
          "Ni",
          "Ni",
          "Ni",
          "Ni",
          "Ni",
          "Ni",
          "Au",
          "O",
          "H"
        ],
        "Energy": -81.1910084,
        "Forces": [
          [
            0.05781,
            0.006985,
            0.306567
          ],
          [
            0.019804,
            -0.011019,
            0.290021
          ],
          [
            -0.056713,
            0.004834,
            0.310757
          ],
          [
            -0.02212,
            -0.007795,
            0.287937
          ],
          [
            -0.000574,
            0.056347,
            -0.283757
          ],
          [
            0.003406,
            0.049205,
            -0.267359
          ],
          [
            0.005033,
            -0.039235,
            -0.335814
          ],
          [
            0.005315,
            -0.029287,
            -0.324675
          ],
          [
            -0.008775,
            -0.009629,
            0.013731
          ],
          [
            0.007118,
            -0.005948,
            0.009079
          ],
          [
            0.006018,
            0.002794,
            0.001463
          ],
          [
            -0.005853,
            0.000986,
            -0.002759
          ],
          [
            -0.002455,
            0.009626,
            -0.001558
          ],
          [
            -0.00154,
            -0.006559,
            -0.004238
          ],
          [
            0.000785,
            -0.023946,
            -0.009921
          ],
          [
            0.000272,
            0.017252,
            -0.00795
          ],
          [
            -0.012161,
            1.6e-05,
            0.008329
          ],
          [
            0.004631,
            -0.014625,
            0.010148
          ]
        ],
        "Lattice": [
          [
            5.025196436,
            0.0,
            0.0
          ],
          [
            0.0,
            5.025196436,
            0.0
          ],
          [
            0.0,
            0.0,
            17.427492376
          ]
        ],
        "NumAtoms": 18,
        "Positions": [
          [
            3.7689,
            1.2563,
            0.0
          ],
          [
            3.7689,
            3.7689,
            0.0
          ],
          [
            1.2563,
            1.2563,
            0.0
          ],
          [
            1.2563,
            3.7689,
            0.0
          ],
          [
            0.0,
            0.0,
            1.77656
          ],
          [
            2.5126,
            0.0,
            1.77656
          ],
          [
            0.0,
            2.5126,
            1.77656
          ],
          [
            2.5126,
            2.5126,
            1.77656
          ],
          [
            1.2822,
            1.27438,
            3.57361
          ],
          [
            3.75033,
            1.27056,
            3.56989
          ],
          [
            1.26445,
            3.76924,
            3.54645
          ],
          [
            3.75937,
            3.76639,
            3.54987
          ],
          [
            0.00575,
            5.00742,
            5.22135
          ],
          [
            -0.00194,
            2.49465,
            5.22964
          ],
          [
            2.51956,
            2.64026,
            5.43128
          ],
          [
            2.5234,
            0.17878,
            5.72764
          ],
          [
            2.42587,
            3.41279,
            7.19273
          ],
          [
            3.29309,
            3.36362,
            7.64261
          ]
        ],
        "Stress": [
          [
            -15.36021,
            -0.27986,
            -0.0412
          ],
          [
            -0.27986,
            -13.64243,
            -0.41476
          ],
          [
            -0.0412,
            -0.41476,
            -12.74394
          ]
        ],
        "computation_code": "VASP",
        "pseudopotential_information": [
          [
            "PAW_PBE",
            "Ni",
            "02Aug2007"
          ],
          [
            "PAW_PBE",
            "Au",
            "04Oct2007"
          ],
          [
            "PAW_PBE",
            "O",
            "08Apr2002"
          ],
          [
            "PAW_PBE",
            "H",
            "15Jun2001"
          ]
        ]
      }
    ],
    "EnergyStyle": "electronvolt",
    "ForcesStyle": "electronvoltperangstrom",
    "LatticeStyle": "angstrom",
    "PositionsStyle": "angstrom",
    "StressStyle": "kB"
  }
}