{
  "Dataset": {
    "AtomTypeStyle": "chemicalsymbol",
    "Data": [
      {
        "AtomTypes": [
          "Ni",
          "Ni",
          "Ni",
          "Ni",
          "Ni",
          "Ni",
          "Ni",
          "Ni",
          "Ni",
          "Ni",
          "Ni",
          "Ni",
          "Ni",
          "Ni",
          "Ni",
          "Au",
          "O",
          "H"
        ],
        "Energy": -81.72122938,
        "Forces": [
          [
            0.04759,
            0.015556,
            0.309735
          ],
          [
            0.005099,
            -0.013699,
            0.30084
          ],
          [
            -0.046955,
            0.01469,
            0.316336
          ],
          [
            -0.00612,
            -0.015265,
            0.298037
          ],
          [
            -0.000726,
            0.010799,
            -0.298746
          ],
          [
            -0.001191,
            0.054774,
            -0.322428
          ],
          [
            0.000431,
            -0.007614,
            -0.278869
          ],
          [
            -0.003446,
            -0.034637,
            -0.337047
          ],
          [
            0.006579,
            0.006032,
            0.001072
          ],
          [
            -0.003423,
            0.007169,
            0.001822
          ],
          [
            0.001882,
            -0.006961,
            -0.001743
          ],
          [
            0.004112,
            -0.010872,
            -0.001646
          ],
          [
            -0.015488,
            -0.000923,
            -0.003397
          ],
          [
            0.003046,
            0.000878,
            -0.001935
          ],
          [
            -0.001549,
            -0.009187,
            0.000711
          ],
          [
            0.013679,
            -0.007507,
            0.014533
          ],
          [
            0.007848,
            0.004224,
            0.016406
          ],
          [
            -0.011369,
            -0.007458,
            -0.013681
          ]
        ],
        "Lattice": [
          [
            5.025196436,
            0.0,
            0.0
          ],
          [
            0.0,
            5.025196436,
            0.0
          ],
          [
            0.0,
            0.0,
            17.427492376
          ]
        ],
        "NumAtoms": 18,
        "Positions": [
          [
            3.7689,
            1.2563,
            0.0
          ],
          [
            3.7689,
            3.7689,
            0.0
          ],
          [
            1.2563,
            1.2563,
            0.0
          ],
          [
            1.2563,
            3.7689,
            0.0
          ],
          [
            0.0,
            0.0,
            1.77656
          ],
          [
            2.5126,
            0.0,
            1.77656
          ],
          [
            0.0,
            2.5126,
            1.77656
          ],
          [
            2.5126,
            2.5126,
            1.77656
          ],
          [
            1.28528,
            1.25608,
            3.56664
          ],
          [
            3.74304,
            1.25719,
            3.56038
          ],
          [
            1.26996,
            3.77149,
            3.54816
          ],
          [
            3.75069,
            3.77204,
            3.54992
          ],
          [
            2.51467,
            -0.05537,
            5.44137
          ],
          [
            -0.00299,
            2.57056,
            5.21945
          ],
          [
            2.52026,
            2.42994,
            5.38787
          ],
          [
            5.02198,
            0.08682,
            5.59839
          ],
          [
            2.43152,
            3.63833,
            6.90664
          ],
          [
            3.26717,
            3.63373,
            7.41603
          ]
        ],
        "Stress": [
          [
            -8.74836,
            0.10883,
            0.13322
          ],
          [
            0.10883,
            -15.10571,
            -0.33207
          ],
          [
            0.13322,
            -0.33207,
            -12.8119
          ]
        ],
        "computation_code": "VASP",
        "pseudopotential_information": [
          [
            "PAW_PBE",
            "Ni",
            "02Aug2007"
          ],
          [
            "PAW_PBE",
            "Au",
            "04Oct2007"
          ],
          [
            "PAW_PBE",
            "O",
            "08Apr2002"
          ],
          [
            "PAW_PBE",
            "H",
            "15Jun2001"
          ]
        ]
      }
    ],
    "EnergyStyle": "electronvolt",
    "ForcesStyle": "electronvoltperangstrom",
    "LatticeStyle": "angstrom",
    "PositionsStyle": "angstrom",
    "StressStyle": "kB"
  }
}