{
  "Dataset": {
    "AtomTypeStyle": "chemicalsymbol",
    "Data": [
      {
        "AtomTypes": [
          "Ni",
          "Ni",
          "Ni",
          "Ni",
          "Ni",
          "Ni",
          "Ni",
          "Ni",
          "Ni",
          "Ni",
          "Ni",
          "Ni",
          "Ni",
          "Ni",
          "Ni",
          "Au",
          "H"
        ],
        "Energy": -73.72888086,
        "Forces": [
          [
            0.0,
            0.0,
            0.302421
          ],
          [
            0.0,
            0.0,
            0.404984
          ],
          [
            0.0,
            0.0,
            0.244868
          ],
          [
            0.0,
            0.0,
            0.280962
          ],
          [
            -0.356407,
            -0.290496,
            -0.695643
          ],
          [
            0.356407,
            -0.290496,
            -0.695643
          ],
          [
            -0.356407,
            0.290496,
            -0.695643
          ],
          [
            0.356407,
            0.290496,
            -0.695643
          ],
          [
            0.0,
            0.0,
            0.254657
          ],
          [
            0.0,
            0.0,
            0.108855
          ],
          [
            0.0,
            0.0,
            -0.031052
          ],
          [
            0.071532,
            0.211518,
            0.175891
          ],
          [
            -0.071532,
            0.211518,
            0.175891
          ],
          [
            0.071532,
            -0.211518,
            0.175891
          ],
          [
            -0.071532,
            -0.211518,
            0.175891
          ],
          [
            0.0,
            0.0,
            0.479963
          ],
          [
            0.0,
            0.0,
            0.033349
          ]
        ],
        "Lattice": [
          [
            5.025196436,
            0.0,
            0.0
          ],
          [
            0.0,
            5.025196436,
            0.0
          ],
          [
            0.0,
            0.0,
            17.427492376
          ]
        ],
        "NumAtoms": 17,
        "Positions": [
          [
            3.7689,
            1.2563,
            0.0
          ],
          [
            3.7689,
            3.7689,
            0.0
          ],
          [
            1.2563,
            1.2563,
            0.0
          ],
          [
            1.2563,
            3.7689,
            0.0
          ],
          [
            0.0,
            0.0,
            1.77656
          ],
          [
            2.5126,
            0.0,
            1.77656
          ],
          [
            0.0,
            2.5126,
            1.77656
          ],
          [
            2.5126,
            2.5126,
            1.77656
          ],
          [
            3.7689,
            1.2563,
            3.62678
          ],
          [
            1.2563,
            3.7689,
            3.56393
          ],
          [
            3.7689,
            3.7689,
            3.57924
          ],
          [
            -0.04089,
            -0.07271,
            5.40956
          ],
          [
            2.55349,
            -0.07271,
            5.40956
          ],
          [
            -0.04089,
            2.5853,
            5.40956
          ],
          [
            2.55349,
            2.5853,
            5.40956
          ],
          [
            1.2563,
            1.2563,
            3.62577
          ],
          [
            1.2563,
            3.7689,
            5.98673
          ]
        ],
        "Stress": [
          [
            -4.25249,
            0.0,
            0.0
          ],
          [
            0.0,
            0.38886,
            0.0
          ],
          [
            0.0,
            0.0,
            4.45864
          ]
        ],
        "computation_code": "VASP",
        "pseudopotential_information": [
          [
            "PAW_PBE",
            "Ni",
            "02Aug2007"
          ],
          [
            "PAW_PBE",
            "Au",
            "04Oct2007"
          ],
          [
            "PAW_PBE",
            "H",
            "15Jun2001"
          ]
        ]
      }
    ],
    "EnergyStyle": "electronvolt",
    "ForcesStyle": "electronvoltperangstrom",
    "LatticeStyle": "angstrom",
    "PositionsStyle": "angstrom",
    "StressStyle": "kB"
  }
}