{
  "Dataset": {
    "AtomTypeStyle": "chemicalsymbol",
    "Data": [
      {
        "AtomTypes": [
          "Ni",
          "Ni",
          "Ni",
          "Ni",
          "Ni",
          "Ni",
          "Ni",
          "Ni",
          "Ni",
          "Ni",
          "Ni",
          "Ni",
          "Ni",
          "Ni",
          "Ni",
          "Ni",
          "Ni",
          "Ni",
          "Ni",
          "Au",
          "H"
        ],
        "Energy": -90.63417867,
        "Forces": [
          [
            -0.003465,
            -0.003425,
            0.544083
          ],
          [
            0.003842,
            -0.012961,
            0.616965
          ],
          [
            -0.003465,
            0.003425,
            0.544083
          ],
          [
            0.003842,
            0.012961,
            0.616965
          ],
          [
            -0.004685,
            0.0,
            -0.632833
          ],
          [
            0.002055,
            0.0,
            -0.475316
          ],
          [
            0.027687,
            0.0,
            -1.58269
          ],
          [
            -0.032523,
            0.0,
            -0.620078
          ],
          [
            -0.632099,
            -0.475867,
            -0.468414
          ],
          [
            0.607193,
            -0.374671,
            -0.441626
          ],
          [
            -0.632099,
            0.475867,
            -0.468414
          ],
          [
            0.607193,
            0.374671,
            -0.441626
          ],
          [
            0.004595,
            0.0,
            0.038147
          ],
          [
            0.009878,
            0.0,
            0.060649
          ],
          [
            -0.260248,
            0.0,
            0.281846
          ],
          [
            -0.824242,
            0.549514,
            0.518572
          ],
          [
            0.574286,
            -0.081135,
            0.143355
          ],
          [
            -0.824242,
            -0.549514,
            0.518572
          ],
          [
            0.574286,
            0.081135,
            0.143355
          ],
          [
            0.721259,
            0.0,
            1.227805
          ],
          [
            0.080955,
            0.0,
            -0.123402
          ]
        ],
        "Lattice": [
          [
            7.106,
            0.0,
            0.0
          ],
          [
            0.0,
            5.024699515,
            0.0
          ],
          [
            0.0,
            0.0,
            17.703958439
          ]
        ],
        "NumAtoms": 21,
        "Positions": [
          [
            0.0,
            2.51235,
            0.0
          ],
          [
            3.553,
            2.51235,
            0.0
          ],
          [
            0.0,
            0.0,
            0.0
          ],
          [
            3.553,
            0.0,
            0.0
          ],
          [
            1.7765,
            3.76852,
            1.25617
          ],
          [
            5.3295,
            3.76852,
            1.25617
          ],
          [
            1.7765,
            1.25618,
            1.25617
          ],
          [
            5.3295,
            1.25618,
            1.25617
          ],
          [
            0.0,
            5.02105,
            2.48038
          ],
          [
            3.553,
            5.01903,
            2.49395
          ],
          [
            0.0,
            2.516,
            2.48038
          ],
          [
            3.553,
            2.51802,
            2.49395
          ],
          [
            1.80023,
            3.76852,
            3.80615
          ],
          [
            5.30577,
            3.76852,
            3.80615
          ],
          [
            5.34053,
            1.25618,
            3.75815
          ],
          [
            0.0,
            2.51591,
            4.89065
          ],
          [
            3.553,
            2.52908,
            5.02321
          ],
          [
            0.0,
            5.02114,
            4.89065
          ],
          [
            3.553,
            5.00797,
            5.02321
          ],
          [
            1.76547,
            1.25618,
            3.75815
          ],
          [
            3.553,
            1.25617,
            6.07463
          ]
        ],
        "Stress": [
          [
            2.21809,
            0.0,
            -0.3302
          ],
          [
            0.0,
            -1.63906,
            0.0
          ],
          [
            -0.3302,
            0.0,
            5.54437
          ]
        ],
        "computation_code": "VASP",
        "pseudopotential_information": [
          [
            "PAW_PBE",
            "Ni",
            "02Aug2007"
          ],
          [
            "PAW_PBE",
            "Au",
            "04Oct2007"
          ],
          [
            "PAW_PBE",
            "H",
            "15Jun2001"
          ]
        ]
      }
    ],
    "EnergyStyle": "electronvolt",
    "ForcesStyle": "electronvoltperangstrom",
    "LatticeStyle": "angstrom",
    "PositionsStyle": "angstrom",
    "StressStyle": "kB"
  }
}