{
  "Dataset": {
    "AtomTypeStyle": "chemicalsymbol",
    "Data": [
      {
        "AtomTypes": [
          "Ni",
          "Ni",
          "Ni",
          "Ni",
          "Ni",
          "Ni",
          "Ni",
          "Ni",
          "Ni",
          "Ni",
          "Ni",
          "Ni",
          "Ni",
          "Ni",
          "Ni",
          "Au",
          "H"
        ],
        "Energy": -73.85051486,
        "Forces": [
          [
            -0.0,
            0.0,
            0.306239
          ],
          [
            -0.0,
            0.0,
            0.321329
          ],
          [
            -0.0,
            0.0,
            0.321329
          ],
          [
            -0.0,
            0.0,
            0.411721
          ],
          [
            0.212822,
            -0.212822,
            -0.340878
          ],
          [
            -0.212822,
            -0.212822,
            -0.340878
          ],
          [
            0.212822,
            0.212822,
            -0.340878
          ],
          [
            -0.212822,
            0.212822,
            -0.340878
          ],
          [
            -0.0,
            0.0,
            -0.009534
          ],
          [
            -0.0,
            0.0,
            -0.043423
          ],
          [
            -0.0,
            0.0,
            -0.009534
          ],
          [
            -0.005473,
            0.005473,
            -0.008844
          ],
          [
            0.005473,
            0.005473,
            -0.008844
          ],
          [
            -0.005473,
            -0.005473,
            -0.008844
          ],
          [
            0.005473,
            -0.005473,
            -0.008844
          ],
          [
            -0.0,
            0.0,
            0.044447
          ],
          [
            0.0,
            0.0,
            0.056317
          ]
        ],
        "Lattice": [
          [
            5.025196436,
            0.0,
            0.0
          ],
          [
            0.0,
            5.025196436,
            0.0
          ],
          [
            0.0,
            0.0,
            17.427492376
          ]
        ],
        "NumAtoms": 17,
        "Positions": [
          [
            3.7689,
            1.2563,
            0.0
          ],
          [
            3.7689,
            3.7689,
            0.0
          ],
          [
            1.2563,
            1.2563,
            0.0
          ],
          [
            1.2563,
            3.7689,
            0.0
          ],
          [
            0.0,
            0.0,
            1.77656
          ],
          [
            2.5126,
            0.0,
            1.77656
          ],
          [
            0.0,
            2.5126,
            1.77656
          ],
          [
            2.5126,
            2.5126,
            1.77656
          ],
          [
            1.2563,
            1.2563,
            3.66775
          ],
          [
            1.2563,
            3.7689,
            3.61303
          ],
          [
            3.7689,
            3.7689,
            3.66775
          ],
          [
            0.04846,
            -0.04846,
            5.50996
          ],
          [
            2.46414,
            -0.04846,
            5.50996
          ],
          [
            0.04846,
            2.56106,
            5.50996
          ],
          [
            2.46414,
            2.56106,
            5.50996
          ],
          [
            3.7689,
            1.2563,
            3.7211
          ],
          [
            1.2563,
            3.7689,
            6.14375
          ]
        ],
        "Stress": [
          [
            -10.38391,
            0.0,
            0.0
          ],
          [
            0.0,
            -10.38391,
            -0.0
          ],
          [
            0.0,
            -0.0,
            -11.16579
          ]
        ],
        "computation_code": "VASP",
        "pseudopotential_information": [
          [
            "PAW_PBE",
            "Ni",
            "02Aug2007"
          ],
          [
            "PAW_PBE",
            "Au",
            "04Oct2007"
          ],
          [
            "PAW_PBE",
            "H",
            "15Jun2001"
          ]
        ]
      }
    ],
    "EnergyStyle": "electronvolt",
    "ForcesStyle": "electronvoltperangstrom",
    "LatticeStyle": "angstrom",
    "PositionsStyle": "angstrom",
    "StressStyle": "kB"
  }
}