{
  "Dataset": {
    "AtomTypeStyle": "chemicalsymbol",
    "Data": [
      {
        "AtomTypes": [
          "Ni",
          "Ni",
          "Ni",
          "Ni",
          "Ni",
          "Ni",
          "Ni",
          "Ni",
          "Ni",
          "Ni",
          "Ni",
          "Ni",
          "Ni",
          "Ni",
          "Ni",
          "Au",
          "O"
        ],
        "Energy": -76.99902091,
        "Forces": [
          [
            -0.0,
            0.0,
            0.485314
          ],
          [
            -0.0,
            0.0,
            0.328622
          ],
          [
            -0.0,
            0.0,
            0.328622
          ],
          [
            -0.0,
            0.0,
            0.284544
          ],
          [
            -0.395247,
            0.395247,
            -0.347446
          ],
          [
            0.395247,
            0.395247,
            -0.347446
          ],
          [
            -0.395247,
            -0.395247,
            -0.347446
          ],
          [
            0.395247,
            -0.395247,
            -0.347446
          ],
          [
            -0.0,
            0.0,
            0.026581
          ],
          [
            -0.0,
            0.0,
            0.042237
          ],
          [
            -0.0,
            0.0,
            0.026581
          ],
          [
            -0.013355,
            0.013355,
            -0.046078
          ],
          [
            0.013355,
            0.013355,
            -0.046078
          ],
          [
            -0.013355,
            -0.013355,
            -0.046078
          ],
          [
            0.013355,
            -0.013355,
            -0.046078
          ],
          [
            -0.0,
            0.0,
            -0.046193
          ],
          [
            -0.0,
            0.0,
            0.097786
          ]
        ],
        "Lattice": [
          [
            5.025196436,
            0.0,
            0.0
          ],
          [
            0.0,
            5.025196436,
            0.0
          ],
          [
            0.0,
            0.0,
            17.427492376
          ]
        ],
        "NumAtoms": 17,
        "Positions": [
          [
            3.7689,
            1.2563,
            0.0
          ],
          [
            3.7689,
            3.7689,
            0.0
          ],
          [
            1.2563,
            1.2563,
            0.0
          ],
          [
            1.2563,
            3.7689,
            0.0
          ],
          [
            0.0,
            0.0,
            1.77656
          ],
          [
            2.5126,
            0.0,
            1.77656
          ],
          [
            0.0,
            2.5126,
            1.77656
          ],
          [
            2.5126,
            2.5126,
            1.77656
          ],
          [
            1.2563,
            1.2563,
            3.6991
          ],
          [
            3.7689,
            1.2563,
            3.7489
          ],
          [
            3.7689,
            3.7689,
            3.6991
          ],
          [
            -0.02212,
            0.02212,
            5.59984
          ],
          [
            2.53471,
            0.02212,
            5.59984
          ],
          [
            -0.02212,
            2.49048,
            5.59984
          ],
          [
            2.53471,
            2.49048,
            5.59984
          ],
          [
            1.2563,
            3.7689,
            3.63423
          ],
          [
            1.2563,
            3.7689,
            6.42416
          ]
        ],
        "Stress": [
          [
            -18.28615,
            0.0,
            -0.0
          ],
          [
            0.0,
            -18.28615,
            0.0
          ],
          [
            -0.0,
            0.0,
            -14.64959
          ]
        ],
        "computation_code": "VASP",
        "pseudopotential_information": [
          [
            "PAW_PBE",
            "Ni",
            "02Aug2007"
          ],
          [
            "PAW_PBE",
            "Au",
            "04Oct2007"
          ],
          [
            "PAW_PBE",
            "O",
            "08Apr2002"
          ]
        ]
      }
    ],
    "EnergyStyle": "electronvolt",
    "ForcesStyle": "electronvoltperangstrom",
    "LatticeStyle": "angstrom",
    "PositionsStyle": "angstrom",
    "StressStyle": "kB"
  }
}