{
  "Dataset": {
    "AtomTypeStyle": "chemicalsymbol",
    "Data": [
      {
        "AtomTypes": [
          "Ni",
          "Ni",
          "Ni",
          "Ni",
          "Ni",
          "Ni",
          "Ni",
          "Ni",
          "Ni",
          "Ni",
          "Ni",
          "Ni",
          "Ni",
          "Ni",
          "Ni",
          "Au",
          "O",
          "H"
        ],
        "Energy": -81.71800397,
        "Forces": [
          [
            0.047771,
            0.015359,
            0.312031
          ],
          [
            0.004576,
            -0.013656,
            0.303337
          ],
          [
            -0.046548,
            0.015202,
            0.317882
          ],
          [
            -0.005294,
            -0.015264,
            0.300558
          ],
          [
            0.001596,
            0.026939,
            -0.272582
          ],
          [
            0.003858,
            0.071089,
            -0.287464
          ],
          [
            0.00297,
            0.007552,
            -0.270164
          ],
          [
            0.00173,
            -0.017503,
            -0.317466
          ],
          [
            -0.000784,
            -0.004379,
            -0.00396
          ],
          [
            -0.002904,
            -0.003528,
            -0.006276
          ],
          [
            -0.004006,
            -3.2e-05,
            -0.002169
          ],
          [
            0.002259,
            0.001604,
            -0.001281
          ],
          [
            0.007178,
            -0.03335,
            -0.006921
          ],
          [
            0.001006,
            0.006701,
            -0.061432
          ],
          [
            -0.009377,
            -0.002724,
            0.003059
          ],
          [
            -0.012008,
            -0.014142,
            -0.022261
          ],
          [
            -0.129914,
            -0.009908,
            -0.091223
          ],
          [
            0.137891,
            -0.02996,
            0.106333
          ]
        ],
        "Lattice": [
          [
            5.025196436,
            0.0,
            0.0
          ],
          [
            0.0,
            5.025196436,
            0.0
          ],
          [
            0.0,
            0.0,
            17.427492376
          ]
        ],
        "NumAtoms": 18,
        "Positions": [
          [
            3.7689,
            1.2563,
            0.0
          ],
          [
            3.7689,
            3.7689,
            0.0
          ],
          [
            1.2563,
            1.2563,
            0.0
          ],
          [
            1.2563,
            3.7689,
            0.0
          ],
          [
            0.0,
            0.0,
            1.77656
          ],
          [
            2.5126,
            0.0,
            1.77656
          ],
          [
            0.0,
            2.5126,
            1.77656
          ],
          [
            2.5126,
            2.5126,
            1.77656
          ],
          [
            1.28556,
            1.26603,
            3.57114
          ],
          [
            3.74532,
            1.26601,
            3.56585
          ],
          [
            1.26986,
            3.77685,
            3.55242
          ],
          [
            3.75402,
            3.77627,
            3.55464
          ],
          [
            2.51045,
            -0.02266,
            5.43738
          ],
          [
            0.00029,
            2.57543,
            5.23737
          ],
          [
            2.52431,
            2.45763,
            5.39285
          ],
          [
            5.02104,
            0.0918,
            5.60868
          ],
          [
            2.43006,
            3.67756,
            6.90725
          ],
          [
            3.27034,
            3.69396,
            7.40132
          ]
        ],
        "Stress": [
          [
            -8.66219,
            0.04025,
            0.33085
          ],
          [
            0.04025,
            -15.61406,
            -1.4684
          ],
          [
            0.33085,
            -1.4684,
            -13.71354
          ]
        ],
        "computation_code": "VASP",
        "pseudopotential_information": [
          [
            "PAW_PBE",
            "Ni",
            "02Aug2007"
          ],
          [
            "PAW_PBE",
            "Au",
            "04Oct2007"
          ],
          [
            "PAW_PBE",
            "O",
            "08Apr2002"
          ],
          [
            "PAW_PBE",
            "H",
            "15Jun2001"
          ]
        ]
      }
    ],
    "EnergyStyle": "electronvolt",
    "ForcesStyle": "electronvoltperangstrom",
    "LatticeStyle": "angstrom",
    "PositionsStyle": "angstrom",
    "StressStyle": "kB"
  }
}