{
  "Dataset": {
    "AtomTypeStyle": "chemicalsymbol",
    "Data": [
      {
        "AtomTypes": [
          "Ni",
          "Ni",
          "Ni",
          "Ni",
          "Ni",
          "Ni",
          "Ni",
          "Ni",
          "Ni",
          "Ni",
          "Ni",
          "Ni",
          "Ni",
          "Ni",
          "Ni",
          "Au"
        ],
        "Energy": -71.15176091,
        "Forces": [
          [
            -0.012981,
            0.012981,
            0.311179
          ],
          [
            -0.012981,
            -0.012981,
            0.311179
          ],
          [
            0.012981,
            0.012981,
            0.311179
          ],
          [
            0.012981,
            -0.012981,
            0.311179
          ],
          [
            -0.0,
            -0.0,
            -0.250819
          ],
          [
            -0.0,
            -0.0,
            -0.315447
          ],
          [
            -0.0,
            -0.0,
            -0.315447
          ],
          [
            -0.0,
            -0.0,
            -0.37125
          ],
          [
            -0.001924,
            -0.001924,
            -0.006599
          ],
          [
            0.001924,
            -0.001924,
            -0.006599
          ],
          [
            -0.001924,
            0.001924,
            -0.006599
          ],
          [
            0.001924,
            0.001924,
            -0.006599
          ],
          [
            0.0,
            -0.0,
            0.001053
          ],
          [
            -0.0,
            -0.0,
            0.001053
          ],
          [
            -0.0,
            -0.0,
            0.03271
          ],
          [
            -0.0,
            -0.0,
            -0.000174
          ]
        ],
        "Lattice": [
          [
            5.025196436,
            0.0,
            0.0
          ],
          [
            0.0,
            5.025196436,
            0.0
          ],
          [
            0.0,
            0.0,
            17.427492376
          ]
        ],
        "NumAtoms": 16,
        "Positions": [
          [
            3.7689,
            1.2563,
            0.0
          ],
          [
            3.7689,
            3.7689,
            0.0
          ],
          [
            1.2563,
            1.2563,
            0.0
          ],
          [
            1.2563,
            3.7689,
            0.0
          ],
          [
            0.0,
            0.0,
            1.77656
          ],
          [
            2.5126,
            0.0,
            1.77656
          ],
          [
            0.0,
            2.5126,
            1.77656
          ],
          [
            2.5126,
            2.5126,
            1.77656
          ],
          [
            1.2568,
            1.2568,
            3.56307
          ],
          [
            3.7684,
            1.2568,
            3.56307
          ],
          [
            1.2568,
            3.7684,
            3.56307
          ],
          [
            3.7684,
            3.7684,
            3.56307
          ],
          [
            2.5126,
            -0.0,
            5.28645
          ],
          [
            -0.0,
            2.5126,
            5.28645
          ],
          [
            2.5126,
            2.5126,
            5.26589
          ],
          [
            -0.0,
            -0.0,
            5.69435
          ]
        ],
        "Stress": [
          [
            -15.88792,
            0.0,
            0.0
          ],
          [
            0.0,
            -15.88792,
            0.0
          ],
          [
            0.0,
            0.0,
            -10.36448
          ]
        ],
        "computation_code": "VASP",
        "pseudopotential_information": [
          [
            "PAW_PBE",
            "Ni",
            "02Aug2007"
          ],
          [
            "PAW_PBE",
            "Au",
            "04Oct2007"
          ]
        ]
      }
    ],
    "EnergyStyle": "electronvolt",
    "ForcesStyle": "electronvoltperangstrom",
    "LatticeStyle": "angstrom",
    "PositionsStyle": "angstrom",
    "StressStyle": "kB"
  }
}