{
  "Dataset": {
    "AtomTypeStyle": "chemicalsymbol",
    "Data": [
      {
        "AtomTypes": [
          "Ni",
          "Ni",
          "Ni",
          "Ni",
          "Ni",
          "Ni",
          "Ni",
          "Ni",
          "Ni",
          "Ni",
          "Ni",
          "Ni",
          "Ni",
          "Ni",
          "Ni",
          "W",
          "O"
        ],
        "Energy": -87.56237699,
        "Forces": [
          [
            -0.0,
            -0.0,
            -0.234124
          ],
          [
            -0.0,
            -0.0,
            0.319843
          ],
          [
            -0.0,
            -0.0,
            0.319843
          ],
          [
            -0.0,
            -0.0,
            0.21035
          ],
          [
            -0.116409,
            0.116409,
            -0.17431
          ],
          [
            0.116409,
            0.116409,
            -0.17431
          ],
          [
            -0.116409,
            -0.116409,
            -0.17431
          ],
          [
            0.116409,
            -0.116409,
            -0.17431
          ],
          [
            -0.0,
            -0.0,
            0.006696
          ],
          [
            -0.0,
            -0.0,
            0.026241
          ],
          [
            -0.0,
            -0.0,
            0.006696
          ],
          [
            -0.010674,
            0.010674,
            0.006618
          ],
          [
            0.010674,
            0.010674,
            0.006618
          ],
          [
            -0.010674,
            -0.010674,
            0.006618
          ],
          [
            0.010674,
            -0.010674,
            0.006618
          ],
          [
            -0.0,
            -0.0,
            0.026961
          ],
          [
            -0.0,
            -0.0,
            -0.011737
          ]
        ],
        "Lattice": [
          [
            5.025196436,
            0.0,
            0.0
          ],
          [
            0.0,
            5.025196436,
            0.0
          ],
          [
            0.0,
            0.0,
            17.427492376
          ]
        ],
        "NumAtoms": 17,
        "Positions": [
          [
            3.7689,
            1.2563,
            0.0
          ],
          [
            3.7689,
            3.7689,
            0.0
          ],
          [
            1.2563,
            1.2563,
            0.0
          ],
          [
            1.2563,
            3.7689,
            0.0
          ],
          [
            0.0,
            0.0,
            1.77656
          ],
          [
            2.5126,
            0.0,
            1.77656
          ],
          [
            0.0,
            2.5126,
            1.77656
          ],
          [
            2.5126,
            2.5126,
            1.77656
          ],
          [
            1.2563,
            1.2563,
            3.59634
          ],
          [
            3.7689,
            1.2563,
            3.67185
          ],
          [
            3.7689,
            3.7689,
            3.59634
          ],
          [
            0.01539,
            -0.01539,
            5.39417
          ],
          [
            2.49721,
            -0.01539,
            5.39417
          ],
          [
            0.01539,
            2.52799,
            5.39417
          ],
          [
            2.49721,
            2.52799,
            5.39417
          ],
          [
            1.2563,
            3.7689,
            3.51787
          ],
          [
            1.2563,
            3.7689,
            6.29122
          ]
        ],
        "Stress": [
          [
            -15.75368,
            0.0,
            0.0
          ],
          [
            0.0,
            -15.75368,
            0.0
          ],
          [
            0.0,
            0.0,
            -8.34074
          ]
        ],
        "computation_code": "VASP",
        "pseudopotential_information": [
          [
            "PAW_PBE",
            "Ni",
            "02Aug2007"
          ],
          [
            "PAW_PBE",
            "W",
            "08Apr2002"
          ],
          [
            "PAW_PBE",
            "O",
            "08Apr2002"
          ]
        ]
      }
    ],
    "EnergyStyle": "electronvolt",
    "ForcesStyle": "electronvoltperangstrom",
    "LatticeStyle": "angstrom",
    "PositionsStyle": "angstrom",
    "StressStyle": "kB"
  }
}