{
  "Dataset": {
    "AtomTypeStyle": "chemicalsymbol",
    "Data": [
      {
        "AtomTypes": [
          "Ni",
          "Ni",
          "Ni",
          "Ni",
          "Ni",
          "Ni",
          "Ni",
          "Ni",
          "Ni",
          "Ni",
          "Ni",
          "Ni",
          "Ni",
          "Ni",
          "Ni",
          "W"
        ],
        "Energy": -79.5572858,
        "Forces": [
          [
            0.008961,
            -0.008961,
            0.363635
          ],
          [
            0.008961,
            0.008961,
            0.363635
          ],
          [
            -0.008961,
            -0.008961,
            0.363635
          ],
          [
            -0.008961,
            0.008961,
            0.363635
          ],
          [
            -0.0,
            0.0,
            -0.389443
          ],
          [
            -0.0,
            0.0,
            -0.306412
          ],
          [
            -0.0,
            0.0,
            -0.306412
          ],
          [
            -0.0,
            0.0,
            -0.655546
          ],
          [
            -0.012245,
            -0.012245,
            0.010385
          ],
          [
            0.012245,
            -0.012245,
            0.010385
          ],
          [
            -0.012245,
            0.012245,
            0.010385
          ],
          [
            0.012245,
            0.012245,
            0.010385
          ],
          [
            -0.0,
            0.0,
            0.038163
          ],
          [
            -0.0,
            0.0,
            0.038163
          ],
          [
            -0.0,
            0.0,
            0.050716
          ],
          [
            -0.0,
            0.0,
            0.034691
          ]
        ],
        "Lattice": [
          [
            5.025196436,
            0.0,
            0.0
          ],
          [
            0.0,
            5.025196436,
            0.0
          ],
          [
            0.0,
            0.0,
            17.427492376
          ]
        ],
        "NumAtoms": 16,
        "Positions": [
          [
            3.7689,
            1.2563,
            0.0
          ],
          [
            3.7689,
            3.7689,
            0.0
          ],
          [
            1.2563,
            1.2563,
            0.0
          ],
          [
            1.2563,
            3.7689,
            0.0
          ],
          [
            0.0,
            0.0,
            1.77656
          ],
          [
            2.5126,
            0.0,
            1.77656
          ],
          [
            0.0,
            2.5126,
            1.77656
          ],
          [
            2.5126,
            2.5126,
            1.77656
          ],
          [
            1.25466,
            1.25466,
            3.60121
          ],
          [
            3.77054,
            1.25466,
            3.60121
          ],
          [
            1.25466,
            3.77054,
            3.60121
          ],
          [
            3.77054,
            3.77054,
            3.60121
          ],
          [
            2.5126,
            -0.0,
            5.34006
          ],
          [
            0.0,
            2.5126,
            5.34006
          ],
          [
            2.5126,
            2.5126,
            5.35058
          ],
          [
            0.0,
            -0.0,
            5.28421
          ]
        ],
        "Stress": [
          [
            -23.30245,
            0.0,
            0.0
          ],
          [
            0.0,
            -23.30245,
            -0.0
          ],
          [
            0.0,
            -0.0,
            -9.56738
          ]
        ],
        "computation_code": "VASP",
        "pseudopotential_information": [
          [
            "PAW_PBE",
            "Ni",
            "02Aug2007"
          ],
          [
            "PAW_PBE",
            "W",
            "08Apr2002"
          ]
        ]
      }
    ],
    "EnergyStyle": "electronvolt",
    "ForcesStyle": "electronvoltperangstrom",
    "LatticeStyle": "angstrom",
    "PositionsStyle": "angstrom",
    "StressStyle": "kB"
  }
}