{
  "Dataset": {
    "AtomTypeStyle": "chemicalsymbol",
    "Data": [
      {
        "AtomTypes": [
          "Ni",
          "Ni",
          "Ni",
          "Ni",
          "Ni",
          "Ni",
          "Ni",
          "Ni",
          "Ni",
          "Ni",
          "Ni",
          "Ni",
          "Ni",
          "Ni",
          "Ni",
          "Ni",
          "Ni",
          "Ni",
          "Ni",
          "W",
          "H"
        ],
        "Energy": -101.16742155,
        "Forces": [
          [
            0.056733,
            -0.015724,
            0.540104
          ],
          [
            -0.049367,
            -0.034649,
            0.534526
          ],
          [
            0.056733,
            0.015724,
            0.540104
          ],
          [
            -0.049367,
            0.034649,
            0.534526
          ],
          [
            0.051107,
            0.0,
            -0.520202
          ],
          [
            -0.049674,
            0.0,
            -0.435704
          ],
          [
            0.051185,
            0.0,
            -0.90123
          ],
          [
            -0.056164,
            0.0,
            -0.588262
          ],
          [
            -0.030655,
            0.004236,
            0.082413
          ],
          [
            0.033036,
            -0.054648,
            -0.03989
          ],
          [
            -0.030655,
            -0.004236,
            0.082413
          ],
          [
            0.033036,
            0.054648,
            -0.03989
          ],
          [
            -0.022338,
            0.0,
            0.062765
          ],
          [
            -0.08575,
            0.0,
            -0.012246
          ],
          [
            -0.000921,
            0.0,
            0.147261
          ],
          [
            0.023804,
            -0.016044,
            0.048238
          ],
          [
            -0.065594,
            0.098963,
            -0.079698
          ],
          [
            0.023804,
            0.016044,
            0.048238
          ],
          [
            -0.065594,
            -0.098963,
            -0.079698
          ],
          [
            0.032516,
            0.0,
            0.049338
          ],
          [
            0.144125,
            0.0,
            0.026895
          ]
        ],
        "Lattice": [
          [
            7.106,
            0.0,
            0.0
          ],
          [
            0.0,
            5.024699515,
            0.0
          ],
          [
            0.0,
            0.0,
            17.703958439
          ]
        ],
        "NumAtoms": 21,
        "Positions": [
          [
            0.0,
            2.51235,
            0.0
          ],
          [
            3.553,
            2.51235,
            0.0
          ],
          [
            0.0,
            0.0,
            0.0
          ],
          [
            3.553,
            0.0,
            0.0
          ],
          [
            1.7765,
            3.76852,
            1.25617
          ],
          [
            5.3295,
            3.76852,
            1.25617
          ],
          [
            1.7765,
            1.25618,
            1.25617
          ],
          [
            5.3295,
            1.25618,
            1.25617
          ],
          [
            0.01009,
            5.02429,
            2.45926
          ],
          [
            3.54459,
            0.00174,
            2.479
          ],
          [
            0.01009,
            2.51276,
            2.45926
          ],
          [
            3.54459,
            2.51061,
            2.479
          ],
          [
            1.80508,
            3.76852,
            3.82226
          ],
          [
            1.78601,
            1.25618,
            3.75322
          ],
          [
            5.31492,
            1.25618,
            3.79142
          ],
          [
            0.00298,
            2.52419,
            4.92192
          ],
          [
            3.5359,
            2.50467,
            5.01932
          ],
          [
            0.00298,
            5.01286,
            4.92192
          ],
          [
            3.5359,
            0.00768,
            5.01932
          ],
          [
            5.31517,
            3.76852,
            3.82223
          ],
          [
            3.57033,
            1.25617,
            6.06239
          ]
        ],
        "Stress": [
          [
            -17.15093,
            0.0,
            0.42841
          ],
          [
            0.0,
            -11.74729,
            0.0
          ],
          [
            0.42841,
            0.0,
            -7.69174
          ]
        ],
        "computation_code": "VASP",
        "pseudopotential_information": [
          [
            "PAW_PBE",
            "Ni",
            "02Aug2007"
          ],
          [
            "PAW_PBE",
            "W",
            "08Apr2002"
          ],
          [
            "PAW_PBE",
            "H",
            "15Jun2001"
          ]
        ]
      }
    ],
    "EnergyStyle": "electronvolt",
    "ForcesStyle": "electronvoltperangstrom",
    "LatticeStyle": "angstrom",
    "PositionsStyle": "angstrom",
    "StressStyle": "kB"
  }
}