{
  "Dataset": {
    "AtomTypeStyle": "chemicalsymbol",
    "Data": [
      {
        "AtomTypes": [
          "Ni",
          "Ni",
          "Ni",
          "Ni",
          "Ni",
          "Ni",
          "Ni",
          "Ni",
          "Ni",
          "Ni",
          "Ni",
          "Ni",
          "Ni",
          "Ni",
          "Ni",
          "W",
          "O"
        ],
        "Energy": -87.55267882,
        "Forces": [
          [
            -0.0,
            0.0,
            0.273539
          ],
          [
            -0.0,
            0.0,
            0.317072
          ],
          [
            -0.0,
            0.0,
            0.317072
          ],
          [
            -0.0,
            0.0,
            -0.180125
          ],
          [
            -0.009373,
            0.009373,
            -0.170679
          ],
          [
            0.009373,
            0.009373,
            -0.170679
          ],
          [
            -0.009373,
            -0.009373,
            -0.170679
          ],
          [
            0.009373,
            -0.009373,
            -0.170679
          ],
          [
            0.0,
            0.0,
            -0.008187
          ],
          [
            -0.0,
            0.0,
            -0.001466
          ],
          [
            -0.0,
            0.0,
            -0.008187
          ],
          [
            0.006832,
            -0.006832,
            -0.008106
          ],
          [
            -0.006832,
            -0.006832,
            -0.008106
          ],
          [
            0.006832,
            0.006832,
            -0.008106
          ],
          [
            -0.006832,
            0.006832,
            -0.008106
          ],
          [
            0.0,
            0.0,
            0.000263
          ],
          [
            -0.0,
            0.0,
            0.005158
          ]
        ],
        "Lattice": [
          [
            5.025196436,
            0.0,
            0.0
          ],
          [
            0.0,
            5.025196436,
            0.0
          ],
          [
            0.0,
            0.0,
            17.427492376
          ]
        ],
        "NumAtoms": 17,
        "Positions": [
          [
            3.7689,
            1.2563,
            0.0
          ],
          [
            3.7689,
            3.7689,
            0.0
          ],
          [
            1.2563,
            1.2563,
            0.0
          ],
          [
            1.2563,
            3.7689,
            0.0
          ],
          [
            0.0,
            0.0,
            1.77656
          ],
          [
            2.5126,
            0.0,
            1.77656
          ],
          [
            0.0,
            2.5126,
            1.77656
          ],
          [
            2.5126,
            2.5126,
            1.77656
          ],
          [
            1.2563,
            1.2563,
            3.626
          ],
          [
            1.2563,
            3.7689,
            3.51959
          ],
          [
            3.7689,
            3.7689,
            3.626
          ],
          [
            0.00058,
            -0.00058,
            5.41982
          ],
          [
            2.51201,
            -0.00058,
            5.41982
          ],
          [
            0.00058,
            2.51318,
            5.41982
          ],
          [
            2.51201,
            2.51318,
            5.41982
          ],
          [
            3.7689,
            1.2563,
            3.628
          ],
          [
            1.2563,
            3.7689,
            6.2673
          ]
        ],
        "Stress": [
          [
            -13.81864,
            0.0,
            0.0
          ],
          [
            0.0,
            -13.81864,
            -0.0
          ],
          [
            0.0,
            -0.0,
            -10.08201
          ]
        ],
        "computation_code": "VASP",
        "pseudopotential_information": [
          [
            "PAW_PBE",
            "Ni",
            "02Aug2007"
          ],
          [
            "PAW_PBE",
            "W",
            "08Apr2002"
          ],
          [
            "PAW_PBE",
            "O",
            "08Apr2002"
          ]
        ]
      }
    ],
    "EnergyStyle": "electronvolt",
    "ForcesStyle": "electronvoltperangstrom",
    "LatticeStyle": "angstrom",
    "PositionsStyle": "angstrom",
    "StressStyle": "kB"
  }
}