{
  "Dataset": {
    "AtomTypeStyle": "chemicalsymbol",
    "Data": [
      {
        "AtomTypes": [
          "Ni",
          "Ni",
          "Ni",
          "Ni",
          "Ni",
          "Ni",
          "Ni",
          "Ni",
          "Ni",
          "Ni",
          "Ni",
          "Ni",
          "Ni",
          "Ni",
          "Ni",
          "Ni",
          "Ni",
          "Ni",
          "Ni",
          "W",
          "H"
        ],
        "Energy": -100.21352203,
        "Forces": [
          [
            0.0,
            -0.004809,
            0.531171
          ],
          [
            0.0,
            -0.008548,
            0.607055
          ],
          [
            0.0,
            0.006989,
            0.45226
          ],
          [
            0.0,
            0.014059,
            0.58168
          ],
          [
            0.032497,
            -0.00148,
            -0.560151
          ],
          [
            -0.032497,
            -0.00148,
            -0.560151
          ],
          [
            0.036373,
            -0.005157,
            -0.584116
          ],
          [
            -0.036373,
            -0.005157,
            -0.584116
          ],
          [
            0.0,
            0.067105,
            -0.260795
          ],
          [
            0.0,
            -0.015984,
            -0.044266
          ],
          [
            0.0,
            -0.068748,
            0.020613
          ],
          [
            0.0,
            0.025252,
            -0.148795
          ],
          [
            0.157467,
            -0.140193,
            0.074433
          ],
          [
            -0.157467,
            -0.140193,
            0.074433
          ],
          [
            0.102177,
            0.144664,
            0.202019
          ],
          [
            -0.102177,
            0.144664,
            0.202019
          ],
          [
            0.0,
            -0.02201,
            0.128307
          ],
          [
            0.0,
            0.08729,
            -0.250346
          ],
          [
            0.0,
            -0.097988,
            -0.106561
          ],
          [
            0.0,
            0.026848,
            0.241526
          ],
          [
            0.0,
            -0.005121,
            -0.016219
          ]
        ],
        "Lattice": [
          [
            7.106,
            0.0,
            0.0
          ],
          [
            0.0,
            5.024699515,
            0.0
          ],
          [
            0.0,
            0.0,
            17.703958439
          ]
        ],
        "NumAtoms": 21,
        "Positions": [
          [
            0.0,
            2.51235,
            0.0
          ],
          [
            3.553,
            2.51235,
            0.0
          ],
          [
            0.0,
            0.0,
            0.0
          ],
          [
            3.553,
            0.0,
            0.0
          ],
          [
            1.7765,
            3.76852,
            1.25617
          ],
          [
            5.3295,
            3.76852,
            1.25617
          ],
          [
            1.7765,
            1.25618,
            1.25617
          ],
          [
            5.3295,
            1.25618,
            1.25617
          ],
          [
            0.0,
            5.01668,
            2.50467
          ],
          [
            3.553,
            5.02209,
            2.48308
          ],
          [
            0.0,
            2.51916,
            2.45396
          ],
          [
            3.553,
            2.51583,
            2.46755
          ],
          [
            1.78665,
            3.78043,
            3.82661
          ],
          [
            5.31935,
            3.78043,
            3.82661
          ],
          [
            1.77663,
            1.24717,
            3.8049
          ],
          [
            5.32937,
            1.24717,
            3.8049
          ],
          [
            0.0,
            2.51558,
            4.91243
          ],
          [
            3.553,
            2.49775,
            4.99965
          ],
          [
            3.553,
            0.02032,
            5.01848
          ],
          [
            0.0,
            5.01868,
            4.83839
          ],
          [
            3.553,
            1.24878,
            6.05695
          ]
        ],
        "Stress": [
          [
            -18.61786,
            0.0,
            0.0
          ],
          [
            0.0,
            -15.81236,
            -0.04996
          ],
          [
            0.0,
            -0.04996,
            -7.21912
          ]
        ],
        "computation_code": "VASP",
        "pseudopotential_information": [
          [
            "PAW_PBE",
            "Ni",
            "02Aug2007"
          ],
          [
            "PAW_PBE",
            "W",
            "08Apr2002"
          ],
          [
            "PAW_PBE",
            "H",
            "15Jun2001"
          ]
        ]
      }
    ],
    "EnergyStyle": "electronvolt",
    "ForcesStyle": "electronvoltperangstrom",
    "LatticeStyle": "angstrom",
    "PositionsStyle": "angstrom",
    "StressStyle": "kB"
  }
}