{
  "Dataset": {
    "AtomTypeStyle": "chemicalsymbol",
    "Data": [
      {
        "AtomTypes": [
          "Ni",
          "Ni",
          "Ni",
          "Ni",
          "Ni",
          "Ni",
          "Ni",
          "Ni",
          "Ni",
          "Ni",
          "Ni",
          "Ni",
          "Ni",
          "Ni",
          "Ni",
          "W"
        ],
        "Energy": -79.55882527,
        "Forces": [
          [
            0.00858,
            -0.00858,
            0.367608
          ],
          [
            0.00858,
            0.00858,
            0.367608
          ],
          [
            -0.00858,
            -0.00858,
            0.367608
          ],
          [
            -0.00858,
            0.00858,
            0.367608
          ],
          [
            -0.0,
            0.0,
            -0.348064
          ],
          [
            -0.0,
            0.0,
            -0.270518
          ],
          [
            -0.0,
            0.0,
            -0.270518
          ],
          [
            -0.0,
            0.0,
            -0.633606
          ],
          [
            -0.000852,
            -0.000852,
            0.015727
          ],
          [
            0.000852,
            -0.000852,
            0.015727
          ],
          [
            -0.000852,
            0.000852,
            0.015727
          ],
          [
            0.000852,
            0.000852,
            0.015727
          ],
          [
            -0.0,
            0.0,
            -0.01028
          ],
          [
            0.0,
            0.0,
            -0.01028
          ],
          [
            -0.0,
            0.0,
            -0.057083
          ],
          [
            -0.0,
            0.0,
            0.067012
          ]
        ],
        "Lattice": [
          [
            5.025196436,
            0.0,
            0.0
          ],
          [
            0.0,
            5.025196436,
            0.0
          ],
          [
            0.0,
            0.0,
            17.427492376
          ]
        ],
        "NumAtoms": 16,
        "Positions": [
          [
            3.7689,
            1.2563,
            0.0
          ],
          [
            3.7689,
            3.7689,
            0.0
          ],
          [
            1.2563,
            1.2563,
            0.0
          ],
          [
            1.2563,
            3.7689,
            0.0
          ],
          [
            0.0,
            0.0,
            1.77656
          ],
          [
            2.5126,
            0.0,
            1.77656
          ],
          [
            0.0,
            2.5126,
            1.77656
          ],
          [
            2.5126,
            2.5126,
            1.77656
          ],
          [
            1.25601,
            1.25601,
            3.61004
          ],
          [
            3.76919,
            1.25601,
            3.61004
          ],
          [
            1.25601,
            3.76919,
            3.61004
          ],
          [
            3.76919,
            3.76919,
            3.61004
          ],
          [
            2.5126,
            -0.0,
            5.36001
          ],
          [
            0.0,
            2.5126,
            5.36001
          ],
          [
            2.5126,
            2.5126,
            5.38142
          ],
          [
            0.0,
            -0.0,
            5.28539
          ]
        ],
        "Stress": [
          [
            -24.58155,
            0.0,
            0.0
          ],
          [
            0.0,
            -24.58155,
            0.0
          ],
          [
            0.0,
            0.0,
            -11.75163
          ]
        ],
        "computation_code": "VASP",
        "pseudopotential_information": [
          [
            "PAW_PBE",
            "Ni",
            "02Aug2007"
          ],
          [
            "PAW_PBE",
            "W",
            "08Apr2002"
          ]
        ]
      }
    ],
    "EnergyStyle": "electronvolt",
    "ForcesStyle": "electronvoltperangstrom",
    "LatticeStyle": "angstrom",
    "PositionsStyle": "angstrom",
    "StressStyle": "kB"
  }
}