{
  "Dataset": {
    "AtomTypeStyle": "chemicalsymbol",
    "Data": [
      {
        "AtomTypes": [
          "Ni",
          "Ni",
          "Ni",
          "Ni",
          "Ni",
          "Ni",
          "Ni",
          "Ni",
          "Ni",
          "Ni",
          "Ni",
          "Ni",
          "Ni",
          "Ni",
          "Ni",
          "Ni",
          "Ni",
          "Ni",
          "Ni",
          "W",
          "O",
          "H"
        ],
        "Energy": -108.28821134,
        "Forces": [
          [
            -0.056576,
            0.014422,
            0.558237
          ],
          [
            0.060673,
            0.001326,
            0.564742
          ],
          [
            -0.056576,
            -0.014422,
            0.558237
          ],
          [
            0.060673,
            -0.001326,
            0.564742
          ],
          [
            0.084913,
            0.0,
            -0.433353
          ],
          [
            -0.117747,
            0.0,
            -0.852904
          ],
          [
            0.156688,
            0.0,
            -0.433194
          ],
          [
            -0.123285,
            0.0,
            -0.523167
          ],
          [
            -0.001846,
            -0.002487,
            0.001717
          ],
          [
            -0.005814,
            0.018865,
            0.001345
          ],
          [
            -0.001846,
            0.002487,
            0.001717
          ],
          [
            -0.005814,
            -0.018865,
            0.001345
          ],
          [
            -0.007738,
            0.0,
            0.008825
          ],
          [
            0.008497,
            0.0,
            0.005498
          ],
          [
            -0.005572,
            0.0,
            -0.006156
          ],
          [
            -0.005,
            0.000693,
            0.011175
          ],
          [
            0.000399,
            -0.000281,
            -0.002253
          ],
          [
            -0.005,
            -0.000693,
            0.011175
          ],
          [
            0.000399,
            0.000281,
            -0.002253
          ],
          [
            0.010786,
            0.0,
            -0.004418
          ],
          [
            0.00151,
            0.0,
            -0.009353
          ],
          [
            0.008278,
            0.0,
            -0.021703
          ]
        ],
        "Lattice": [
          [
            7.106,
            0.0,
            0.0
          ],
          [
            0.0,
            5.024699515,
            0.0
          ],
          [
            0.0,
            0.0,
            17.703958439
          ]
        ],
        "NumAtoms": 22,
        "Positions": [
          [
            0.0,
            2.51235,
            0.0
          ],
          [
            3.553,
            2.51235,
            0.0
          ],
          [
            0.0,
            0.0,
            0.0
          ],
          [
            3.553,
            0.0,
            0.0
          ],
          [
            1.7765,
            3.76852,
            1.25617
          ],
          [
            5.3295,
            3.76852,
            1.25617
          ],
          [
            1.7765,
            1.25618,
            1.25617
          ],
          [
            5.3295,
            1.25618,
            1.25617
          ],
          [
            7.0953,
            5.01781,
            2.4765
          ],
          [
            3.56707,
            5.01755,
            2.51837
          ],
          [
            7.0953,
            2.51924,
            2.4765
          ],
          [
            3.56707,
            2.5195,
            2.51837
          ],
          [
            1.83282,
            3.76852,
            3.84323
          ],
          [
            5.30432,
            3.76852,
            3.78618
          ],
          [
            5.33949,
            1.25618,
            3.80846
          ],
          [
            0.01238,
            2.50891,
            4.93204
          ],
          [
            3.53805,
            2.47755,
            5.08584
          ],
          [
            0.01238,
            0.00344,
            4.93204
          ],
          [
            3.53805,
            0.0348,
            5.08584
          ],
          [
            1.7729,
            1.25618,
            3.78005
          ],
          [
            3.6903,
            1.25617,
            6.60121
          ],
          [
            4.6107,
            1.25617,
            6.93221
          ]
        ],
        "Stress": [
          [
            -19.31728,
            0.0,
            0.12683
          ],
          [
            0.0,
            -14.83402,
            0.0
          ],
          [
            0.12683,
            0.0,
            -11.39333
          ]
        ],
        "computation_code": "VASP",
        "pseudopotential_information": [
          [
            "PAW_PBE",
            "Ni",
            "02Aug2007"
          ],
          [
            "PAW_PBE",
            "W",
            "08Apr2002"
          ],
          [
            "PAW_PBE",
            "O",
            "08Apr2002"
          ],
          [
            "PAW_PBE",
            "H",
            "15Jun2001"
          ]
        ]
      }
    ],
    "EnergyStyle": "electronvolt",
    "ForcesStyle": "electronvoltperangstrom",
    "LatticeStyle": "angstrom",
    "PositionsStyle": "angstrom",
    "StressStyle": "kB"
  }
}