{
  "Dataset": {
    "AtomTypeStyle": "chemicalsymbol",
    "Data": [
      {
        "AtomTypes": [
          "Ni",
          "Ni",
          "Ni",
          "Ni",
          "Ni",
          "Ni",
          "Ni",
          "Ni",
          "Ni",
          "Ni",
          "Ni",
          "Ni",
          "Ni",
          "Ni",
          "Ni",
          "W",
          "H"
        ],
        "Energy": -84.50776267,
        "Forces": [
          [
            -0.0,
            -0.0,
            -0.090869
          ],
          [
            -0.0,
            -0.0,
            0.291322
          ],
          [
            -0.0,
            -0.0,
            0.291322
          ],
          [
            -0.0,
            -0.0,
            0.293316
          ],
          [
            -0.034032,
            0.034032,
            -0.316982
          ],
          [
            0.034032,
            0.034032,
            -0.316982
          ],
          [
            -0.034032,
            -0.034032,
            -0.316982
          ],
          [
            0.034032,
            -0.034032,
            -0.316982
          ],
          [
            -0.0,
            -0.0,
            0.00597
          ],
          [
            -0.0,
            -0.0,
            0.153007
          ],
          [
            -0.0,
            -0.0,
            0.00597
          ],
          [
            -0.049273,
            0.049273,
            0.132195
          ],
          [
            0.049273,
            0.049273,
            0.132195
          ],
          [
            -0.049273,
            -0.049273,
            0.132195
          ],
          [
            0.049273,
            -0.049273,
            0.132195
          ],
          [
            -0.0,
            -0.0,
            -0.062519
          ],
          [
            -0.0,
            -0.0,
            -0.148368
          ]
        ],
        "Lattice": [
          [
            5.025196436,
            0.0,
            0.0
          ],
          [
            0.0,
            5.025196436,
            0.0
          ],
          [
            0.0,
            0.0,
            17.427492376
          ]
        ],
        "NumAtoms": 17,
        "Positions": [
          [
            3.7689,
            1.2563,
            0.0
          ],
          [
            3.7689,
            3.7689,
            0.0
          ],
          [
            1.2563,
            1.2563,
            0.0
          ],
          [
            1.2563,
            3.7689,
            0.0
          ],
          [
            0.0,
            0.0,
            1.77656
          ],
          [
            2.5126,
            0.0,
            1.77656
          ],
          [
            0.0,
            2.5126,
            1.77656
          ],
          [
            2.5126,
            2.5126,
            1.77656
          ],
          [
            1.2563,
            1.2563,
            3.56435
          ],
          [
            3.7689,
            1.2563,
            3.5993
          ],
          [
            3.7689,
            3.7689,
            3.56435
          ],
          [
            0.01146,
            -0.01146,
            5.33213
          ],
          [
            2.50114,
            -0.01146,
            5.33213
          ],
          [
            0.01146,
            2.52406,
            5.33213
          ],
          [
            2.50114,
            2.52406,
            5.33213
          ],
          [
            1.2563,
            3.7689,
            3.60851
          ],
          [
            1.2563,
            3.7689,
            5.99795
          ]
        ],
        "Stress": [
          [
            -9.94116,
            0.0,
            0.0
          ],
          [
            0.0,
            -9.94116,
            0.0
          ],
          [
            0.0,
            0.0,
            -2.63174
          ]
        ],
        "computation_code": "VASP",
        "pseudopotential_information": [
          [
            "PAW_PBE",
            "Ni",
            "02Aug2007"
          ],
          [
            "PAW_PBE",
            "W",
            "08Apr2002"
          ],
          [
            "PAW_PBE",
            "H",
            "15Jun2001"
          ]
        ]
      }
    ],
    "EnergyStyle": "electronvolt",
    "ForcesStyle": "electronvoltperangstrom",
    "LatticeStyle": "angstrom",
    "PositionsStyle": "angstrom",
    "StressStyle": "kB"
  }
}