{
  "Dataset": {
    "AtomTypeStyle": "chemicalsymbol",
    "Data": [
      {
        "AtomTypes": [
          "Ni",
          "Ni",
          "Ni",
          "Ni",
          "Ni",
          "Ni",
          "Ni",
          "Ni",
          "Ni",
          "Ni",
          "Ni",
          "Ni",
          "Ni",
          "Ni",
          "Ni",
          "W",
          "O",
          "H"
        ],
        "Energy": -91.33478308,
        "Forces": [
          [
            0.013028,
            0.0,
            -0.153325
          ],
          [
            0.001781,
            0.0,
            0.245958
          ],
          [
            -0.020118,
            0.0,
            0.309388
          ],
          [
            0.003951,
            0.0,
            0.238657
          ],
          [
            -0.032096,
            0.068456,
            -0.313687
          ],
          [
            0.059022,
            0.114064,
            -0.424254
          ],
          [
            -0.032096,
            -0.068456,
            -0.313687
          ],
          [
            0.059022,
            -0.114064,
            -0.424254
          ],
          [
            0.056105,
            0.0,
            -0.058435
          ],
          [
            -0.032269,
            0.0,
            0.025537
          ],
          [
            -0.075107,
            0.0,
            -0.088009
          ],
          [
            0.012977,
            0.000491,
            0.237113
          ],
          [
            -0.093238,
            -0.162896,
            0.06708
          ],
          [
            0.012977,
            -0.000491,
            0.237113
          ],
          [
            -0.093238,
            0.162896,
            0.06708
          ],
          [
            0.017832,
            0.0,
            0.179548
          ],
          [
            0.039649,
            0.0,
            0.152162
          ],
          [
            0.10182,
            0.0,
            0.016018
          ]
        ],
        "Lattice": [
          [
            5.025196436,
            0.0,
            0.0
          ],
          [
            0.0,
            5.025196436,
            0.0
          ],
          [
            0.0,
            0.0,
            17.427492376
          ]
        ],
        "NumAtoms": 18,
        "Positions": [
          [
            3.7689,
            1.2563,
            0.0
          ],
          [
            3.7689,
            3.7689,
            0.0
          ],
          [
            1.2563,
            1.2563,
            0.0
          ],
          [
            1.2563,
            3.7689,
            0.0
          ],
          [
            0.0,
            0.0,
            1.77656
          ],
          [
            2.5126,
            0.0,
            1.77656
          ],
          [
            0.0,
            2.5126,
            1.77656
          ],
          [
            2.5126,
            2.5126,
            1.77656
          ],
          [
            1.28105,
            1.2563,
            3.57475
          ],
          [
            3.7426,
            1.2563,
            3.56806
          ],
          [
            3.75332,
            3.7689,
            3.55922
          ],
          [
            5.01767,
            0.01707,
            5.22208
          ],
          [
            2.51471,
            0.02024,
            5.39947
          ],
          [
            5.01767,
            2.49553,
            5.22208
          ],
          [
            2.51471,
            2.49236,
            5.39947
          ],
          [
            1.26182,
            3.7689,
            3.56287
          ],
          [
            2.4369,
            3.7689,
            6.87613
          ],
          [
            3.27038,
            3.7689,
            7.38449
          ]
        ],
        "Stress": [
          [
            -2.9139,
            0.0,
            0.61314
          ],
          [
            0.0,
            -7.54027,
            0.0
          ],
          [
            0.61314,
            0.0,
            2.34619
          ]
        ],
        "computation_code": "VASP",
        "pseudopotential_information": [
          [
            "PAW_PBE",
            "Ni",
            "02Aug2007"
          ],
          [
            "PAW_PBE",
            "W",
            "08Apr2002"
          ],
          [
            "PAW_PBE",
            "O",
            "08Apr2002"
          ],
          [
            "PAW_PBE",
            "H",
            "15Jun2001"
          ]
        ]
      }
    ],
    "EnergyStyle": "electronvolt",
    "ForcesStyle": "electronvoltperangstrom",
    "LatticeStyle": "angstrom",
    "PositionsStyle": "angstrom",
    "StressStyle": "kB"
  }
}