{
  "Dataset": {
    "AtomTypeStyle": "chemicalsymbol",
    "Data": [
      {
        "AtomTypes": [
          "Ni",
          "Ni",
          "Ni",
          "Ni",
          "Ni",
          "Ni",
          "Ni",
          "Ni",
          "Ni",
          "Ni",
          "Ni",
          "Ni",
          "Ni",
          "Ni",
          "Ni",
          "W",
          "O",
          "H"
        ],
        "Energy": -91.38545884,
        "Forces": [
          [
            0.011195,
            0.0,
            -0.114343
          ],
          [
            0.001402,
            0.0,
            0.265311
          ],
          [
            -0.017926,
            0.0,
            0.327137
          ],
          [
            7e-06,
            0.0,
            0.271784
          ],
          [
            0.001307,
            0.04578,
            -0.143591
          ],
          [
            -0.02556,
            0.083659,
            -0.250546
          ],
          [
            0.001307,
            -0.04578,
            -0.143591
          ],
          [
            -0.02556,
            -0.083659,
            -0.250546
          ],
          [
            0.030827,
            0.0,
            -0.008865
          ],
          [
            -0.013948,
            0.0,
            0.021461
          ],
          [
            0.008255,
            0.0,
            0.02003
          ],
          [
            0.010788,
            -0.012063,
            0.004838
          ],
          [
            0.003996,
            -0.016187,
            0.004307
          ],
          [
            0.010788,
            0.012063,
            0.004838
          ],
          [
            0.003996,
            0.016187,
            0.004307
          ],
          [
            -0.008664,
            0.0,
            0.045025
          ],
          [
            0.057316,
            0.0,
            -0.001209
          ],
          [
            -0.049527,
            0.0,
            -0.056348
          ]
        ],
        "Lattice": [
          [
            5.025196436,
            0.0,
            0.0
          ],
          [
            0.0,
            5.025196436,
            0.0
          ],
          [
            0.0,
            0.0,
            17.427492376
          ]
        ],
        "NumAtoms": 18,
        "Positions": [
          [
            3.7689,
            1.2563,
            0.0
          ],
          [
            3.7689,
            3.7689,
            0.0
          ],
          [
            1.2563,
            1.2563,
            0.0
          ],
          [
            1.2563,
            3.7689,
            0.0
          ],
          [
            0.0,
            0.0,
            1.77656
          ],
          [
            2.5126,
            0.0,
            1.77656
          ],
          [
            0.0,
            2.5126,
            1.77656
          ],
          [
            2.5126,
            2.5126,
            1.77656
          ],
          [
            1.27955,
            1.2563,
            3.60915
          ],
          [
            3.7385,
            1.2563,
            3.59983
          ],
          [
            3.73979,
            3.7689,
            3.5719
          ],
          [
            4.99992,
            0.01752,
            5.28562
          ],
          [
            2.48363,
            -0.00085,
            5.46425
          ],
          [
            4.99992,
            2.49508,
            5.28562
          ],
          [
            2.48363,
            2.51345,
            5.46425
          ],
          [
            1.25033,
            3.7689,
            3.61776
          ],
          [
            2.5673,
            3.7689,
            6.97246
          ],
          [
            3.45834,
            3.7689,
            7.38044
          ]
        ],
        "Stress": [
          [
            -10.34987,
            0.0,
            0.69768
          ],
          [
            0.0,
            -15.14454,
            0.0
          ],
          [
            0.69768,
            0.0,
            -10.48227
          ]
        ],
        "computation_code": "VASP",
        "pseudopotential_information": [
          [
            "PAW_PBE",
            "Ni",
            "02Aug2007"
          ],
          [
            "PAW_PBE",
            "W",
            "08Apr2002"
          ],
          [
            "PAW_PBE",
            "O",
            "08Apr2002"
          ],
          [
            "PAW_PBE",
            "H",
            "15Jun2001"
          ]
        ]
      }
    ],
    "EnergyStyle": "electronvolt",
    "ForcesStyle": "electronvoltperangstrom",
    "LatticeStyle": "angstrom",
    "PositionsStyle": "angstrom",
    "StressStyle": "kB"
  }
}