{
  "Dataset": {
    "AtomTypeStyle": "chemicalsymbol",
    "Data": [
      {
        "AtomTypes": [
          "Ni",
          "Ni",
          "Ni",
          "Ni",
          "Ni",
          "Ni",
          "Ni",
          "Ni",
          "Ni",
          "Ni",
          "Ni",
          "Ni",
          "Ni",
          "Ni",
          "Ni",
          "W",
          "O",
          "H"
        ],
        "Energy": -91.37841054,
        "Forces": [
          [
            0.010201,
            0.0,
            -0.109533
          ],
          [
            0.001131,
            0.0,
            0.27183
          ],
          [
            -0.017467,
            0.0,
            0.333251
          ],
          [
            0.000342,
            0.0,
            0.273525
          ],
          [
            -0.009857,
            0.041984,
            -0.097659
          ],
          [
            -0.027132,
            0.079189,
            -0.203983
          ],
          [
            -0.009857,
            -0.041984,
            -0.097659
          ],
          [
            -0.027132,
            -0.079189,
            -0.203983
          ],
          [
            -0.03994,
            0.0,
            -0.063355
          ],
          [
            0.031867,
            0.0,
            -0.010591
          ],
          [
            0.033266,
            0.0,
            -0.034922
          ],
          [
            -0.001128,
            0.000234,
            -0.0505
          ],
          [
            0.01394,
            -0.054739,
            0.033378
          ],
          [
            -0.001128,
            -0.000234,
            -0.0505
          ],
          [
            0.01394,
            0.054739,
            0.033378
          ],
          [
            -0.056361,
            0.0,
            0.010026
          ],
          [
            -0.247803,
            0.0,
            -0.183161
          ],
          [
            0.333116,
            0.0,
            0.150461
          ]
        ],
        "Lattice": [
          [
            5.025196436,
            0.0,
            0.0
          ],
          [
            0.0,
            5.025196436,
            0.0
          ],
          [
            0.0,
            0.0,
            17.427492376
          ]
        ],
        "NumAtoms": 18,
        "Positions": [
          [
            3.7689,
            1.2563,
            0.0
          ],
          [
            3.7689,
            3.7689,
            0.0
          ],
          [
            1.2563,
            1.2563,
            0.0
          ],
          [
            1.2563,
            3.7689,
            0.0
          ],
          [
            0.0,
            0.0,
            1.77656
          ],
          [
            2.5126,
            0.0,
            1.77656
          ],
          [
            0.0,
            2.5126,
            1.77656
          ],
          [
            2.5126,
            2.5126,
            1.77656
          ],
          [
            1.27923,
            1.2563,
            3.6182
          ],
          [
            3.7338,
            1.2563,
            3.61365
          ],
          [
            3.73541,
            3.7689,
            3.58575
          ],
          [
            4.99596,
            0.01492,
            5.30305
          ],
          [
            2.47513,
            0.00322,
            5.46695
          ],
          [
            4.99596,
            2.49768,
            5.30305
          ],
          [
            2.47513,
            2.50938,
            5.46695
          ],
          [
            1.2469,
            3.7689,
            3.62299
          ],
          [
            2.49211,
            3.7689,
            6.97584
          ],
          [
            3.36195,
            3.7689,
            7.40695
          ]
        ],
        "Stress": [
          [
            -9.87236,
            0.0,
            2.38652
          ],
          [
            0.0,
            -16.06113,
            0.0
          ],
          [
            2.38652,
            0.0,
            -11.46558
          ]
        ],
        "computation_code": "VASP",
        "pseudopotential_information": [
          [
            "PAW_PBE",
            "Ni",
            "02Aug2007"
          ],
          [
            "PAW_PBE",
            "W",
            "08Apr2002"
          ],
          [
            "PAW_PBE",
            "O",
            "08Apr2002"
          ],
          [
            "PAW_PBE",
            "H",
            "15Jun2001"
          ]
        ]
      }
    ],
    "EnergyStyle": "electronvolt",
    "ForcesStyle": "electronvoltperangstrom",
    "LatticeStyle": "angstrom",
    "PositionsStyle": "angstrom",
    "StressStyle": "kB"
  }
}