{
  "Dataset": {
    "AtomTypeStyle": "chemicalsymbol",
    "Data": [
      {
        "AtomTypes": [
          "Ni",
          "Ni",
          "Ni",
          "Ni",
          "Ni",
          "Ni",
          "Ni",
          "Ni",
          "Ni",
          "Ni",
          "Ni",
          "Ni",
          "Ni",
          "Ni",
          "Ni",
          "W"
        ],
        "Energy": -80.72146919,
        "Forces": [
          [
            0.0,
            -0.0,
            0.305608
          ],
          [
            0.0,
            -0.0,
            -0.054051
          ],
          [
            0.0,
            -0.0,
            0.31416
          ],
          [
            0.0,
            -0.0,
            0.305608
          ],
          [
            -0.006211,
            -0.006211,
            -0.232398
          ],
          [
            0.006211,
            -0.006211,
            -0.232398
          ],
          [
            -0.006211,
            0.006211,
            -0.232398
          ],
          [
            0.006211,
            0.006211,
            -0.232398
          ],
          [
            0.0,
            -0.0,
            0.022086
          ],
          [
            0.0,
            -0.0,
            0.022086
          ],
          [
            0.0,
            -0.0,
            0.026187
          ],
          [
            0.003494,
            0.003494,
            0.00238
          ],
          [
            -0.003494,
            0.003494,
            0.00238
          ],
          [
            0.003494,
            -0.003494,
            0.00238
          ],
          [
            -0.003494,
            -0.003494,
            0.00238
          ],
          [
            0.0,
            -0.0,
            -0.021613
          ]
        ],
        "Lattice": [
          [
            5.025196436,
            0.0,
            0.0
          ],
          [
            0.0,
            5.025196436,
            0.0
          ],
          [
            0.0,
            0.0,
            17.427492376
          ]
        ],
        "NumAtoms": 16,
        "Positions": [
          [
            3.7689,
            1.2563,
            0.0
          ],
          [
            3.7689,
            3.7689,
            0.0
          ],
          [
            1.2563,
            1.2563,
            0.0
          ],
          [
            1.2563,
            3.7689,
            0.0
          ],
          [
            0.0,
            0.0,
            1.77656
          ],
          [
            2.5126,
            0.0,
            1.77656
          ],
          [
            0.0,
            2.5126,
            1.77656
          ],
          [
            2.5126,
            2.5126,
            1.77656
          ],
          [
            3.7689,
            1.2563,
            3.58046
          ],
          [
            1.2563,
            3.7689,
            3.58046
          ],
          [
            3.7689,
            3.7689,
            3.60004
          ],
          [
            -0.00123,
            -0.00123,
            5.34595
          ],
          [
            2.51383,
            -0.00123,
            5.34595
          ],
          [
            -0.00123,
            2.51383,
            5.34595
          ],
          [
            2.51383,
            2.51383,
            5.34595
          ],
          [
            1.2563,
            1.2563,
            3.65904
          ]
        ],
        "Stress": [
          [
            -11.56967,
            0.0,
            0.0
          ],
          [
            0.0,
            -11.56967,
            0.0
          ],
          [
            0.0,
            0.0,
            -7.81455
          ]
        ],
        "computation_code": "VASP",
        "pseudopotential_information": [
          [
            "PAW_PBE",
            "Ni",
            "02Aug2007"
          ],
          [
            "PAW_PBE",
            "W",
            "08Apr2002"
          ]
        ]
      }
    ],
    "EnergyStyle": "electronvolt",
    "ForcesStyle": "electronvoltperangstrom",
    "LatticeStyle": "angstrom",
    "PositionsStyle": "angstrom",
    "StressStyle": "kB"
  }
}