{
  "Dataset": {
    "AtomTypeStyle": "chemicalsymbol",
    "Data": [
      {
        "AtomTypes": [
          "Ni",
          "Ni",
          "Ni",
          "Ni",
          "Ni",
          "Ni",
          "Ni",
          "Ni",
          "Ni",
          "Ni",
          "Ni",
          "Ni",
          "Ni",
          "Ni",
          "Ni",
          "W",
          "O",
          "H"
        ],
        "Energy": -91.38169543,
        "Forces": [
          [
            0.00883,
            0.0,
            -0.107025
          ],
          [
            0.000475,
            0.0,
            0.268611
          ],
          [
            -0.017408,
            0.0,
            0.331682
          ],
          [
            0.00046,
            0.0,
            0.274183
          ],
          [
            -0.014404,
            0.040439,
            -0.120389
          ],
          [
            -0.033058,
            0.074238,
            -0.219918
          ],
          [
            -0.014404,
            -0.040439,
            -0.120389
          ],
          [
            -0.033058,
            -0.074238,
            -0.219918
          ],
          [
            0.013995,
            0.0,
            0.015802
          ],
          [
            -0.007625,
            0.0,
            -0.008988
          ],
          [
            0.000543,
            0.0,
            0.006114
          ],
          [
            -0.006542,
            0.0039,
            -0.01264
          ],
          [
            0.008127,
            0.012806,
            -0.010127
          ],
          [
            -0.006542,
            -0.0039,
            -0.01264
          ],
          [
            0.008127,
            -0.012806,
            -0.010127
          ],
          [
            0.027446,
            0.0,
            -0.019308
          ],
          [
            0.038318,
            0.0,
            -0.020158
          ],
          [
            0.026717,
            0.0,
            -0.014767
          ]
        ],
        "Lattice": [
          [
            5.025196436,
            0.0,
            0.0
          ],
          [
            0.0,
            5.025196436,
            0.0
          ],
          [
            0.0,
            0.0,
            17.427492376
          ]
        ],
        "NumAtoms": 18,
        "Positions": [
          [
            3.7689,
            1.2563,
            0.0
          ],
          [
            3.7689,
            3.7689,
            0.0
          ],
          [
            1.2563,
            1.2563,
            0.0
          ],
          [
            1.2563,
            3.7689,
            0.0
          ],
          [
            0.0,
            0.0,
            1.77656
          ],
          [
            2.5126,
            0.0,
            1.77656
          ],
          [
            0.0,
            2.5126,
            1.77656
          ],
          [
            2.5126,
            2.5126,
            1.77656
          ],
          [
            1.27588,
            1.2563,
            3.60728
          ],
          [
            3.73363,
            1.2563,
            3.61114
          ],
          [
            3.73533,
            3.7689,
            3.57777
          ],
          [
            4.99521,
            0.01607,
            5.29603
          ],
          [
            2.47547,
            -0.00201,
            5.47035
          ],
          [
            4.99521,
            2.49653,
            5.29603
          ],
          [
            2.47547,
            2.51461,
            5.47035
          ],
          [
            1.24149,
            3.7689,
            3.62613
          ],
          [
            2.50508,
            3.7689,
            6.98049
          ],
          [
            3.38344,
            3.7689,
            7.41084
          ]
        ],
        "Stress": [
          [
            -10.90542,
            0.0,
            1.72373
          ],
          [
            0.0,
            -15.86774,
            0.0
          ],
          [
            1.72373,
            0.0,
            -11.49833
          ]
        ],
        "computation_code": "VASP",
        "pseudopotential_information": [
          [
            "PAW_PBE",
            "Ni",
            "02Aug2007"
          ],
          [
            "PAW_PBE",
            "W",
            "08Apr2002"
          ],
          [
            "PAW_PBE",
            "O",
            "08Apr2002"
          ],
          [
            "PAW_PBE",
            "H",
            "15Jun2001"
          ]
        ]
      }
    ],
    "EnergyStyle": "electronvolt",
    "ForcesStyle": "electronvoltperangstrom",
    "LatticeStyle": "angstrom",
    "PositionsStyle": "angstrom",
    "StressStyle": "kB"
  }
}