{
  "Dataset": {
    "AtomTypeStyle": "chemicalsymbol",
    "Data": [
      {
        "AtomTypes": [
          "Ni",
          "Ni",
          "Ni",
          "Ni",
          "Ni",
          "Ni",
          "Ni",
          "Ni",
          "Ni",
          "Ni",
          "Ni",
          "Ni",
          "Ni",
          "Ni",
          "Ni",
          "Ni",
          "Ni",
          "Ni",
          "Ni",
          "W",
          "O",
          "H"
        ],
        "Energy": -108.71742293,
        "Forces": [
          [
            0.00045,
            -0.001659,
            0.588783
          ],
          [
            0.000742,
            0.000692,
            0.346473
          ],
          [
            0.000348,
            -0.000153,
            0.539179
          ],
          [
            0.001762,
            -0.000245,
            0.514794
          ],
          [
            -8.7e-05,
            -0.055401,
            -0.49587
          ],
          [
            0.016238,
            -0.051038,
            -0.502193
          ],
          [
            -0.000927,
            0.031587,
            -0.501895
          ],
          [
            0.014382,
            0.029032,
            -0.487894
          ],
          [
            -0.000285,
            0.002286,
            0.005451
          ],
          [
            0.000551,
            0.001397,
            0.000141
          ],
          [
            0.001344,
            0.000399,
            0.002998
          ],
          [
            -0.002378,
            0.003234,
            0.002077
          ],
          [
            -0.001846,
            0.001969,
            0.000615
          ],
          [
            -0.000945,
            -0.002571,
            -0.005856
          ],
          [
            -0.003273,
            0.004839,
            -0.001332
          ],
          [
            -0.002467,
            -0.000863,
            -0.006782
          ],
          [
            -0.002109,
            0.005471,
            0.001463
          ],
          [
            -0.006012,
            0.002668,
            -0.000264
          ],
          [
            0.00537,
            0.003092,
            -0.00265
          ],
          [
            0.001998,
            0.005826,
            -0.000871
          ],
          [
            -0.019407,
            0.011707,
            -0.009871
          ],
          [
            -0.003449,
            0.007729,
            0.013504
          ]
        ],
        "Lattice": [
          [
            7.106,
            0.0,
            0.0
          ],
          [
            0.0,
            5.024699515,
            0.0
          ],
          [
            0.0,
            0.0,
            17.703958439
          ]
        ],
        "NumAtoms": 22,
        "Positions": [
          [
            0.0,
            2.51235,
            0.0
          ],
          [
            3.553,
            2.51235,
            0.0
          ],
          [
            0.0,
            0.0,
            0.0
          ],
          [
            3.553,
            0.0,
            0.0
          ],
          [
            1.7765,
            3.76852,
            1.25617
          ],
          [
            5.3295,
            3.76852,
            1.25617
          ],
          [
            1.7765,
            1.25618,
            1.25617
          ],
          [
            5.3295,
            1.25618,
            1.25617
          ],
          [
            0.00082,
            5.02375,
            2.45793
          ],
          [
            3.55326,
            5.0178,
            2.44851
          ],
          [
            0.00104,
            2.50977,
            2.493
          ],
          [
            3.55555,
            2.50488,
            2.48699
          ],
          [
            1.80522,
            3.73577,
            3.84891
          ],
          [
            5.31163,
            3.74396,
            3.84624
          ],
          [
            1.80875,
            1.26897,
            3.84599
          ],
          [
            5.2989,
            1.2735,
            3.85642
          ],
          [
            0.00755,
            2.50345,
            4.92431
          ],
          [
            0.00578,
            5.019,
            4.87848
          ],
          [
            3.55229,
            5.00623,
            4.88441
          ],
          [
            3.57071,
            2.50773,
            5.07909
          ],
          [
            3.6329,
            2.42109,
            6.9907
          ],
          [
            4.356,
            2.01527,
            7.50139
          ]
        ],
        "Stress": [
          [
            -22.11101,
            0.27981,
            -0.30725
          ],
          [
            0.27981,
            -18.80743,
            0.40595
          ],
          [
            -0.30725,
            0.40595,
            -10.10411
          ]
        ],
        "computation_code": "VASP",
        "pseudopotential_information": [
          [
            "PAW_PBE",
            "Ni",
            "02Aug2007"
          ],
          [
            "PAW_PBE",
            "W",
            "08Apr2002"
          ],
          [
            "PAW_PBE",
            "O",
            "08Apr2002"
          ],
          [
            "PAW_PBE",
            "H",
            "15Jun2001"
          ]
        ]
      }
    ],
    "EnergyStyle": "electronvolt",
    "ForcesStyle": "electronvoltperangstrom",
    "LatticeStyle": "angstrom",
    "PositionsStyle": "angstrom",
    "StressStyle": "kB"
  }
}