{
  "Dataset": {
    "AtomTypeStyle": "chemicalsymbol",
    "Data": [
      {
        "AtomTypes": [
          "Ni",
          "Ni",
          "Ni",
          "Ni",
          "Ni",
          "Ni",
          "Ni",
          "Ni",
          "Ni",
          "Ni",
          "Ni",
          "Ni",
          "Ni",
          "Ni",
          "Ni",
          "W",
          "O",
          "H"
        ],
        "Energy": -91.35214042,
        "Forces": [
          [
            0.012869,
            -0.0,
            -0.135
          ],
          [
            0.001942,
            -0.0,
            0.249374
          ],
          [
            -0.017772,
            -0.0,
            0.310502
          ],
          [
            0.001561,
            -0.0,
            0.251337
          ],
          [
            -0.010095,
            0.048679,
            -0.267656
          ],
          [
            0.020765,
            0.094307,
            -0.427916
          ],
          [
            -0.010095,
            -0.048679,
            -0.267656
          ],
          [
            0.020765,
            -0.094307,
            -0.427916
          ],
          [
            -0.090863,
            -0.0,
            0.130138
          ],
          [
            0.097988,
            -0.0,
            0.162536
          ],
          [
            0.159947,
            -0.0,
            0.108122
          ],
          [
            -0.079268,
            0.007368,
            -0.017922
          ],
          [
            0.00356,
            0.164739,
            0.033949
          ],
          [
            -0.079268,
            -0.007368,
            -0.017922
          ],
          [
            0.00356,
            -0.164739,
            0.033949
          ],
          [
            -0.180549,
            -0.0,
            0.032616
          ],
          [
            -0.054681,
            -0.0,
            0.16995
          ],
          [
            0.199634,
            -0.0,
            0.079514
          ]
        ],
        "Lattice": [
          [
            5.025196436,
            0.0,
            0.0
          ],
          [
            0.0,
            5.025196436,
            0.0
          ],
          [
            0.0,
            0.0,
            17.427492376
          ]
        ],
        "NumAtoms": 18,
        "Positions": [
          [
            3.7689,
            1.2563,
            0.0
          ],
          [
            3.7689,
            3.7689,
            0.0
          ],
          [
            1.2563,
            1.2563,
            0.0
          ],
          [
            1.2563,
            3.7689,
            0.0
          ],
          [
            0.0,
            0.0,
            1.77656
          ],
          [
            2.5126,
            0.0,
            1.77656
          ],
          [
            0.0,
            2.5126,
            1.77656
          ],
          [
            2.5126,
            2.5126,
            1.77656
          ],
          [
            1.28974,
            1.2563,
            3.56561
          ],
          [
            3.73754,
            1.2563,
            3.57194
          ],
          [
            3.74159,
            3.7689,
            3.54556
          ],
          [
            5.01976,
            0.01712,
            5.2585
          ],
          [
            2.50042,
            -0.00473,
            5.40969
          ],
          [
            5.01976,
            2.49547,
            5.2585
          ],
          [
            2.50042,
            2.51732,
            5.40969
          ],
          [
            1.26467,
            3.7689,
            3.59043
          ],
          [
            2.4428,
            3.7689,
            6.8995
          ],
          [
            3.28607,
            3.7689,
            7.38679
          ]
        ],
        "Stress": [
          [
            -5.14574,
            0.0,
            1.19035
          ],
          [
            0.0,
            -10.2144,
            0.0
          ],
          [
            1.19035,
            0.0,
            -1.44751
          ]
        ],
        "computation_code": "VASP",
        "pseudopotential_information": [
          [
            "PAW_PBE",
            "Ni",
            "02Aug2007"
          ],
          [
            "PAW_PBE",
            "W",
            "08Apr2002"
          ],
          [
            "PAW_PBE",
            "O",
            "08Apr2002"
          ],
          [
            "PAW_PBE",
            "H",
            "15Jun2001"
          ]
        ]
      }
    ],
    "EnergyStyle": "electronvolt",
    "ForcesStyle": "electronvoltperangstrom",
    "LatticeStyle": "angstrom",
    "PositionsStyle": "angstrom",
    "StressStyle": "kB"
  }
}