{
  "Dataset": {
    "AtomTypeStyle": "chemicalsymbol",
    "Data": [
      {
        "AtomTypes": [
          "Ni",
          "Ni",
          "Ni",
          "Ni",
          "Ni",
          "Ni",
          "Ni",
          "Ni",
          "Ni",
          "Ni",
          "Ni",
          "Ni",
          "Ni",
          "Ni",
          "Ni",
          "W",
          "O",
          "H"
        ],
        "Energy": -91.43660034,
        "Forces": [
          [
            -0.001862,
            0.0,
            0.315877
          ],
          [
            -0.002402,
            0.0,
            -0.101137
          ],
          [
            -0.022473,
            0.0,
            0.320369
          ],
          [
            0.026313,
            0.0,
            0.311488
          ],
          [
            -0.010604,
            0.073377,
            -0.143216
          ],
          [
            0.047525,
            -0.007839,
            -0.261104
          ],
          [
            -0.010604,
            -0.073377,
            -0.143216
          ],
          [
            0.047525,
            0.007839,
            -0.261104
          ],
          [
            -0.003952,
            0.0,
            -0.012676
          ],
          [
            -0.024944,
            0.0,
            -0.022627
          ],
          [
            0.015706,
            0.0,
            -0.010792
          ],
          [
            -0.009229,
            -0.004005,
            0.011589
          ],
          [
            -0.014253,
            -0.010091,
            -0.007033
          ],
          [
            -0.009229,
            0.004005,
            0.011589
          ],
          [
            -0.014253,
            0.010091,
            -0.007033
          ],
          [
            0.008735,
            0.0,
            -0.009775
          ],
          [
            -0.004104,
            0.0,
            0.016676
          ],
          [
            -0.017896,
            0.0,
            -0.007876
          ]
        ],
        "Lattice": [
          [
            5.025196436,
            0.0,
            0.0
          ],
          [
            0.0,
            5.025196436,
            0.0
          ],
          [
            0.0,
            0.0,
            17.427492376
          ]
        ],
        "NumAtoms": 18,
        "Positions": [
          [
            3.7689,
            1.2563,
            0.0
          ],
          [
            3.7689,
            3.7689,
            0.0
          ],
          [
            1.2563,
            1.2563,
            0.0
          ],
          [
            1.2563,
            3.7689,
            0.0
          ],
          [
            0.0,
            0.0,
            1.77656
          ],
          [
            2.5126,
            0.0,
            1.77656
          ],
          [
            0.0,
            2.5126,
            1.77656
          ],
          [
            2.5126,
            2.5126,
            1.77656
          ],
          [
            3.72839,
            1.2563,
            3.61213
          ],
          [
            1.2871,
            3.7689,
            3.57955
          ],
          [
            3.77768,
            3.7689,
            3.58603
          ],
          [
            0.01885,
            0.00671,
            5.30301
          ],
          [
            2.58273,
            0.01005,
            5.44443
          ],
          [
            0.01885,
            2.50589,
            5.30301
          ],
          [
            2.58273,
            2.50255,
            5.44443
          ],
          [
            1.2709,
            1.2563,
            3.65763
          ],
          [
            2.3139,
            3.7689,
            6.92439
          ],
          [
            3.03686,
            3.7689,
            7.58253
          ]
        ],
        "Stress": [
          [
            -9.71549,
            0.0,
            -0.90678
          ],
          [
            0.0,
            -12.44293,
            0.0
          ],
          [
            -0.90678,
            0.0,
            -10.43603
          ]
        ],
        "computation_code": "VASP",
        "pseudopotential_information": [
          [
            "PAW_PBE",
            "Ni",
            "02Aug2007"
          ],
          [
            "PAW_PBE",
            "W",
            "08Apr2002"
          ],
          [
            "PAW_PBE",
            "O",
            "08Apr2002"
          ],
          [
            "PAW_PBE",
            "H",
            "15Jun2001"
          ]
        ]
      }
    ],
    "EnergyStyle": "electronvolt",
    "ForcesStyle": "electronvoltperangstrom",
    "LatticeStyle": "angstrom",
    "PositionsStyle": "angstrom",
    "StressStyle": "kB"
  }
}