{
  "Dataset": {
    "AtomTypeStyle": "chemicalsymbol",
    "Data": [
      {
        "AtomTypes": [
          "Ni",
          "Ni",
          "Ni",
          "Ni",
          "Ni",
          "Ni",
          "Ni",
          "Ni",
          "Ni",
          "Ni",
          "Ni",
          "Ni",
          "Ni",
          "Ni",
          "Ni",
          "Mn",
          "O",
          "O",
          "H",
          "H"
        ],
        "Energy": -99.44628459,
        "Forces": [
          [
            -0.006897,
            -0.006998,
            0.113973
          ],
          [
            -0.003244,
            -0.017566,
            0.149381
          ],
          [
            -0.008665,
            0.003709,
            0.124566
          ],
          [
            -0.00481,
            0.003898,
            0.142672
          ],
          [
            0.054346,
            0.02068,
            -0.331756
          ],
          [
            -0.021468,
            -0.026736,
            -0.103895
          ],
          [
            0.026136,
            0.032658,
            0.011585
          ],
          [
            -0.041157,
            -0.028366,
            -0.141355
          ],
          [
            -0.001883,
            0.008449,
            -0.01139
          ],
          [
            -0.004119,
            -0.005613,
            0.002576
          ],
          [
            0.0036,
            0.007799,
            -0.005954
          ],
          [
            -0.010105,
            0.013962,
            0.010687
          ],
          [
            -0.021291,
            0.012734,
            0.009295
          ],
          [
            -0.000927,
            0.004135,
            0.022675
          ],
          [
            -0.00458,
            0.00804,
            -0.009334
          ],
          [
            0.006278,
            -0.016067,
            0.02517
          ],
          [
            -0.004964,
            0.007479,
            -0.01585
          ],
          [
            0.039114,
            -0.025972,
            0.006984
          ],
          [
            0.020081,
            -0.011141,
            0.002347
          ],
          [
            -0.015445,
            0.014916,
            -0.00238
          ]
        ],
        "Lattice": [
          [
            5.024700786,
            0.0,
            0.0
          ],
          [
            2.512350393,
            4.351518527,
            0.0
          ],
          [
            0.0,
            0.0,
            19.183191106
          ]
        ],
        "NumAtoms": 20,
        "Positions": [
          [
            3.7689,
            2.17598,
            0.0
          ],
          [
            1.2563,
            2.17598,
            0.0
          ],
          [
            2.5126,
            0.0,
            0.0
          ],
          [
            0.0,
            0.0,
            0.0
          ],
          [
            6.28148,
            3.62661,
            2.05153
          ],
          [
            5.02518,
            1.45064,
            2.05153
          ],
          [
            2.51257,
            1.45064,
            2.05153
          ],
          [
            3.76887,
            3.62661,
            2.05153
          ],
          [
            2.53031,
            2.92354,
            4.12964
          ],
          [
            3.78312,
            0.72606,
            4.11601
          ],
          [
            5.03217,
            2.88777,
            4.07073
          ],
          [
            4.957,
            4.32682,
            6.01043
          ],
          [
            7.48131,
            4.32915,
            6.45377
          ],
          [
            1.2819,
            2.1408,
            6.08607
          ],
          [
            1.23689,
            0.72074,
            4.10066
          ],
          [
            3.78253,
            2.16866,
            6.24432
          ],
          [
            4.40222,
            1.42197,
            7.93469
          ],
          [
            1.92756,
            2.84965,
            7.80094
          ],
          [
            5.19248,
            1.89264,
            8.28371
          ],
          [
            2.64707,
            2.37233,
            8.27836
          ]
        ],
        "Stress": [
          [
            -9.79995,
            -1.48041,
            0.7469
          ],
          [
            -1.48041,
            -12.77937,
            0.18745
          ],
          [
            0.7469,
            0.18745,
            -11.54145
          ]
        ],
        "computation_code": "VASP",
        "pseudopotential_information": [
          [
            "PAW_PBE",
            "Ni",
            "02Aug2007"
          ],
          [
            "PAW_PBE",
            "Mn",
            "06Sep2000"
          ],
          [
            "PAW_PBE",
            "O",
            "08Apr2002"
          ],
          [
            "PAW_PBE",
            "H",
            "15Jun2001"
          ]
        ]
      }
    ],
    "EnergyStyle": "electronvolt",
    "ForcesStyle": "electronvoltperangstrom",
    "LatticeStyle": "angstrom",
    "PositionsStyle": "angstrom",
    "StressStyle": "kB"
  }
}