{
  "Dataset": {
    "AtomTypeStyle": "chemicalsymbol",
    "Data": [
      {
        "AtomTypes": [
          "Ni",
          "Ni",
          "Ni",
          "Ni",
          "Ni",
          "Ni",
          "Ni",
          "Ni",
          "Ni",
          "Ni",
          "Ni",
          "Ni",
          "Ni",
          "Ni",
          "Ni",
          "Mn",
          "O",
          "O",
          "H",
          "H"
        ],
        "Energy": -99.88784891,
        "Forces": [
          [
            -0.004843,
            -0.004598,
            0.158154
          ],
          [
            -0.013125,
            0.010854,
            0.130546
          ],
          [
            0.006897,
            -0.007152,
            0.149727
          ],
          [
            -0.014955,
            -0.017012,
            0.112478
          ],
          [
            -0.007284,
            0.047632,
            -0.157793
          ],
          [
            -0.08728,
            0.003168,
            -0.143566
          ],
          [
            0.080387,
            0.002,
            -0.121672
          ],
          [
            -0.030459,
            -0.045837,
            -0.128603
          ],
          [
            -0.00225,
            0.002465,
            -0.003609
          ],
          [
            -0.002409,
            -0.004251,
            -0.000235
          ],
          [
            -0.001415,
            0.001724,
            0.001005
          ],
          [
            0.006582,
            0.003965,
            0.000992
          ],
          [
            0.008548,
            0.003572,
            -0.001181
          ],
          [
            0.009401,
            5e-05,
            0.000742
          ],
          [
            0.00131,
            -0.000802,
            -0.000301
          ],
          [
            0.003454,
            0.002923,
            0.01423
          ],
          [
            0.019268,
            -0.011358,
            0.004919
          ],
          [
            0.011821,
            0.006572,
            -0.004306
          ],
          [
            0.006366,
            -0.003934,
            -0.004069
          ],
          [
            0.009987,
            0.010021,
            -0.007458
          ]
        ],
        "Lattice": [
          [
            5.024700786,
            0.0,
            0.0
          ],
          [
            2.512350393,
            4.351518527,
            0.0
          ],
          [
            0.0,
            0.0,
            19.183191106
          ]
        ],
        "NumAtoms": 20,
        "Positions": [
          [
            3.7689,
            2.17598,
            0.0
          ],
          [
            1.2563,
            2.17598,
            0.0
          ],
          [
            2.5126,
            0.0,
            0.0
          ],
          [
            0.0,
            0.0,
            0.0
          ],
          [
            6.28148,
            3.62661,
            2.05153
          ],
          [
            5.02518,
            1.45064,
            2.05153
          ],
          [
            2.51257,
            1.45064,
            2.05153
          ],
          [
            3.76887,
            3.62661,
            2.05153
          ],
          [
            2.51431,
            2.8902,
            4.10088
          ],
          [
            3.78118,
            0.7435,
            4.13779
          ],
          [
            4.9915,
            2.91779,
            4.09871
          ],
          [
            5.03664,
            4.34514,
            6.10912
          ],
          [
            2.52776,
            4.33247,
            6.10589
          ],
          [
            6.16719,
            2.13943,
            6.0023
          ],
          [
            1.25134,
            0.71851,
            4.06936
          ],
          [
            3.64021,
            2.15585,
            6.76267
          ],
          [
            2.98284,
            0.65341,
            7.94662
          ],
          [
            2.99923,
            3.67591,
            7.93411
          ],
          [
            3.74466,
            0.1203,
            8.27964
          ],
          [
            3.7614,
            4.20262,
            8.27775
          ]
        ],
        "Stress": [
          [
            -16.56206,
            -0.01027,
            1.88316
          ],
          [
            -0.01027,
            -16.59672,
            0.33129
          ],
          [
            1.88316,
            0.33129,
            -12.40846
          ]
        ],
        "computation_code": "VASP",
        "pseudopotential_information": [
          [
            "PAW_PBE",
            "Ni",
            "02Aug2007"
          ],
          [
            "PAW_PBE",
            "Mn",
            "06Sep2000"
          ],
          [
            "PAW_PBE",
            "O",
            "08Apr2002"
          ],
          [
            "PAW_PBE",
            "H",
            "15Jun2001"
          ]
        ]
      }
    ],
    "EnergyStyle": "electronvolt",
    "ForcesStyle": "electronvoltperangstrom",
    "LatticeStyle": "angstrom",
    "PositionsStyle": "angstrom",
    "StressStyle": "kB"
  }
}