{
  "Dataset": {
    "AtomTypeStyle": "chemicalsymbol",
    "Data": [
      {
        "AtomTypes": [
          "Ni",
          "Ni",
          "Ni",
          "Ni",
          "Ni",
          "Ni",
          "Ni",
          "Ni",
          "Ni",
          "Ni",
          "Ni",
          "Ni",
          "Ni",
          "Ni",
          "Ni",
          "Ni",
          "Ni",
          "Ni",
          "Ni",
          "Mn",
          "O",
          "O",
          "H",
          "H"
        ],
        "Energy": -116.03960061,
        "Forces": [
          [
            -0.023743,
            0.011279,
            0.57957
          ],
          [
            0.031016,
            0.009265,
            0.565251
          ],
          [
            -0.023743,
            -0.011279,
            0.57957
          ],
          [
            0.031016,
            -0.009265,
            0.565251
          ],
          [
            0.009142,
            0.0,
            -0.342698
          ],
          [
            0.013694,
            0.0,
            -0.796004
          ],
          [
            -0.012353,
            0.0,
            -0.519996
          ],
          [
            -0.00697,
            0.0,
            -0.659713
          ],
          [
            0.000303,
            0.00565,
            0.001329
          ],
          [
            -0.00011,
            0.001436,
            0.004339
          ],
          [
            0.000303,
            -0.00565,
            0.001329
          ],
          [
            -0.00011,
            -0.001436,
            0.004339
          ],
          [
            0.00584,
            0.0,
            0.003164
          ],
          [
            -0.009353,
            0.0,
            -0.000733
          ],
          [
            -0.001399,
            0.0,
            -0.001351
          ],
          [
            -0.003355,
            -0.002538,
            -0.002403
          ],
          [
            0.003631,
            0.004862,
            -0.001062
          ],
          [
            -0.003355,
            0.002538,
            -0.002403
          ],
          [
            0.003631,
            -0.004862,
            -0.001062
          ],
          [
            0.001031,
            0.0,
            0.002145
          ],
          [
            -0.043299,
            0.0,
            -0.00276
          ],
          [
            0.00084,
            0.0,
            -0.003679
          ],
          [
            0.041327,
            0.0,
            0.043302
          ],
          [
            -0.013984,
            0.0,
            -0.015724
          ]
        ],
        "Lattice": [
          [
            7.106,
            0.0,
            0.0
          ],
          [
            0.0,
            5.024699515,
            0.0
          ],
          [
            0.0,
            0.0,
            17.703958439
          ]
        ],
        "NumAtoms": 24,
        "Positions": [
          [
            0.0,
            2.51235,
            0.0
          ],
          [
            3.553,
            2.51235,
            0.0
          ],
          [
            0.0,
            0.0,
            0.0
          ],
          [
            3.553,
            0.0,
            0.0
          ],
          [
            1.7765,
            3.76852,
            1.25617
          ],
          [
            5.3295,
            3.76852,
            1.25617
          ],
          [
            1.7765,
            1.25618,
            1.25617
          ],
          [
            5.3295,
            1.25618,
            1.25617
          ],
          [
            -0.00092,
            5.00872,
            2.49993
          ],
          [
            3.55704,
            5.00841,
            2.49647
          ],
          [
            -0.00092,
            2.52832,
            2.49993
          ],
          [
            3.55704,
            2.52864,
            2.49647
          ],
          [
            1.78647,
            3.76852,
            3.83445
          ],
          [
            5.34232,
            3.76852,
            3.75839
          ],
          [
            5.33033,
            1.25618,
            3.71613
          ],
          [
            -0.05949,
            2.5263,
            5.02081
          ],
          [
            3.61912,
            2.51912,
            5.01826
          ],
          [
            -0.05949,
            -0.01395,
            5.02081
          ],
          [
            3.61912,
            -0.00677,
            5.01826
          ],
          [
            1.77889,
            1.25618,
            3.8012
          ],
          [
            3.6455,
            1.25617,
            6.49806
          ],
          [
            0.04702,
            1.25617,
            6.49228
          ],
          [
            4.53234,
            1.25617,
            6.91126
          ],
          [
            0.92071,
            1.25617,
            6.93316
          ]
        ],
        "Stress": [
          [
            -22.43933,
            0.0,
            -0.01417
          ],
          [
            0.0,
            -19.65598,
            0.0
          ],
          [
            -0.01417,
            0.0,
            -12.5374
          ]
        ],
        "computation_code": "VASP",
        "pseudopotential_information": [
          [
            "PAW_PBE",
            "Ni",
            "02Aug2007"
          ],
          [
            "PAW_PBE",
            "Mn",
            "06Sep2000"
          ],
          [
            "PAW_PBE",
            "O",
            "08Apr2002"
          ],
          [
            "PAW_PBE",
            "H",
            "15Jun2001"
          ]
        ]
      }
    ],
    "EnergyStyle": "electronvolt",
    "ForcesStyle": "electronvoltperangstrom",
    "LatticeStyle": "angstrom",
    "PositionsStyle": "angstrom",
    "StressStyle": "kB"
  }
}