{
  "Dataset": {
    "AtomTypeStyle": "chemicalsymbol",
    "Data": [
      {
        "AtomTypes": [
          "Ni",
          "Ni",
          "Ni",
          "Ni",
          "Ni",
          "Ni",
          "Ni",
          "Ni",
          "Ni",
          "Ni",
          "Ni",
          "Ni",
          "Ni",
          "Ni",
          "Ni",
          "Mn",
          "O",
          "O",
          "H",
          "H"
        ],
        "Energy": -99.88785514,
        "Forces": [
          [
            -0.004765,
            -0.004562,
            0.15796
          ],
          [
            -0.013049,
            0.010896,
            0.130428
          ],
          [
            0.006974,
            -0.007152,
            0.149518
          ],
          [
            -0.014868,
            -0.017009,
            0.112376
          ],
          [
            -0.007231,
            0.047625,
            -0.157824
          ],
          [
            -0.087209,
            0.003215,
            -0.143605
          ],
          [
            0.080473,
            0.002017,
            -0.1217
          ],
          [
            -0.030348,
            -0.04583,
            -0.128603
          ],
          [
            -0.002103,
            0.00227,
            -0.003082
          ],
          [
            -0.00203,
            -0.003907,
            -1.9e-05
          ],
          [
            -0.001182,
            0.001609,
            0.001199
          ],
          [
            0.006281,
            0.003734,
            0.000984
          ],
          [
            0.007831,
            0.003322,
            -0.001205
          ],
          [
            0.008954,
            0.00013,
            0.001193
          ],
          [
            0.001272,
            -0.000715,
            -5.9e-05
          ],
          [
            0.003627,
            0.002775,
            0.012908
          ],
          [
            0.01747,
            -0.010268,
            0.004238
          ],
          [
            0.012782,
            0.007434,
            -0.003345
          ],
          [
            0.007923,
            -0.005008,
            -0.00345
          ],
          [
            0.009199,
            0.009423,
            -0.007912
          ]
        ],
        "Lattice": [
          [
            5.024700786,
            0.0,
            0.0
          ],
          [
            2.512350393,
            4.351518527,
            0.0
          ],
          [
            0.0,
            0.0,
            19.183191106
          ]
        ],
        "NumAtoms": 20,
        "Positions": [
          [
            3.7689,
            2.17598,
            0.0
          ],
          [
            1.2563,
            2.17598,
            0.0
          ],
          [
            2.5126,
            0.0,
            0.0
          ],
          [
            0.0,
            0.0,
            0.0
          ],
          [
            6.28148,
            3.62661,
            2.05153
          ],
          [
            5.02518,
            1.45064,
            2.05153
          ],
          [
            2.51257,
            1.45064,
            2.05153
          ],
          [
            3.76887,
            3.62661,
            2.05153
          ],
          [
            2.51431,
            2.89021,
            4.10088
          ],
          [
            3.78117,
            0.7435,
            4.13779
          ],
          [
            4.9915,
            2.91779,
            4.09871
          ],
          [
            5.03664,
            4.34514,
            6.10912
          ],
          [
            2.52777,
            4.33247,
            6.10589
          ],
          [
            6.1672,
            2.13943,
            6.0023
          ],
          [
            1.25135,
            0.71851,
            4.06936
          ],
          [
            3.64021,
            2.15585,
            6.76268
          ],
          [
            2.98287,
            0.65339,
            7.94663
          ],
          [
            2.99923,
            3.67591,
            7.9341
          ],
          [
            3.74465,
            0.12031,
            8.27963
          ],
          [
            3.76141,
            4.20263,
            8.27775
          ]
        ],
        "Stress": [
          [
            -16.62148,
            -0.01386,
            1.87864
          ],
          [
            -0.01386,
            -16.66128,
            0.33011
          ],
          [
            1.87864,
            0.33011,
            -12.49358
          ]
        ],
        "computation_code": "VASP",
        "pseudopotential_information": [
          [
            "PAW_PBE",
            "Ni",
            "02Aug2007"
          ],
          [
            "PAW_PBE",
            "Mn",
            "06Sep2000"
          ],
          [
            "PAW_PBE",
            "O",
            "08Apr2002"
          ],
          [
            "PAW_PBE",
            "H",
            "15Jun2001"
          ]
        ]
      }
    ],
    "EnergyStyle": "electronvolt",
    "ForcesStyle": "electronvoltperangstrom",
    "LatticeStyle": "angstrom",
    "PositionsStyle": "angstrom",
    "StressStyle": "kB"
  }
}