{
  "Dataset": {
    "AtomTypeStyle": "chemicalsymbol",
    "Data": [
      {
        "AtomTypes": [
          "Ni",
          "Ni",
          "Ni",
          "Ni",
          "Ni",
          "Ni",
          "Ni",
          "Ni",
          "Ni",
          "Ni",
          "Ni",
          "Ni",
          "Ni",
          "Ni",
          "Ni",
          "Mn",
          "O",
          "O"
        ],
        "Energy": -90.77194173,
        "Forces": [
          [
            0.0,
            0.0,
            0.314663
          ],
          [
            0.0,
            0.0,
            0.114043
          ],
          [
            0.0,
            0.0,
            0.411728
          ],
          [
            0.0,
            0.0,
            0.314026
          ],
          [
            -0.034773,
            -0.032837,
            -0.309266
          ],
          [
            0.034773,
            -0.032837,
            -0.309266
          ],
          [
            -0.034773,
            0.032837,
            -0.309266
          ],
          [
            0.034773,
            0.032837,
            -0.309266
          ],
          [
            0.0,
            0.0,
            0.014964
          ],
          [
            0.0,
            0.0,
            0.051929
          ],
          [
            0.0,
            0.0,
            0.162931
          ],
          [
            0.038559,
            -0.137392,
            -0.026754
          ],
          [
            -0.038559,
            -0.137392,
            -0.026754
          ],
          [
            0.038559,
            0.137392,
            -0.026754
          ],
          [
            -0.038559,
            0.137392,
            -0.026754
          ],
          [
            0.0,
            0.0,
            -0.11828
          ],
          [
            0.0,
            0.0,
            -0.029637
          ],
          [
            0.0,
            0.0,
            0.107713
          ]
        ],
        "Lattice": [
          [
            5.025196436,
            0.0,
            0.0
          ],
          [
            0.0,
            5.025196436,
            0.0
          ],
          [
            0.0,
            0.0,
            17.427492376
          ]
        ],
        "NumAtoms": 18,
        "Positions": [
          [
            3.7689,
            1.2563,
            0.0
          ],
          [
            3.7689,
            3.7689,
            0.0
          ],
          [
            1.2563,
            1.2563,
            0.0
          ],
          [
            1.2563,
            3.7689,
            0.0
          ],
          [
            0.0,
            0.0,
            1.77656
          ],
          [
            2.5126,
            0.0,
            1.77656
          ],
          [
            0.0,
            2.5126,
            1.77656
          ],
          [
            2.5126,
            2.5126,
            1.77656
          ],
          [
            3.7689,
            1.2563,
            3.56062
          ],
          [
            1.2563,
            3.7689,
            3.55914
          ],
          [
            3.7689,
            3.7689,
            3.56478
          ],
          [
            -0.00432,
            0.00202,
            5.5007
          ],
          [
            2.51692,
            0.00202,
            5.5007
          ],
          [
            -0.00432,
            2.51058,
            5.5007
          ],
          [
            2.51692,
            2.51058,
            5.5007
          ],
          [
            1.2563,
            1.2563,
            3.64374
          ],
          [
            1.2563,
            3.7689,
            6.27899
          ],
          [
            3.7689,
            1.2563,
            6.27409
          ]
        ],
        "Stress": [
          [
            -17.02798,
            0.0,
            0.0
          ],
          [
            0.0,
            -17.026,
            0.0
          ],
          [
            0.0,
            0.0,
            -14.24071
          ]
        ],
        "computation_code": "VASP",
        "pseudopotential_information": [
          [
            "PAW_PBE",
            "Ni",
            "02Aug2007"
          ],
          [
            "PAW_PBE",
            "Mn",
            "06Sep2000"
          ],
          [
            "PAW_PBE",
            "O",
            "08Apr2002"
          ]
        ]
      }
    ],
    "EnergyStyle": "electronvolt",
    "ForcesStyle": "electronvoltperangstrom",
    "LatticeStyle": "angstrom",
    "PositionsStyle": "angstrom",
    "StressStyle": "kB"
  }
}