{
  "Dataset": {
    "AtomTypeStyle": "chemicalsymbol",
    "Data": [
      {
        "AtomTypes": [
          "Ni",
          "Ni",
          "Ni",
          "Ni",
          "Ni",
          "Ni",
          "Ni",
          "Ni",
          "Ni",
          "Ni",
          "Ni",
          "Ni",
          "Ni",
          "Ni",
          "Ni",
          "Mn",
          "O",
          "O",
          "H",
          "H"
        ],
        "Energy": -99.97883467,
        "Forces": [
          [
            -0.01849,
            -0.028741,
            0.170398
          ],
          [
            0.00683,
            -9.1e-05,
            0.100696
          ],
          [
            0.007175,
            0.007733,
            -0.02689
          ],
          [
            -0.027685,
            0.001517,
            0.178786
          ],
          [
            -0.043275,
            0.033775,
            -0.127914
          ],
          [
            -0.026579,
            -0.002794,
            0.066829
          ],
          [
            0.006067,
            -0.04362,
            -0.124484
          ],
          [
            0.028576,
            0.029409,
            -0.126659
          ],
          [
            0.020011,
            -0.007725,
            -0.004846
          ],
          [
            -0.042022,
            0.01084,
            0.004872
          ],
          [
            -0.014033,
            0.014988,
            -0.017674
          ],
          [
            -0.000355,
            -0.017065,
            -0.001512
          ],
          [
            0.032659,
            -0.018152,
            0.002451
          ],
          [
            0.011829,
            0.006292,
            -0.016243
          ],
          [
            0.014086,
            0.045673,
            0.0161
          ],
          [
            0.00178,
            -0.004012,
            -0.017586
          ],
          [
            -0.001799,
            -0.003569,
            -0.046997
          ],
          [
            -0.055517,
            -0.094174,
            -0.027521
          ],
          [
            0.000767,
            0.007097,
            -0.012889
          ],
          [
            0.099974,
            0.062621,
            0.01108
          ]
        ],
        "Lattice": [
          [
            5.024700786,
            0.0,
            0.0
          ],
          [
            2.512350393,
            4.351518527,
            0.0
          ],
          [
            0.0,
            0.0,
            19.183191106
          ]
        ],
        "NumAtoms": 20,
        "Positions": [
          [
            3.7689,
            2.17598,
            0.0
          ],
          [
            1.2563,
            2.17598,
            0.0
          ],
          [
            2.5126,
            0.0,
            0.0
          ],
          [
            0.0,
            0.0,
            0.0
          ],
          [
            6.28148,
            3.62661,
            2.05153
          ],
          [
            5.02518,
            1.45064,
            2.05153
          ],
          [
            2.51257,
            1.45064,
            2.05153
          ],
          [
            3.76887,
            3.62661,
            2.05153
          ],
          [
            1.23823,
            0.74157,
            4.11298
          ],
          [
            3.76184,
            0.72474,
            4.13197
          ],
          [
            5.01832,
            2.89249,
            4.10933
          ],
          [
            2.48132,
            0.01325,
            6.15751
          ],
          [
            -0.0601,
            0.01345,
            6.20563
          ],
          [
            1.19258,
            2.16258,
            6.24429
          ],
          [
            3.72418,
            2.13444,
            6.20015
          ],
          [
            2.49122,
            2.89699,
            4.14303
          ],
          [
            3.73759,
            3.60918,
            7.37262
          ],
          [
            6.15438,
            2.41128,
            8.46686
          ],
          [
            5.34911,
            2.97328,
            8.52888
          ],
          [
            1.88822,
            3.00841,
            8.62096
          ]
        ],
        "Stress": [
          [
            -10.8937,
            0.01681,
            2.09109
          ],
          [
            0.01681,
            -10.12016,
            0.01201
          ],
          [
            2.09109,
            0.01201,
            -13.72162
          ]
        ],
        "computation_code": "VASP",
        "pseudopotential_information": [
          [
            "PAW_PBE",
            "Ni",
            "02Aug2007"
          ],
          [
            "PAW_PBE",
            "Mn",
            "06Sep2000"
          ],
          [
            "PAW_PBE",
            "O",
            "08Apr2002"
          ],
          [
            "PAW_PBE",
            "H",
            "15Jun2001"
          ]
        ]
      }
    ],
    "EnergyStyle": "electronvolt",
    "ForcesStyle": "electronvoltperangstrom",
    "LatticeStyle": "angstrom",
    "PositionsStyle": "angstrom",
    "StressStyle": "kB"
  }
}