{
  "Dataset": {
    "AtomTypeStyle": "chemicalsymbol",
    "Data": [
      {
        "AtomTypes": [
          "Ni",
          "Ni",
          "Ni",
          "Ni",
          "Ni",
          "Ni",
          "Ni",
          "Ni",
          "Ni",
          "Ni",
          "Ni",
          "Ni",
          "Ni",
          "Ni",
          "Ni",
          "Ni",
          "Ni",
          "Ni",
          "Ni",
          "Mn",
          "O",
          "O"
        ],
        "Energy": -107.40550851,
        "Forces": [
          [
            -0.063532,
            -0.005393,
            0.584444
          ],
          [
            0.021217,
            0.018132,
            0.569093
          ],
          [
            -0.063532,
            0.005393,
            0.584444
          ],
          [
            0.021217,
            -0.018132,
            0.569093
          ],
          [
            -0.027934,
            -0.0,
            -0.260435
          ],
          [
            0.031751,
            -0.0,
            -1.117083
          ],
          [
            -0.065472,
            -0.0,
            -0.443015
          ],
          [
            0.061259,
            -0.0,
            -0.765411
          ],
          [
            -0.028741,
            -0.005544,
            0.024023
          ],
          [
            -0.038877,
            -0.004039,
            0.000457
          ],
          [
            -0.028741,
            0.005544,
            0.024023
          ],
          [
            -0.038877,
            0.004039,
            0.000457
          ],
          [
            0.008425,
            -0.0,
            0.006492
          ],
          [
            0.012839,
            -0.0,
            0.026239
          ],
          [
            0.035354,
            -0.0,
            0.049253
          ],
          [
            -0.001113,
            -0.00217,
            0.024609
          ],
          [
            0.069264,
            -0.004113,
            0.052891
          ],
          [
            -0.001113,
            0.00217,
            0.024609
          ],
          [
            0.069264,
            0.004113,
            0.052891
          ],
          [
            0.019082,
            -0.0,
            0.037733
          ],
          [
            0.001807,
            -0.0,
            -0.046127
          ],
          [
            0.00645,
            -0.0,
            0.001317
          ]
        ],
        "Lattice": [
          [
            7.106,
            0.0,
            0.0
          ],
          [
            0.0,
            5.024699515,
            0.0
          ],
          [
            0.0,
            0.0,
            17.703958439
          ]
        ],
        "NumAtoms": 22,
        "Positions": [
          [
            0.0,
            2.51235,
            0.0
          ],
          [
            3.553,
            2.51235,
            0.0
          ],
          [
            0.0,
            0.0,
            0.0
          ],
          [
            3.553,
            0.0,
            0.0
          ],
          [
            1.7765,
            3.76852,
            1.25617
          ],
          [
            5.3295,
            3.76852,
            1.25617
          ],
          [
            1.7765,
            1.25618,
            1.25617
          ],
          [
            5.3295,
            1.25618,
            1.25617
          ],
          [
            0.05764,
            -0.01667,
            2.49408
          ],
          [
            3.5003,
            -0.01624,
            2.4814
          ],
          [
            0.05764,
            2.52902,
            2.49408
          ],
          [
            3.5003,
            2.52859,
            2.4814
          ],
          [
            1.75213,
            3.76852,
            4.13812
          ],
          [
            5.30084,
            3.76852,
            3.61311
          ],
          [
            5.28309,
            1.25618,
            3.60807
          ],
          [
            -0.24134,
            2.5176,
            4.97501
          ],
          [
            3.81373,
            2.49234,
            5.17792
          ],
          [
            -0.24134,
            -0.00525,
            4.97501
          ],
          [
            3.81373,
            0.02001,
            5.17792
          ],
          [
            1.7763,
            1.25618,
            3.93085
          ],
          [
            5.32482,
            1.25617,
            5.61268
          ],
          [
            2.65523,
            3.76852,
            5.78975
          ]
        ],
        "Stress": [
          [
            -23.41354,
            0.0,
            1.75866
          ],
          [
            0.0,
            -9.4434,
            0.0
          ],
          [
            1.75866,
            0.0,
            -10.90917
          ]
        ],
        "computation_code": "VASP",
        "pseudopotential_information": [
          [
            "PAW_PBE",
            "Ni",
            "02Aug2007"
          ],
          [
            "PAW_PBE",
            "Mn",
            "06Sep2000"
          ],
          [
            "PAW_PBE",
            "O",
            "08Apr2002"
          ]
        ]
      }
    ],
    "EnergyStyle": "electronvolt",
    "ForcesStyle": "electronvoltperangstrom",
    "LatticeStyle": "angstrom",
    "PositionsStyle": "angstrom",
    "StressStyle": "kB"
  }
}