{
  "Dataset": {
    "AtomTypeStyle": "chemicalsymbol",
    "Data": [
      {
        "AtomTypes": [
          "Ni",
          "Ni",
          "Ni",
          "Ni",
          "Ni",
          "Ni",
          "Ni",
          "Ni",
          "Ni",
          "Ni",
          "Ni",
          "Ni",
          "Ni",
          "Ni",
          "Ni",
          "Mn",
          "O",
          "O"
        ],
        "Energy": -91.22395371,
        "Forces": [
          [
            -0.010978,
            0.014046,
            0.187616
          ],
          [
            0.010371,
            0.013565,
            0.187205
          ],
          [
            -0.000689,
            -0.003995,
            -0.069679
          ],
          [
            0.001713,
            -0.014157,
            0.132208
          ],
          [
            -0.072226,
            -0.012865,
            -0.121384
          ],
          [
            -0.001013,
            0.063435,
            0.064934
          ],
          [
            0.001978,
            -0.023929,
            -0.213546
          ],
          [
            0.07146,
            -0.0136,
            -0.121588
          ],
          [
            -0.005432,
            0.030535,
            -0.012031
          ],
          [
            0.005322,
            0.030213,
            -0.011908
          ],
          [
            0.00017,
            0.01703,
            0.005494
          ],
          [
            -7.3e-05,
            -0.059613,
            -0.090949
          ],
          [
            -0.000574,
            -0.082678,
            -0.054387
          ],
          [
            -0.02635,
            0.034895,
            -0.004067
          ],
          [
            0.026326,
            0.032971,
            -0.00285
          ],
          [
            -0.000123,
            0.031822,
            0.029144
          ],
          [
            0.001334,
            -0.033149,
            0.061233
          ],
          [
            -0.001217,
            -0.024527,
            0.034554
          ]
        ],
        "Lattice": [
          [
            5.024700786,
            0.0,
            0.0
          ],
          [
            2.512350393,
            4.351518527,
            0.0
          ],
          [
            0.0,
            0.0,
            19.183191106
          ]
        ],
        "NumAtoms": 18,
        "Positions": [
          [
            3.7689,
            2.17598,
            0.0
          ],
          [
            1.2563,
            2.17598,
            0.0
          ],
          [
            2.5126,
            0.0,
            0.0
          ],
          [
            0.0,
            0.0,
            0.0
          ],
          [
            6.28148,
            3.62661,
            2.05153
          ],
          [
            5.02518,
            1.45064,
            2.05153
          ],
          [
            2.51257,
            1.45064,
            2.05153
          ],
          [
            3.76887,
            3.62661,
            2.05153
          ],
          [
            1.24924,
            0.73766,
            4.08959
          ],
          [
            3.77627,
            0.7377,
            4.08953
          ],
          [
            5.02514,
            2.91216,
            4.15994
          ],
          [
            2.51282,
            0.07081,
            6.14781
          ],
          [
            5.02518,
            0.05871,
            6.1894
          ],
          [
            6.29069,
            2.32365,
            6.34946
          ],
          [
            3.75964,
            2.32372,
            6.34938
          ],
          [
            2.51277,
            2.9019,
            4.13496
          ],
          [
            2.51277,
            1.44257,
            7.33967
          ],
          [
            5.0252,
            1.45936,
            7.33108
          ]
        ],
        "Stress": [
          [
            14.05745,
            0.00289,
            -0.00729
          ],
          [
            0.00289,
            1.02673,
            -1.42487
          ],
          [
            -0.00729,
            -1.42487,
            -11.47881
          ]
        ],
        "computation_code": "VASP",
        "pseudopotential_information": [
          [
            "PAW_PBE",
            "Ni",
            "02Aug2007"
          ],
          [
            "PAW_PBE",
            "Mn",
            "06Sep2000"
          ],
          [
            "PAW_PBE",
            "O",
            "08Apr2002"
          ]
        ]
      }
    ],
    "EnergyStyle": "electronvolt",
    "ForcesStyle": "electronvoltperangstrom",
    "LatticeStyle": "angstrom",
    "PositionsStyle": "angstrom",
    "StressStyle": "kB"
  }
}