{
  "Dataset": {
    "AtomTypeStyle": "chemicalsymbol",
    "Data": [
      {
        "AtomTypes": [
          "Ni",
          "Ni",
          "Ni",
          "Ni",
          "Ni",
          "Ni",
          "Ni",
          "Ni",
          "Ni",
          "Ni",
          "Ni",
          "Ni",
          "Ni",
          "Ni",
          "Ni",
          "Ni",
          "Ni",
          "Ni",
          "Ni",
          "Mn",
          "O",
          "O"
        ],
        "Energy": -105.96760206,
        "Forces": [
          [
            0.0,
            0.001025,
            0.601843
          ],
          [
            0.0,
            0.000556,
            0.318084
          ],
          [
            0.0,
            0.000404,
            0.508671
          ],
          [
            0.0,
            0.001096,
            0.548619
          ],
          [
            -0.094245,
            -0.006189,
            -0.585823
          ],
          [
            0.094245,
            -0.006189,
            -0.585823
          ],
          [
            -0.092969,
            0.023951,
            -0.585307
          ],
          [
            0.092969,
            0.023951,
            -0.585307
          ],
          [
            0.0,
            0.001689,
            -0.10011
          ],
          [
            0.0,
            0.001119,
            0.000529
          ],
          [
            0.0,
            5e-05,
            -0.067715
          ],
          [
            0.0,
            0.002933,
            0.372537
          ],
          [
            0.150221,
            -0.125374,
            0.001753
          ],
          [
            -0.150221,
            -0.125374,
            0.001753
          ],
          [
            0.151268,
            0.116733,
            0.000559
          ],
          [
            -0.151268,
            0.116733,
            0.000559
          ],
          [
            0.0,
            -0.003455,
            -0.054346
          ],
          [
            0.0,
            -0.008926,
            0.019732
          ],
          [
            0.0,
            -0.004232,
            -0.108195
          ],
          [
            0.0,
            -0.001895,
            0.316467
          ],
          [
            0.0,
            0.068312,
            -0.00742
          ],
          [
            0.0,
            -0.076919,
            -0.011061
          ]
        ],
        "Lattice": [
          [
            7.106,
            0.0,
            0.0
          ],
          [
            0.0,
            5.024699515,
            0.0
          ],
          [
            0.0,
            0.0,
            17.703958439
          ]
        ],
        "NumAtoms": 22,
        "Positions": [
          [
            0.0,
            2.51235,
            0.0
          ],
          [
            3.553,
            2.51235,
            0.0
          ],
          [
            0.0,
            0.0,
            0.0
          ],
          [
            3.553,
            0.0,
            0.0
          ],
          [
            1.7765,
            3.76852,
            1.25617
          ],
          [
            5.3295,
            3.76852,
            1.25617
          ],
          [
            1.7765,
            1.25618,
            1.25617
          ],
          [
            5.3295,
            1.25618,
            1.25617
          ],
          [
            0.0,
            0.00399,
            2.49227
          ],
          [
            3.553,
            0.00307,
            2.47992
          ],
          [
            0.0,
            2.51654,
            2.52086
          ],
          [
            3.553,
            2.51535,
            2.4462
          ],
          [
            1.74575,
            3.79269,
            3.75356
          ],
          [
            5.36025,
            3.79269,
            3.75356
          ],
          [
            1.74589,
            1.24799,
            3.75351
          ],
          [
            5.36011,
            1.24799,
            3.75351
          ],
          [
            0.0,
            2.52553,
            5.13555
          ],
          [
            0.0,
            0.01334,
            5.12934
          ],
          [
            3.553,
            0.00973,
            4.86845
          ],
          [
            3.553,
            2.52218,
            4.98696
          ],
          [
            0.0,
            1.26499,
            6.36793
          ],
          [
            0.0,
            3.78672,
            6.368
          ]
        ],
        "Stress": [
          [
            -23.41999,
            0.0,
            0.0
          ],
          [
            0.0,
            -6.44452,
            -0.33769
          ],
          [
            0.0,
            -0.33769,
            -9.72642
          ]
        ],
        "computation_code": "VASP",
        "pseudopotential_information": [
          [
            "PAW_PBE",
            "Ni",
            "02Aug2007"
          ],
          [
            "PAW_PBE",
            "Mn",
            "06Sep2000"
          ],
          [
            "PAW_PBE",
            "O",
            "08Apr2002"
          ]
        ]
      }
    ],
    "EnergyStyle": "electronvolt",
    "ForcesStyle": "electronvoltperangstrom",
    "LatticeStyle": "angstrom",
    "PositionsStyle": "angstrom",
    "StressStyle": "kB"
  }
}