{
  "Dataset": {
    "AtomTypeStyle": "chemicalsymbol",
    "Data": [
      {
        "AtomTypes": [
          "Ni",
          "Ni",
          "Ni",
          "Ni",
          "Ni",
          "Ni",
          "Ni",
          "Ni",
          "Ni",
          "Ni",
          "Ni",
          "Ni",
          "Ni",
          "Ni",
          "Ni",
          "Ni",
          "Ni",
          "Ni",
          "Ni",
          "Mn",
          "O",
          "O",
          "H",
          "H"
        ],
        "Energy": -115.9976305,
        "Forces": [
          [
            -0.005075,
            0.011198,
            0.540396
          ],
          [
            0.011154,
            0.007716,
            0.533304
          ],
          [
            -0.005075,
            -0.011198,
            0.540396
          ],
          [
            0.011154,
            -0.007716,
            0.533304
          ],
          [
            0.018043,
            0.0,
            -0.624551
          ],
          [
            -0.010361,
            0.0,
            -0.959311
          ],
          [
            0.027776,
            0.0,
            -0.495146
          ],
          [
            0.001401,
            0.0,
            -0.505486
          ],
          [
            0.095273,
            0.050674,
            0.044351
          ],
          [
            -0.096138,
            0.06191,
            0.049156
          ],
          [
            0.095273,
            -0.050674,
            0.044351
          ],
          [
            -0.096138,
            -0.06191,
            0.049156
          ],
          [
            -0.003019,
            0.0,
            0.121911
          ],
          [
            -0.007075,
            0.0,
            -0.040817
          ],
          [
            0.018669,
            0.0,
            -0.09398
          ],
          [
            -0.064267,
            0.060726,
            0.063415
          ],
          [
            0.037107,
            0.078177,
            0.075693
          ],
          [
            -0.064267,
            -0.060726,
            0.063415
          ],
          [
            0.037107,
            -0.078177,
            0.075693
          ],
          [
            0.009969,
            0.0,
            0.092512
          ],
          [
            0.093475,
            0.0,
            -0.099248
          ],
          [
            -0.006706,
            0.0,
            -0.041728
          ],
          [
            -0.09712,
            0.0,
            0.06549
          ],
          [
            -0.001159,
            0.0,
            -0.032278
          ]
        ],
        "Lattice": [
          [
            7.106,
            0.0,
            0.0
          ],
          [
            0.0,
            5.024699515,
            0.0
          ],
          [
            0.0,
            0.0,
            17.703958439
          ]
        ],
        "NumAtoms": 24,
        "Positions": [
          [
            0.0,
            2.51235,
            0.0
          ],
          [
            3.553,
            2.51235,
            0.0
          ],
          [
            0.0,
            0.0,
            0.0
          ],
          [
            3.553,
            0.0,
            0.0
          ],
          [
            1.7765,
            3.76852,
            1.25617
          ],
          [
            5.3295,
            3.76852,
            1.25617
          ],
          [
            1.7765,
            1.25618,
            1.25617
          ],
          [
            5.3295,
            1.25618,
            1.25617
          ],
          [
            -0.0271,
            0.00049,
            2.49068
          ],
          [
            3.58573,
            0.00142,
            2.49274
          ],
          [
            -0.0271,
            2.51186,
            2.49068
          ],
          [
            3.58573,
            2.51093,
            2.49274
          ],
          [
            1.78561,
            3.76852,
            3.69832
          ],
          [
            5.33602,
            3.76852,
            3.72154
          ],
          [
            5.3497,
            1.25618,
            3.82536
          ],
          [
            -0.0022,
            2.51506,
            4.99904
          ],
          [
            3.58186,
            2.50748,
            4.99363
          ],
          [
            -0.0022,
            -0.00271,
            4.99904
          ],
          [
            3.58186,
            0.00487,
            4.99363
          ],
          [
            1.77722,
            1.25618,
            3.79707
          ],
          [
            3.59539,
            3.76852,
            6.48338
          ],
          [
            0.0687,
            3.76852,
            6.48542
          ],
          [
            4.50048,
            3.76852,
            6.86309
          ],
          [
            0.94345,
            3.76852,
            6.92492
          ]
        ],
        "Stress": [
          [
            -20.75307,
            0.0,
            -0.46521
          ],
          [
            0.0,
            -19.41977,
            0.0
          ],
          [
            -0.46521,
            0.0,
            -10.35413
          ]
        ],
        "computation_code": "VASP",
        "pseudopotential_information": [
          [
            "PAW_PBE",
            "Ni",
            "02Aug2007"
          ],
          [
            "PAW_PBE",
            "Mn",
            "06Sep2000"
          ],
          [
            "PAW_PBE",
            "O",
            "08Apr2002"
          ],
          [
            "PAW_PBE",
            "H",
            "15Jun2001"
          ]
        ]
      }
    ],
    "EnergyStyle": "electronvolt",
    "ForcesStyle": "electronvoltperangstrom",
    "LatticeStyle": "angstrom",
    "PositionsStyle": "angstrom",
    "StressStyle": "kB"
  }
}