{
  "Dataset": {
    "AtomTypeStyle": "chemicalsymbol",
    "Data": [
      {
        "AtomTypes": [
          "Ni",
          "Ni",
          "Ni",
          "Ni",
          "Ni",
          "Ni",
          "Ni",
          "Ni",
          "Ni",
          "Ni",
          "Ni",
          "Ni",
          "Ni",
          "Ni",
          "Ni",
          "Mn",
          "O",
          "O"
        ],
        "Energy": -90.35585172,
        "Forces": [
          [
            0.001954,
            -0.003951,
            0.336978
          ],
          [
            0.001979,
            0.003976,
            0.337014
          ],
          [
            0.012836,
            0.021361,
            0.312388
          ],
          [
            0.012847,
            -0.021327,
            0.312383
          ],
          [
            -0.062822,
            -1.6e-05,
            -0.286025
          ],
          [
            0.069311,
            -4.1e-05,
            -0.296549
          ],
          [
            -0.080246,
            0.000106,
            -0.276637
          ],
          [
            0.129156,
            8.7e-05,
            -0.556925
          ],
          [
            0.043477,
            0.037254,
            -0.151587
          ],
          [
            -0.027188,
            0.018899,
            0.055472
          ],
          [
            0.043489,
            -0.037106,
            -0.151527
          ],
          [
            -0.02732,
            -0.018721,
            0.055795
          ],
          [
            -0.449767,
            0.000186,
            -0.005377
          ],
          [
            0.141429,
            0.000153,
            0.028013
          ],
          [
            -0.085353,
            0.000231,
            0.177469
          ],
          [
            -0.026466,
            -0.00082,
            0.373072
          ],
          [
            0.151656,
            -0.140176,
            -0.132064
          ],
          [
            0.15103,
            0.139905,
            -0.131893
          ]
        ],
        "Lattice": [
          [
            5.025196436,
            0.0,
            0.0
          ],
          [
            0.0,
            5.025196436,
            0.0
          ],
          [
            0.0,
            0.0,
            17.427492376
          ]
        ],
        "NumAtoms": 18,
        "Positions": [
          [
            3.7689,
            1.2563,
            0.0
          ],
          [
            3.7689,
            3.7689,
            0.0
          ],
          [
            1.2563,
            1.2563,
            0.0
          ],
          [
            1.2563,
            3.7689,
            0.0
          ],
          [
            0.0,
            0.0,
            1.77656
          ],
          [
            2.5126,
            0.0,
            1.77656
          ],
          [
            0.0,
            2.5126,
            1.77656
          ],
          [
            2.5126,
            2.5126,
            1.77656
          ],
          [
            1.25904,
            1.24833,
            3.51849
          ],
          [
            3.77606,
            1.26883,
            3.58961
          ],
          [
            1.25905,
            3.77689,
            3.5185
          ],
          [
            3.77606,
            3.75639,
            3.58968
          ],
          [
            2.73346,
            0.00018,
            5.35463
          ],
          [
            4.88164,
            2.51244,
            5.45551
          ],
          [
            2.37273,
            2.51275,
            5.41528
          ],
          [
            0.14803,
            5.02508,
            5.42305
          ],
          [
            1.05164,
            1.29521,
            6.32713
          ],
          [
            1.05096,
            3.7297,
            6.32751
          ]
        ],
        "Stress": [
          [
            -29.43803,
            0.00627,
            -0.41359
          ],
          [
            0.00627,
            -9.71988,
            -0.00305
          ],
          [
            -0.41359,
            -0.00305,
            -13.66069
          ]
        ],
        "computation_code": "VASP",
        "pseudopotential_information": [
          [
            "PAW_PBE",
            "Ni",
            "02Aug2007"
          ],
          [
            "PAW_PBE",
            "Mn",
            "06Sep2000"
          ],
          [
            "PAW_PBE",
            "O",
            "08Apr2002"
          ]
        ]
      }
    ],
    "EnergyStyle": "electronvolt",
    "ForcesStyle": "electronvoltperangstrom",
    "LatticeStyle": "angstrom",
    "PositionsStyle": "angstrom",
    "StressStyle": "kB"
  }
}