{
  "Dataset": {
    "AtomTypeStyle": "chemicalsymbol",
    "Data": [
      {
        "AtomTypes": [
          "Ni",
          "Ni",
          "Ni",
          "Ni",
          "Ni",
          "Ni",
          "Ni",
          "Ni",
          "Ni",
          "Ni",
          "Ni",
          "Ni",
          "Ni",
          "Ni",
          "Ni",
          "Mn",
          "O",
          "O",
          "H",
          "H"
        ],
        "Energy": -99.4468016,
        "Forces": [
          [
            -0.006844,
            -0.007522,
            0.114041
          ],
          [
            -0.003437,
            -0.016842,
            0.148811
          ],
          [
            -0.008373,
            0.003521,
            0.124153
          ],
          [
            -0.005892,
            0.003804,
            0.141651
          ],
          [
            0.053998,
            0.023095,
            -0.325024
          ],
          [
            -0.027574,
            -0.023669,
            -0.103514
          ],
          [
            0.031531,
            0.034813,
            0.013136
          ],
          [
            -0.041861,
            -0.028119,
            -0.140301
          ],
          [
            -0.001552,
            0.002844,
            0.00072
          ],
          [
            -0.004371,
            0.004795,
            0.002613
          ],
          [
            -0.001806,
            0.004533,
            0.006874
          ],
          [
            -0.004805,
            -0.000282,
            0.002061
          ],
          [
            -0.008967,
            0.002506,
            -0.003789
          ],
          [
            -0.001873,
            -0.001869,
            -0.008219
          ],
          [
            -0.005032,
            0.005315,
            0.00384
          ],
          [
            0.011457,
            0.003513,
            0.01169
          ],
          [
            0.035936,
            0.025844,
            0.009686
          ],
          [
            -0.012958,
            0.013481,
            -0.011594
          ],
          [
            -0.027124,
            -0.027336,
            -0.017186
          ],
          [
            0.029547,
            -0.022424,
            0.030349
          ]
        ],
        "Lattice": [
          [
            5.024700786,
            0.0,
            0.0
          ],
          [
            2.512350393,
            4.351518527,
            0.0
          ],
          [
            0.0,
            0.0,
            19.183191106
          ]
        ],
        "NumAtoms": 20,
        "Positions": [
          [
            3.7689,
            2.17598,
            0.0
          ],
          [
            1.2563,
            2.17598,
            0.0
          ],
          [
            2.5126,
            0.0,
            0.0
          ],
          [
            0.0,
            0.0,
            0.0
          ],
          [
            6.28148,
            3.62661,
            2.05153
          ],
          [
            5.02518,
            1.45064,
            2.05153
          ],
          [
            2.51257,
            1.45064,
            2.05153
          ],
          [
            3.76887,
            3.62661,
            2.05153
          ],
          [
            2.53036,
            2.92548,
            4.1304
          ],
          [
            3.78322,
            0.72628,
            4.11879
          ],
          [
            5.03189,
            2.8894,
            4.0713
          ],
          [
            4.951,
            4.33021,
            6.01167
          ],
          [
            7.47523,
            4.33257,
            6.45788
          ],
          [
            1.27804,
            2.14378,
            6.08859
          ],
          [
            1.2371,
            0.72356,
            4.09839
          ],
          [
            3.77804,
            2.16962,
            6.25007
          ],
          [
            4.40634,
            1.42121,
            7.93814
          ],
          [
            1.93351,
            2.84611,
            7.80223
          ],
          [
            5.20154,
            1.8868,
            8.28602
          ],
          [
            2.65217,
            2.37428,
            8.283
          ]
        ],
        "Stress": [
          [
            -9.74588,
            -1.73003,
            0.78593
          ],
          [
            -1.73003,
            -12.68668,
            0.00616
          ],
          [
            0.78593,
            0.00616,
            -11.70348
          ]
        ],
        "computation_code": "VASP",
        "pseudopotential_information": [
          [
            "PAW_PBE",
            "Ni",
            "02Aug2007"
          ],
          [
            "PAW_PBE",
            "Mn",
            "06Sep2000"
          ],
          [
            "PAW_PBE",
            "O",
            "08Apr2002"
          ],
          [
            "PAW_PBE",
            "H",
            "15Jun2001"
          ]
        ]
      }
    ],
    "EnergyStyle": "electronvolt",
    "ForcesStyle": "electronvoltperangstrom",
    "LatticeStyle": "angstrom",
    "PositionsStyle": "angstrom",
    "StressStyle": "kB"
  }
}