{
  "Dataset": {
    "AtomTypeStyle": "chemicalsymbol",
    "Data": [
      {
        "AtomTypes": [
          "Ni",
          "Ni",
          "Ni",
          "Ni",
          "Ni",
          "Ni",
          "Ni",
          "Ni",
          "Mn",
          "Ni",
          "Ni",
          "Ni",
          "Ni",
          "Ni",
          "Ni",
          "Ni"
        ],
        "Energy": -76.96825753,
        "Forces": [
          [
            -0.0,
            0.0,
            0.295196
          ],
          [
            -0.0,
            0.0,
            0.138615
          ],
          [
            -0.0,
            0.0,
            0.356215
          ],
          [
            -0.0,
            0.0,
            0.295196
          ],
          [
            -0.018634,
            -0.018634,
            -0.339745
          ],
          [
            0.018634,
            -0.018634,
            -0.339745
          ],
          [
            -0.018634,
            0.018634,
            -0.339745
          ],
          [
            0.018634,
            0.018634,
            -0.339745
          ],
          [
            -0.0,
            0.0,
            -0.051927
          ],
          [
            -0.0,
            0.0,
            -0.030342
          ],
          [
            -0.0,
            0.0,
            -0.030342
          ],
          [
            -0.0,
            0.0,
            0.010285
          ],
          [
            -0.01843,
            -0.01843,
            0.094021
          ],
          [
            0.01843,
            -0.01843,
            0.094021
          ],
          [
            -0.01843,
            0.01843,
            0.094021
          ],
          [
            0.01843,
            0.01843,
            0.094021
          ]
        ],
        "Lattice": [
          [
            5.025196436,
            0.0,
            0.0
          ],
          [
            0.0,
            5.025196436,
            0.0
          ],
          [
            0.0,
            0.0,
            17.427492376
          ]
        ],
        "NumAtoms": 16,
        "Positions": [
          [
            3.7689,
            1.2563,
            0.0
          ],
          [
            3.7689,
            3.7689,
            0.0
          ],
          [
            1.2563,
            1.2563,
            0.0
          ],
          [
            1.2563,
            3.7689,
            0.0
          ],
          [
            0.0,
            0.0,
            1.77656
          ],
          [
            2.5126,
            0.0,
            1.77656
          ],
          [
            0.0,
            2.5126,
            1.77656
          ],
          [
            2.5126,
            2.5126,
            1.77656
          ],
          [
            1.2563,
            1.2563,
            3.60482
          ],
          [
            3.7689,
            1.2563,
            3.58974
          ],
          [
            1.2563,
            3.7689,
            3.58974
          ],
          [
            3.7689,
            3.7689,
            3.59373
          ],
          [
            -0.00151,
            -0.00151,
            5.3127
          ],
          [
            2.51411,
            -0.00151,
            5.3127
          ],
          [
            -0.00151,
            2.51411,
            5.3127
          ],
          [
            2.51411,
            2.51411,
            5.3127
          ]
        ],
        "Stress": [
          [
            -19.13923,
            0.0,
            0.0
          ],
          [
            0.0,
            -19.13923,
            0.0
          ],
          [
            0.0,
            0.0,
            -5.56971
          ]
        ],
        "computation_code": "VASP",
        "pseudopotential_information": [
          [
            "PAW_PBE",
            "Ni",
            "02Aug2007"
          ],
          [
            "PAW_PBE",
            "Mn",
            "06Sep2000"
          ]
        ]
      }
    ],
    "EnergyStyle": "electronvolt",
    "ForcesStyle": "electronvoltperangstrom",
    "LatticeStyle": "angstrom",
    "PositionsStyle": "angstrom",
    "StressStyle": "kB"
  }
}