{
  "Dataset": {
    "AtomTypeStyle": "chemicalsymbol",
    "Data": [
      {
        "AtomTypes": [
          "Ni",
          "Ni",
          "Ni",
          "Ni",
          "Ni",
          "Ni",
          "Ni",
          "Ni",
          "Ni",
          "Ni",
          "Ni",
          "Ni",
          "Ni",
          "Ni",
          "Ni",
          "Ni",
          "Ni",
          "Mn",
          "Ni",
          "Ni",
          "H"
        ],
        "Energy": -97.81866516,
        "Forces": [
          [
            0.0,
            -0.006852,
            0.55586
          ],
          [
            0.0,
            -0.031305,
            0.522171
          ],
          [
            0.0,
            0.012749,
            0.494699
          ],
          [
            0.0,
            0.049167,
            0.487491
          ],
          [
            0.048402,
            -0.007851,
            -0.501159
          ],
          [
            -0.048402,
            -0.007851,
            -0.501159
          ],
          [
            0.083334,
            0.033243,
            -0.524041
          ],
          [
            -0.083334,
            0.033243,
            -0.524041
          ],
          [
            0.0,
            -0.007675,
            -0.014147
          ],
          [
            0.0,
            -0.001699,
            0.000371
          ],
          [
            0.0,
            -0.004157,
            0.003514
          ],
          [
            0.0,
            -0.009306,
            0.008947
          ],
          [
            -0.004374,
            -0.004686,
            -3.9e-05
          ],
          [
            0.004374,
            -0.004686,
            -3.9e-05
          ],
          [
            0.002841,
            -0.001736,
            -0.001532
          ],
          [
            -0.002841,
            -0.001736,
            -0.001532
          ],
          [
            0.0,
            -0.004996,
            -0.004624
          ],
          [
            0.0,
            -0.015116,
            -0.007023
          ],
          [
            0.0,
            -0.011356,
            0.006858
          ],
          [
            0.0,
            0.000607,
            0.013038
          ],
          [
            0.0,
            -0.008002,
            -0.013614
          ]
        ],
        "Lattice": [
          [
            7.106,
            0.0,
            0.0
          ],
          [
            0.0,
            5.024699515,
            0.0
          ],
          [
            0.0,
            0.0,
            17.703958439
          ]
        ],
        "NumAtoms": 21,
        "Positions": [
          [
            0.0,
            2.51235,
            0.0
          ],
          [
            3.553,
            2.51235,
            0.0
          ],
          [
            0.0,
            0.0,
            0.0
          ],
          [
            3.553,
            0.0,
            0.0
          ],
          [
            1.7765,
            3.76852,
            1.25617
          ],
          [
            5.3295,
            3.76852,
            1.25617
          ],
          [
            1.7765,
            1.25618,
            1.25617
          ],
          [
            5.3295,
            1.25618,
            1.25617
          ],
          [
            0.0,
            0.00377,
            2.45687
          ],
          [
            3.553,
            5.01805,
            2.48327
          ],
          [
            0.0,
            2.52254,
            2.47587
          ],
          [
            3.553,
            2.51837,
            2.51466
          ],
          [
            1.80164,
            3.78561,
            3.80461
          ],
          [
            5.30436,
            3.78561,
            3.80461
          ],
          [
            1.77287,
            1.27121,
            3.78742
          ],
          [
            5.33313,
            1.27121,
            3.78742
          ],
          [
            0.0,
            2.53827,
            4.88562
          ],
          [
            3.553,
            2.54234,
            5.17481
          ],
          [
            0.0,
            0.01528,
            4.89715
          ],
          [
            3.553,
            0.08659,
            4.9378
          ],
          [
            3.553,
            1.00874,
            6.2265
          ]
        ],
        "Stress": [
          [
            -22.44827,
            0.0,
            0.0
          ],
          [
            0.0,
            -21.12132,
            -0.56278
          ],
          [
            0.0,
            -0.56278,
            -9.13547
          ]
        ],
        "computation_code": "VASP",
        "pseudopotential_information": [
          [
            "PAW_PBE",
            "Ni",
            "02Aug2007"
          ],
          [
            "PAW_PBE",
            "Mn",
            "06Sep2000"
          ],
          [
            "PAW_PBE",
            "H",
            "15Jun2001"
          ]
        ]
      }
    ],
    "EnergyStyle": "electronvolt",
    "ForcesStyle": "electronvoltperangstrom",
    "LatticeStyle": "angstrom",
    "PositionsStyle": "angstrom",
    "StressStyle": "kB"
  }
}