{
  "Dataset": {
    "AtomTypeStyle": "chemicalsymbol",
    "Data": [
      {
        "AtomTypes": [
          "Ni",
          "Ni",
          "Ni",
          "Ni",
          "Ni",
          "Ni",
          "Ni",
          "Ni",
          "Mn",
          "Ni",
          "Ni",
          "Ni",
          "Ni",
          "Ni",
          "Ni",
          "Ni",
          "O",
          "H"
        ],
        "Energy": -87.68559151,
        "Forces": [
          [
            0.040202,
            0.0,
            0.288275
          ],
          [
            -0.023118,
            0.0,
            0.10989
          ],
          [
            -0.029253,
            0.0,
            0.357546
          ],
          [
            -0.006103,
            0.0,
            0.2634
          ],
          [
            -0.055439,
            -0.01421,
            -0.380862
          ],
          [
            0.023648,
            -0.009469,
            -0.449602
          ],
          [
            -0.055439,
            0.01421,
            -0.380862
          ],
          [
            0.023648,
            0.009469,
            -0.449602
          ],
          [
            -0.092114,
            0.0,
            0.134162
          ],
          [
            0.018691,
            0.0,
            0.064176
          ],
          [
            -0.0124,
            0.0,
            0.090136
          ],
          [
            0.037808,
            0.0,
            0.025859
          ],
          [
            0.049983,
            0.003,
            0.072381
          ],
          [
            0.066572,
            0.025709,
            0.041111
          ],
          [
            0.049983,
            -0.003,
            0.072381
          ],
          [
            0.066572,
            -0.025709,
            0.041111
          ],
          [
            0.364814,
            0.0,
            0.334234
          ],
          [
            -0.468057,
            0.0,
            -0.233735
          ]
        ],
        "Lattice": [
          [
            5.025196436,
            0.0,
            0.0
          ],
          [
            0.0,
            5.025196436,
            0.0
          ],
          [
            0.0,
            0.0,
            17.427492376
          ]
        ],
        "NumAtoms": 18,
        "Positions": [
          [
            3.7689,
            1.2563,
            0.0
          ],
          [
            3.7689,
            3.7689,
            0.0
          ],
          [
            1.2563,
            1.2563,
            0.0
          ],
          [
            1.2563,
            3.7689,
            0.0
          ],
          [
            0.0,
            0.0,
            1.77656
          ],
          [
            2.5126,
            0.0,
            1.77656
          ],
          [
            0.0,
            2.5126,
            1.77656
          ],
          [
            2.5126,
            2.5126,
            1.77656
          ],
          [
            1.27627,
            1.2563,
            3.57409
          ],
          [
            3.72752,
            1.2563,
            3.57355
          ],
          [
            1.26302,
            3.7689,
            3.56095
          ],
          [
            3.75292,
            3.7689,
            3.56177
          ],
          [
            5.01321,
            0.0121,
            5.23737
          ],
          [
            2.53871,
            0.023,
            5.40978
          ],
          [
            5.01321,
            2.5005,
            5.23737
          ],
          [
            2.53871,
            2.4896,
            5.40978
          ],
          [
            2.42152,
            3.7689,
            6.87539
          ],
          [
            3.27088,
            3.7689,
            7.38509
          ]
        ],
        "Stress": [
          [
            -16.83245,
            0.0,
            0.17211
          ],
          [
            0.0,
            -19.15548,
            0.0
          ],
          [
            0.17211,
            0.0,
            -5.48193
          ]
        ],
        "computation_code": "VASP",
        "pseudopotential_information": [
          [
            "PAW_PBE",
            "Ni",
            "02Aug2007"
          ],
          [
            "PAW_PBE",
            "Mn",
            "06Sep2000"
          ],
          [
            "PAW_PBE",
            "O",
            "08Apr2002"
          ],
          [
            "PAW_PBE",
            "H",
            "15Jun2001"
          ]
        ]
      }
    ],
    "EnergyStyle": "electronvolt",
    "ForcesStyle": "electronvoltperangstrom",
    "LatticeStyle": "angstrom",
    "PositionsStyle": "angstrom",
    "StressStyle": "kB"
  }
}