{
  "Dataset": {
    "AtomTypeStyle": "chemicalsymbol",
    "Data": [
      {
        "AtomTypes": [
          "Ni",
          "Ni",
          "Ni",
          "Ni",
          "Ni",
          "Ni",
          "Ni",
          "Ni",
          "Ni",
          "Ni",
          "Ni",
          "Ni",
          "Ni",
          "Ni",
          "Ni",
          "Ni",
          "Ni",
          "Ni",
          "Mn",
          "Ni",
          "H"
        ],
        "Energy": -97.81761325,
        "Forces": [
          [
            0.0,
            -0.008792,
            0.566032
          ],
          [
            0.0,
            -0.024262,
            0.477408
          ],
          [
            0.0,
            0.008146,
            0.426729
          ],
          [
            0.0,
            0.023801,
            0.577068
          ],
          [
            -0.086216,
            0.029528,
            -0.521268
          ],
          [
            0.086216,
            0.029528,
            -0.521268
          ],
          [
            -0.0367,
            -0.029723,
            -0.545452
          ],
          [
            0.0367,
            -0.029723,
            -0.545452
          ],
          [
            0.0,
            -0.016285,
            0.177752
          ],
          [
            0.0,
            0.026166,
            -0.065075
          ],
          [
            0.0,
            0.018715,
            -0.071768
          ],
          [
            0.0,
            -0.021463,
            0.050885
          ],
          [
            -0.075432,
            0.017176,
            -0.004908
          ],
          [
            0.075432,
            0.017176,
            -0.004908
          ],
          [
            -0.068059,
            -0.02144,
            -0.004106
          ],
          [
            0.068059,
            -0.02144,
            -0.004106
          ],
          [
            0.0,
            0.035574,
            0.007157
          ],
          [
            0.0,
            -0.019068,
            -0.007579
          ],
          [
            0.0,
            -0.017139,
            0.118803
          ],
          [
            0.0,
            0.02481,
            0.029624
          ],
          [
            0.0,
            -0.021286,
            -0.135569
          ]
        ],
        "Lattice": [
          [
            7.106,
            0.0,
            0.0
          ],
          [
            0.0,
            5.024699515,
            0.0
          ],
          [
            0.0,
            0.0,
            17.703958439
          ]
        ],
        "NumAtoms": 21,
        "Positions": [
          [
            0.0,
            2.51235,
            0.0
          ],
          [
            3.553,
            2.51235,
            0.0
          ],
          [
            0.0,
            0.0,
            0.0
          ],
          [
            3.553,
            0.0,
            0.0
          ],
          [
            1.7765,
            3.76852,
            1.25617
          ],
          [
            5.3295,
            3.76852,
            1.25617
          ],
          [
            1.7765,
            1.25618,
            1.25617
          ],
          [
            5.3295,
            1.25618,
            1.25617
          ],
          [
            0.0,
            0.00073,
            2.48729
          ],
          [
            3.553,
            5.02032,
            2.47762
          ],
          [
            0.0,
            2.51237,
            2.48876
          ],
          [
            3.553,
            2.51735,
            2.44548
          ],
          [
            1.81153,
            3.76392,
            3.79533
          ],
          [
            5.29447,
            3.76392,
            3.79533
          ],
          [
            1.79588,
            1.26278,
            3.78386
          ],
          [
            5.31012,
            1.26278,
            3.78386
          ],
          [
            0.0,
            2.51291,
            4.86973
          ],
          [
            3.553,
            2.49649,
            4.98719
          ],
          [
            0.0,
            5.02396,
            5.05402
          ],
          [
            3.553,
            0.0161,
            4.97019
          ],
          [
            3.553,
            1.25162,
            6.05833
          ]
        ],
        "Stress": [
          [
            -21.81425,
            0.0,
            0.0
          ],
          [
            0.0,
            -19.47531,
            -0.09439
          ],
          [
            0.0,
            -0.09439,
            -9.05016
          ]
        ],
        "computation_code": "VASP",
        "pseudopotential_information": [
          [
            "PAW_PBE",
            "Ni",
            "02Aug2007"
          ],
          [
            "PAW_PBE",
            "Mn",
            "06Sep2000"
          ],
          [
            "PAW_PBE",
            "H",
            "15Jun2001"
          ]
        ]
      }
    ],
    "EnergyStyle": "electronvolt",
    "ForcesStyle": "electronvoltperangstrom",
    "LatticeStyle": "angstrom",
    "PositionsStyle": "angstrom",
    "StressStyle": "kB"
  }
}