{
  "Dataset": {
    "AtomTypeStyle": "chemicalsymbol",
    "Data": [
      {
        "AtomTypes": [
          "Ni",
          "Ni",
          "Ni",
          "Ni",
          "Ni",
          "Ni",
          "Ni",
          "Ni",
          "Ni",
          "Ni",
          "Mn",
          "Ni",
          "Ni",
          "Ni",
          "Ni",
          "Ni",
          "O",
          "H"
        ],
        "Energy": -87.72997046,
        "Forces": [
          [
            0.034202,
            0.0,
            0.134153
          ],
          [
            -0.004747,
            0.0,
            0.275802
          ],
          [
            -0.050988,
            0.0,
            0.295269
          ],
          [
            0.001551,
            0.0,
            0.353354
          ],
          [
            -0.032143,
            0.016156,
            -0.377752
          ],
          [
            0.032842,
            0.068067,
            -0.424965
          ],
          [
            -0.032143,
            -0.016156,
            -0.377752
          ],
          [
            0.032842,
            -0.068067,
            -0.424965
          ],
          [
            -0.081372,
            0.0,
            0.133987
          ],
          [
            0.02294,
            0.0,
            0.044931
          ],
          [
            -0.183142,
            0.0,
            0.083152
          ],
          [
            0.182738,
            0.0,
            0.100585
          ],
          [
            0.036276,
            -0.032372,
            -0.02319
          ],
          [
            -0.007014,
            0.033579,
            0.055654
          ],
          [
            0.036276,
            0.032372,
            -0.02319
          ],
          [
            -0.007014,
            -0.033579,
            0.055654
          ],
          [
            -0.194383,
            0.0,
            -0.027861
          ],
          [
            0.213277,
            0.0,
            0.147137
          ]
        ],
        "Lattice": [
          [
            5.025196436,
            0.0,
            0.0
          ],
          [
            0.0,
            5.025196436,
            0.0
          ],
          [
            0.0,
            0.0,
            17.427492376
          ]
        ],
        "NumAtoms": 18,
        "Positions": [
          [
            3.7689,
            1.2563,
            0.0
          ],
          [
            3.7689,
            3.7689,
            0.0
          ],
          [
            1.2563,
            1.2563,
            0.0
          ],
          [
            1.2563,
            3.7689,
            0.0
          ],
          [
            0.0,
            0.0,
            1.77656
          ],
          [
            2.5126,
            0.0,
            1.77656
          ],
          [
            0.0,
            2.5126,
            1.77656
          ],
          [
            2.5126,
            2.5126,
            1.77656
          ],
          [
            1.27851,
            1.2563,
            3.57471
          ],
          [
            3.74203,
            1.2563,
            3.58148
          ],
          [
            1.28975,
            3.7689,
            3.58215
          ],
          [
            3.75619,
            3.7689,
            3.56737
          ],
          [
            5.01078,
            0.02446,
            5.25605
          ],
          [
            2.51597,
            0.0245,
            5.41652
          ],
          [
            5.01078,
            2.48814,
            5.25605
          ],
          [
            2.51597,
            2.4881,
            5.41652
          ],
          [
            2.43792,
            3.7689,
            6.8859
          ],
          [
            3.2724,
            3.7689,
            7.386
          ]
        ],
        "Stress": [
          [
            -15.17699,
            0.0,
            1.34541
          ],
          [
            0.0,
            -19.33714,
            0.0
          ],
          [
            1.34541,
            0.0,
            -6.28658
          ]
        ],
        "computation_code": "VASP",
        "pseudopotential_information": [
          [
            "PAW_PBE",
            "Ni",
            "02Aug2007"
          ],
          [
            "PAW_PBE",
            "Mn",
            "06Sep2000"
          ],
          [
            "PAW_PBE",
            "O",
            "08Apr2002"
          ],
          [
            "PAW_PBE",
            "H",
            "15Jun2001"
          ]
        ]
      }
    ],
    "EnergyStyle": "electronvolt",
    "ForcesStyle": "electronvoltperangstrom",
    "LatticeStyle": "angstrom",
    "PositionsStyle": "angstrom",
    "StressStyle": "kB"
  }
}