{
  "Dataset": {
    "AtomTypeStyle": "chemicalsymbol",
    "Data": [
      {
        "AtomTypes": [
          "Ni",
          "Ni",
          "Ni",
          "Ni",
          "Ni",
          "Ni",
          "Ni",
          "Ni",
          "Ni",
          "Ni",
          "Ni",
          "Ni",
          "Ni",
          "Mn",
          "Ni",
          "Ni",
          "Ni",
          "Ni",
          "Ni",
          "Ni",
          "H"
        ],
        "Energy": -97.70841971,
        "Forces": [
          [
            0.016383,
            -0.022995,
            0.56763
          ],
          [
            -0.024042,
            -0.026662,
            0.566235
          ],
          [
            0.016383,
            0.022995,
            0.56763
          ],
          [
            -0.024042,
            0.026662,
            0.566235
          ],
          [
            -0.057381,
            0.0,
            -0.563692
          ],
          [
            0.065326,
            0.0,
            -0.457405
          ],
          [
            -0.051129,
            0.0,
            -0.847179
          ],
          [
            0.002993,
            0.0,
            -0.426438
          ],
          [
            0.010349,
            0.007552,
            -0.00066
          ],
          [
            0.002411,
            -0.003109,
            0.012337
          ],
          [
            0.010349,
            -0.007552,
            -0.00066
          ],
          [
            0.002411,
            0.003109,
            0.012337
          ],
          [
            0.003619,
            0.0,
            0.005592
          ],
          [
            0.009133,
            0.0,
            -0.017082
          ],
          [
            0.007602,
            0.0,
            -0.017858
          ],
          [
            0.001765,
            0.0,
            -0.008757
          ],
          [
            -0.00212,
            0.003087,
            0.021291
          ],
          [
            -0.003109,
            0.009286,
            0.006864
          ],
          [
            -0.00212,
            -0.003087,
            0.021291
          ],
          [
            -0.003109,
            -0.009286,
            0.006864
          ],
          [
            0.018328,
            0.0,
            -0.014577
          ]
        ],
        "Lattice": [
          [
            7.106,
            0.0,
            0.0
          ],
          [
            0.0,
            5.024699515,
            0.0
          ],
          [
            0.0,
            0.0,
            17.703958439
          ]
        ],
        "NumAtoms": 21,
        "Positions": [
          [
            0.0,
            2.51235,
            0.0
          ],
          [
            3.553,
            2.51235,
            0.0
          ],
          [
            0.0,
            0.0,
            0.0
          ],
          [
            3.553,
            0.0,
            0.0
          ],
          [
            1.7765,
            3.76852,
            1.25617
          ],
          [
            5.3295,
            3.76852,
            1.25617
          ],
          [
            1.7765,
            1.25618,
            1.25617
          ],
          [
            5.3295,
            1.25618,
            1.25617
          ],
          [
            -0.0097,
            0.00325,
            2.48399
          ],
          [
            3.55454,
            0.00445,
            2.47093
          ],
          [
            -0.0097,
            2.5091,
            2.48399
          ],
          [
            3.55454,
            2.5079,
            2.47093
          ],
          [
            1.79184,
            3.76852,
            3.76828
          ],
          [
            5.30358,
            3.76852,
            3.87426
          ],
          [
            1.77336,
            1.25618,
            3.73753
          ],
          [
            5.31926,
            1.25618,
            3.84491
          ],
          [
            0.06437,
            2.51021,
            4.92514
          ],
          [
            3.4675,
            2.49548,
            4.99267
          ],
          [
            0.06437,
            0.00214,
            4.92514
          ],
          [
            3.4675,
            0.01686,
            4.99267
          ],
          [
            3.68008,
            1.25617,
            6.03149
          ]
        ],
        "Stress": [
          [
            -17.22051,
            0.0,
            0.34805
          ],
          [
            0.0,
            -16.8539,
            0.0
          ],
          [
            0.34805,
            0.0,
            -9.15387
          ]
        ],
        "computation_code": "VASP",
        "pseudopotential_information": [
          [
            "PAW_PBE",
            "Ni",
            "02Aug2007"
          ],
          [
            "PAW_PBE",
            "Mn",
            "06Sep2000"
          ],
          [
            "PAW_PBE",
            "H",
            "15Jun2001"
          ]
        ]
      }
    ],
    "EnergyStyle": "electronvolt",
    "ForcesStyle": "electronvoltperangstrom",
    "LatticeStyle": "angstrom",
    "PositionsStyle": "angstrom",
    "StressStyle": "kB"
  }
}