{
  "Dataset": {
    "AtomTypeStyle": "chemicalsymbol",
    "Data": [
      {
        "AtomTypes": [
          "Ni",
          "Ni",
          "Ni",
          "Ni",
          "Ni",
          "Ni",
          "Ni",
          "Ni",
          "Mn",
          "Ni",
          "Ni",
          "Ni",
          "Ni",
          "Ni",
          "Ni",
          "Ni"
        ],
        "Energy": -76.97419418,
        "Forces": [
          [
            -0.0,
            0.0,
            0.298849
          ],
          [
            -0.0,
            0.0,
            0.147513
          ],
          [
            -0.0,
            0.0,
            0.361779
          ],
          [
            -0.0,
            0.0,
            0.298849
          ],
          [
            -0.019358,
            -0.019358,
            -0.289475
          ],
          [
            0.019358,
            -0.019358,
            -0.289475
          ],
          [
            -0.019358,
            0.019358,
            -0.289475
          ],
          [
            0.019358,
            0.019358,
            -0.289475
          ],
          [
            -0.0,
            0.0,
            -0.024878
          ],
          [
            -0.0,
            -0.0,
            0.01933
          ],
          [
            -0.0,
            0.0,
            0.01933
          ],
          [
            -0.0,
            0.0,
            0.016632
          ],
          [
            -0.004629,
            -0.004629,
            0.005124
          ],
          [
            0.004629,
            -0.004629,
            0.005124
          ],
          [
            -0.004629,
            0.004629,
            0.005124
          ],
          [
            0.004629,
            0.004629,
            0.005124
          ]
        ],
        "Lattice": [
          [
            5.025196436,
            0.0,
            0.0
          ],
          [
            0.0,
            5.025196436,
            0.0
          ],
          [
            0.0,
            0.0,
            17.427492376
          ]
        ],
        "NumAtoms": 16,
        "Positions": [
          [
            3.7689,
            1.2563,
            0.0
          ],
          [
            3.7689,
            3.7689,
            0.0
          ],
          [
            1.2563,
            1.2563,
            0.0
          ],
          [
            1.2563,
            3.7689,
            0.0
          ],
          [
            0.0,
            0.0,
            1.77656
          ],
          [
            2.5126,
            0.0,
            1.77656
          ],
          [
            0.0,
            2.5126,
            1.77656
          ],
          [
            2.5126,
            2.5126,
            1.77656
          ],
          [
            1.2563,
            1.2563,
            3.61815
          ],
          [
            3.7689,
            1.2563,
            3.59914
          ],
          [
            1.2563,
            3.7689,
            3.59914
          ],
          [
            3.7689,
            3.7689,
            3.60722
          ],
          [
            -0.00312,
            -0.00312,
            5.34049
          ],
          [
            2.51571,
            -0.00312,
            5.34049
          ],
          [
            -0.00312,
            2.51571,
            5.34049
          ],
          [
            2.51571,
            2.51571,
            5.34049
          ]
        ],
        "Stress": [
          [
            -21.41359,
            0.0,
            0.0
          ],
          [
            0.0,
            -21.41359,
            0.0
          ],
          [
            0.0,
            0.0,
            -9.39254
          ]
        ],
        "computation_code": "VASP",
        "pseudopotential_information": [
          [
            "PAW_PBE",
            "Ni",
            "02Aug2007"
          ],
          [
            "PAW_PBE",
            "Mn",
            "06Sep2000"
          ]
        ]
      }
    ],
    "EnergyStyle": "electronvolt",
    "ForcesStyle": "electronvoltperangstrom",
    "LatticeStyle": "angstrom",
    "PositionsStyle": "angstrom",
    "StressStyle": "kB"
  }
}