{
  "Dataset": {
    "AtomTypeStyle": "chemicalsymbol",
    "Data": [
      {
        "AtomTypes": [
          "Ni",
          "Ni",
          "Ni",
          "Ni",
          "Ni",
          "Ni",
          "Ni",
          "Ni",
          "Ni",
          "Ni",
          "Ni",
          "Ni",
          "Ni",
          "Ni",
          "Ni",
          "Ni",
          "Ni",
          "Mn",
          "Ni",
          "Ni",
          "H"
        ],
        "Energy": -97.62811745,
        "Forces": [
          [
            0.0,
            -0.004927,
            0.603958
          ],
          [
            0.0,
            -0.021367,
            0.316396
          ],
          [
            0.0,
            0.004528,
            0.497818
          ],
          [
            0.0,
            0.039482,
            0.602299
          ],
          [
            -0.029467,
            -0.011749,
            -0.518536
          ],
          [
            0.029467,
            -0.011749,
            -0.518536
          ],
          [
            0.007127,
            -0.002208,
            -0.534648
          ],
          [
            -0.007127,
            -0.002208,
            -0.534648
          ],
          [
            0.0,
            -0.010035,
            -0.105904
          ],
          [
            0.0,
            -0.015608,
            0.042467
          ],
          [
            0.0,
            -0.004769,
            -0.023155
          ],
          [
            0.0,
            0.017554,
            0.017268
          ],
          [
            -0.113137,
            0.114306,
            -0.199113
          ],
          [
            0.113137,
            0.114306,
            -0.199113
          ],
          [
            -0.112537,
            -0.109213,
            -0.15532
          ],
          [
            0.112537,
            -0.109213,
            -0.15532
          ],
          [
            0.0,
            0.003177,
            -0.083503
          ],
          [
            0.0,
            0.283404,
            0.640241
          ],
          [
            0.0,
            -0.007214,
            0.14857
          ],
          [
            0.0,
            0.278606,
            -0.139802
          ],
          [
            0.0,
            -0.545104,
            0.298579
          ]
        ],
        "Lattice": [
          [
            7.106,
            0.0,
            0.0
          ],
          [
            0.0,
            5.024699515,
            0.0
          ],
          [
            0.0,
            0.0,
            17.703958439
          ]
        ],
        "NumAtoms": 21,
        "Positions": [
          [
            0.0,
            2.51235,
            0.0
          ],
          [
            3.553,
            2.51235,
            0.0
          ],
          [
            0.0,
            0.0,
            0.0
          ],
          [
            3.553,
            0.0,
            0.0
          ],
          [
            1.7765,
            3.76852,
            1.25617
          ],
          [
            5.3295,
            3.76852,
            1.25617
          ],
          [
            1.7765,
            1.25618,
            1.25617
          ],
          [
            5.3295,
            1.25618,
            1.25617
          ],
          [
            0.0,
            5.02094,
            2.45745
          ],
          [
            3.553,
            5.01437,
            2.49296
          ],
          [
            0.0,
            2.51378,
            2.49991
          ],
          [
            3.553,
            2.51322,
            2.45518
          ],
          [
            1.79698,
            3.76596,
            3.81694
          ],
          [
            5.30902,
            3.76596,
            3.81694
          ],
          [
            1.77691,
            1.25181,
            3.79836
          ],
          [
            5.32909,
            1.25181,
            3.79836
          ],
          [
            0.0,
            2.51414,
            4.91668
          ],
          [
            3.553,
            2.50083,
            4.91225
          ],
          [
            0.0,
            5.0205,
            4.87225
          ],
          [
            3.553,
            0.02835,
            5.00544
          ],
          [
            3.553,
            1.27187,
            6.07888
          ]
        ],
        "Stress": [
          [
            -18.14998,
            0.0,
            0.0
          ],
          [
            0.0,
            -17.14613,
            -1.41557
          ],
          [
            0.0,
            -1.41557,
            -4.82053
          ]
        ],
        "computation_code": "VASP",
        "pseudopotential_information": [
          [
            "PAW_PBE",
            "Ni",
            "02Aug2007"
          ],
          [
            "PAW_PBE",
            "Mn",
            "06Sep2000"
          ],
          [
            "PAW_PBE",
            "H",
            "15Jun2001"
          ]
        ]
      }
    ],
    "EnergyStyle": "electronvolt",
    "ForcesStyle": "electronvoltperangstrom",
    "LatticeStyle": "angstrom",
    "PositionsStyle": "angstrom",
    "StressStyle": "kB"
  }
}