{
  "Dataset": {
    "AtomTypeStyle": "chemicalsymbol",
    "Data": [
      {
        "AtomTypes": [
          "Ni",
          "Ni",
          "Ni",
          "Ni",
          "Ni",
          "Ni",
          "Ni",
          "Ni",
          "Ni",
          "Ni",
          "Mn",
          "Ni",
          "Ni",
          "Ni",
          "Ni",
          "Ni",
          "O"
        ],
        "Energy": -84.12986965,
        "Forces": [
          [
            0.0,
            0.0,
            0.147401
          ],
          [
            0.0,
            0.0,
            0.276276
          ],
          [
            0.0,
            0.0,
            0.276276
          ],
          [
            0.0,
            0.0,
            0.390541
          ],
          [
            -0.04686,
            0.04686,
            -0.510342
          ],
          [
            0.04686,
            0.04686,
            -0.510342
          ],
          [
            -0.04686,
            -0.04686,
            -0.510342
          ],
          [
            0.04686,
            -0.04686,
            -0.510342
          ],
          [
            0.0,
            0.0,
            0.084906
          ],
          [
            0.0,
            0.0,
            0.471293
          ],
          [
            0.0,
            0.0,
            -0.210072
          ],
          [
            0.0,
            0.0,
            0.084906
          ],
          [
            -0.107018,
            0.107018,
            0.175225
          ],
          [
            0.107018,
            0.107018,
            0.175225
          ],
          [
            -0.107018,
            -0.107018,
            0.175225
          ],
          [
            0.107018,
            -0.107018,
            0.175225
          ],
          [
            0.0,
            0.0,
            -0.18106
          ]
        ],
        "Lattice": [
          [
            5.025196436,
            0.0,
            0.0
          ],
          [
            0.0,
            5.025196436,
            0.0
          ],
          [
            0.0,
            0.0,
            17.427492376
          ]
        ],
        "NumAtoms": 17,
        "Positions": [
          [
            3.7689,
            1.2563,
            0.0
          ],
          [
            3.7689,
            3.7689,
            0.0
          ],
          [
            1.2563,
            1.2563,
            0.0
          ],
          [
            1.2563,
            3.7689,
            0.0
          ],
          [
            0.0,
            0.0,
            1.77656
          ],
          [
            2.5126,
            0.0,
            1.77656
          ],
          [
            0.0,
            2.5126,
            1.77656
          ],
          [
            2.5126,
            2.5126,
            1.77656
          ],
          [
            1.2563,
            1.2563,
            3.55312
          ],
          [
            3.7689,
            1.2563,
            3.55312
          ],
          [
            1.2563,
            3.7689,
            3.55312
          ],
          [
            3.7689,
            3.7689,
            3.55312
          ],
          [
            0.0,
            0.0,
            5.32985
          ],
          [
            2.5126,
            0.0,
            5.32985
          ],
          [
            0.0,
            2.5126,
            5.32985
          ],
          [
            2.5126,
            2.5126,
            5.32985
          ],
          [
            1.2563,
            3.7689,
            6.20122
          ]
        ],
        "Stress": [
          [
            -18.65404,
            0.0,
            0.0
          ],
          [
            0.0,
            -18.65403,
            0.0
          ],
          [
            0.0,
            0.0,
            -3.1132
          ]
        ],
        "computation_code": "VASP",
        "pseudopotential_information": [
          [
            "PAW_PBE",
            "Ni",
            "02Aug2007"
          ],
          [
            "PAW_PBE",
            "Mn",
            "06Sep2000"
          ],
          [
            "PAW_PBE",
            "O",
            "08Apr2002"
          ]
        ]
      }
    ],
    "EnergyStyle": "electronvolt",
    "ForcesStyle": "electronvoltperangstrom",
    "LatticeStyle": "angstrom",
    "PositionsStyle": "angstrom",
    "StressStyle": "kB"
  }
}