{
  "Dataset": {
    "AtomTypeStyle": "chemicalsymbol",
    "Data": [
      {
        "AtomTypes": [
          "Ni",
          "Ni",
          "Ni",
          "Ni",
          "Ni",
          "Ni",
          "Ni",
          "Ni",
          "Ni",
          "Ni",
          "Ni",
          "Ni",
          "Ni",
          "Ni",
          "Ni",
          "Ni",
          "Ni",
          "Mn",
          "Ni",
          "Ni",
          "H"
        ],
        "Energy": -97.81487689,
        "Forces": [
          [
            0.0,
            -0.006556,
            0.52729
          ],
          [
            0.0,
            -0.033989,
            0.520295
          ],
          [
            0.0,
            0.012562,
            0.485401
          ],
          [
            0.0,
            0.051208,
            0.467028
          ],
          [
            0.055699,
            -0.026247,
            -0.523923
          ],
          [
            -0.055699,
            -0.026247,
            -0.523923
          ],
          [
            0.097747,
            0.021164,
            -0.546144
          ],
          [
            -0.097747,
            0.021164,
            -0.546144
          ],
          [
            0.0,
            0.000759,
            -0.034178
          ],
          [
            0.0,
            0.031769,
            0.029326
          ],
          [
            0.0,
            0.020223,
            0.040224
          ],
          [
            0.0,
            0.013553,
            -0.02244
          ],
          [
            0.011533,
            -0.014376,
            0.003161
          ],
          [
            -0.011533,
            -0.014376,
            0.003161
          ],
          [
            0.027635,
            0.003313,
            -0.001866
          ],
          [
            -0.027635,
            0.003313,
            -0.001866
          ],
          [
            0.0,
            0.039441,
            0.015053
          ],
          [
            0.0,
            -0.038935,
            0.000315
          ],
          [
            0.0,
            0.025737,
            0.048186
          ],
          [
            0.0,
            -0.025846,
            0.044258
          ],
          [
            0.0,
            -0.057635,
            0.016786
          ]
        ],
        "Lattice": [
          [
            7.106,
            0.0,
            0.0
          ],
          [
            0.0,
            5.024699515,
            0.0
          ],
          [
            0.0,
            0.0,
            17.703958439
          ]
        ],
        "NumAtoms": 21,
        "Positions": [
          [
            0.0,
            2.51235,
            0.0
          ],
          [
            3.553,
            2.51235,
            0.0
          ],
          [
            0.0,
            0.0,
            0.0
          ],
          [
            3.553,
            0.0,
            0.0
          ],
          [
            1.7765,
            3.76852,
            1.25617
          ],
          [
            5.3295,
            3.76852,
            1.25617
          ],
          [
            1.7765,
            1.25618,
            1.25617
          ],
          [
            5.3295,
            1.25618,
            1.25617
          ],
          [
            0.0,
            0.0008,
            2.45428
          ],
          [
            3.553,
            5.00921,
            2.47611
          ],
          [
            0.0,
            2.5184,
            2.46609
          ],
          [
            3.553,
            2.50994,
            2.51842
          ],
          [
            1.79816,
            3.78513,
            3.79819
          ],
          [
            5.30784,
            3.78513,
            3.79819
          ],
          [
            1.76699,
            1.26813,
            3.78188
          ],
          [
            5.33901,
            1.26813,
            3.78188
          ],
          [
            0.0,
            2.52368,
            4.87751
          ],
          [
            3.553,
            2.56743,
            5.15959
          ],
          [
            0.0,
            5.02438,
            4.89096
          ],
          [
            3.553,
            0.10632,
            4.92492
          ],
          [
            3.553,
            1.05041,
            6.20162
          ]
        ],
        "Stress": [
          [
            -21.40706,
            0.0,
            0.0
          ],
          [
            0.0,
            -20.5416,
            -0.72119
          ],
          [
            0.0,
            -0.72119,
            -7.563
          ]
        ],
        "computation_code": "VASP",
        "pseudopotential_information": [
          [
            "PAW_PBE",
            "Ni",
            "02Aug2007"
          ],
          [
            "PAW_PBE",
            "Mn",
            "06Sep2000"
          ],
          [
            "PAW_PBE",
            "H",
            "15Jun2001"
          ]
        ]
      }
    ],
    "EnergyStyle": "electronvolt",
    "ForcesStyle": "electronvoltperangstrom",
    "LatticeStyle": "angstrom",
    "PositionsStyle": "angstrom",
    "StressStyle": "kB"
  }
}