{
  "Dataset": {
    "AtomTypeStyle": "chemicalsymbol",
    "Data": [
      {
        "AtomTypes": [
          "Ni",
          "Ni",
          "Ni",
          "Ni",
          "Ni",
          "Ni",
          "Ni",
          "Ni",
          "Ni",
          "Ni",
          "Ni",
          "Ni",
          "Ni",
          "Ni",
          "Ni",
          "Ni",
          "Ni",
          "Mn",
          "Ni",
          "Ni",
          "H"
        ],
        "Energy": -97.81733232,
        "Forces": [
          [
            0.0,
            -0.006791,
            0.551013
          ],
          [
            0.0,
            -0.031675,
            0.524226
          ],
          [
            0.0,
            0.012361,
            0.478229
          ],
          [
            0.0,
            0.049319,
            0.480503
          ],
          [
            0.058027,
            -0.016128,
            -0.505605
          ],
          [
            -0.058027,
            -0.016128,
            -0.505605
          ],
          [
            0.084218,
            0.03756,
            -0.534372
          ],
          [
            -0.084218,
            0.03756,
            -0.534372
          ],
          [
            0.0,
            0.008337,
            0.049185
          ],
          [
            0.0,
            -0.006752,
            -0.006102
          ],
          [
            0.0,
            -0.022351,
            -0.008268
          ],
          [
            0.0,
            0.015669,
            -0.01343
          ],
          [
            -0.038084,
            -0.002078,
            -0.013874
          ],
          [
            0.038084,
            -0.002078,
            -0.013874
          ],
          [
            -0.023338,
            -0.001874,
            0.011317
          ],
          [
            0.023338,
            -0.001874,
            0.011317
          ],
          [
            0.0,
            -0.011595,
            0.022815
          ],
          [
            0.0,
            -0.060602,
            -0.020064
          ],
          [
            0.0,
            0.018823,
            -0.030164
          ],
          [
            0.0,
            0.020778,
            0.040602
          ],
          [
            0.0,
            -0.02048,
            0.016522
          ]
        ],
        "Lattice": [
          [
            7.106,
            0.0,
            0.0
          ],
          [
            0.0,
            5.024699515,
            0.0
          ],
          [
            0.0,
            0.0,
            17.703958439
          ]
        ],
        "NumAtoms": 21,
        "Positions": [
          [
            0.0,
            2.51235,
            0.0
          ],
          [
            3.553,
            2.51235,
            0.0
          ],
          [
            0.0,
            0.0,
            0.0
          ],
          [
            3.553,
            0.0,
            0.0
          ],
          [
            1.7765,
            3.76852,
            1.25617
          ],
          [
            5.3295,
            3.76852,
            1.25617
          ],
          [
            1.7765,
            1.25618,
            1.25617
          ],
          [
            5.3295,
            1.25618,
            1.25617
          ],
          [
            0.0,
            0.00294,
            2.45083
          ],
          [
            3.553,
            5.01677,
            2.48062
          ],
          [
            0.0,
            2.5251,
            2.47491
          ],
          [
            3.553,
            2.51407,
            2.51717
          ],
          [
            1.80575,
            3.78575,
            3.80505
          ],
          [
            5.30025,
            3.78575,
            3.80505
          ],
          [
            1.7737,
            1.27079,
            3.78426
          ],
          [
            5.3323,
            1.27079,
            3.78426
          ],
          [
            0.0,
            2.53634,
            4.87871
          ],
          [
            3.553,
            2.5572,
            5.17685
          ],
          [
            0.0,
            0.00873,
            4.89838
          ],
          [
            3.553,
            0.09328,
            4.9314
          ],
          [
            3.553,
            1.02266,
            6.2137
          ]
        ],
        "Stress": [
          [
            -22.17949,
            0.0,
            0.0
          ],
          [
            0.0,
            -21.02649,
            -0.68393
          ],
          [
            0.0,
            -0.68393,
            -8.60699
          ]
        ],
        "computation_code": "VASP",
        "pseudopotential_information": [
          [
            "PAW_PBE",
            "Ni",
            "02Aug2007"
          ],
          [
            "PAW_PBE",
            "Mn",
            "06Sep2000"
          ],
          [
            "PAW_PBE",
            "H",
            "15Jun2001"
          ]
        ]
      }
    ],
    "EnergyStyle": "electronvolt",
    "ForcesStyle": "electronvoltperangstrom",
    "LatticeStyle": "angstrom",
    "PositionsStyle": "angstrom",
    "StressStyle": "kB"
  }
}