{
  "Dataset": {
    "AtomTypeStyle": "chemicalsymbol",
    "Data": [
      {
        "AtomTypes": [
          "Ni",
          "Ni",
          "Ni",
          "Ni",
          "Ni",
          "Ni",
          "Ni",
          "Ni",
          "Ni",
          "Ni",
          "Ni",
          "Ni",
          "Ni",
          "Ni",
          "Ni",
          "Ni",
          "Ni",
          "Mn",
          "Ni",
          "Ni",
          "H"
        ],
        "Energy": -97.54419324,
        "Forces": [
          [
            0.0,
            -0.003293,
            0.604724
          ],
          [
            0.0,
            -0.018924,
            0.317543
          ],
          [
            0.0,
            0.002239,
            0.507925
          ],
          [
            0.0,
            0.036937,
            0.605654
          ],
          [
            -0.027042,
            -0.014439,
            -0.50109
          ],
          [
            0.027042,
            -0.014439,
            -0.50109
          ],
          [
            0.005107,
            -0.001618,
            -0.519954
          ],
          [
            -0.005107,
            -0.001618,
            -0.519954
          ],
          [
            0.0,
            -0.012555,
            -0.092934
          ],
          [
            0.0,
            -0.022366,
            0.061565
          ],
          [
            0.0,
            -0.003243,
            0.029905
          ],
          [
            0.0,
            0.043025,
            -0.196328
          ],
          [
            -0.280886,
            0.271325,
            -0.290901
          ],
          [
            0.280886,
            0.271325,
            -0.290901
          ],
          [
            -0.275721,
            -0.293339,
            -0.232915
          ],
          [
            0.275721,
            -0.293339,
            -0.232915
          ],
          [
            0.0,
            0.005003,
            -0.106469
          ],
          [
            0.0,
            0.164844,
            1.062302
          ],
          [
            0.0,
            -0.005098,
            0.13391
          ],
          [
            0.0,
            0.455404,
            -0.016743
          ],
          [
            0.0,
            -0.565833,
            0.178665
          ]
        ],
        "Lattice": [
          [
            7.106,
            0.0,
            0.0
          ],
          [
            0.0,
            5.024699515,
            0.0
          ],
          [
            0.0,
            0.0,
            17.703958439
          ]
        ],
        "NumAtoms": 21,
        "Positions": [
          [
            0.0,
            2.51235,
            0.0
          ],
          [
            3.553,
            2.51235,
            0.0
          ],
          [
            0.0,
            0.0,
            0.0
          ],
          [
            3.553,
            0.0,
            0.0
          ],
          [
            1.7765,
            3.76852,
            1.25617
          ],
          [
            5.3295,
            3.76852,
            1.25617
          ],
          [
            1.7765,
            1.25618,
            1.25617
          ],
          [
            5.3295,
            1.25618,
            1.25617
          ],
          [
            0.0,
            5.02143,
            2.46103
          ],
          [
            3.553,
            5.01524,
            2.49058
          ],
          [
            0.0,
            2.5139,
            2.49876
          ],
          [
            3.553,
            2.51156,
            2.46276
          ],
          [
            1.80782,
            3.75549,
            3.82817
          ],
          [
            5.29818,
            3.75549,
            3.82817
          ],
          [
            1.78755,
            1.26313,
            3.80735
          ],
          [
            5.31845,
            1.26313,
            3.80735
          ],
          [
            0.0,
            2.51395,
            4.92079
          ],
          [
            3.553,
            2.49447,
            4.87125
          ],
          [
            0.0,
            5.0207,
            4.86708
          ],
          [
            3.553,
            0.01077,
            5.00609
          ],
          [
            3.553,
            1.2937,
            6.07198
          ]
        ],
        "Stress": [
          [
            -16.91555,
            0.0,
            0.0
          ],
          [
            0.0,
            -17.26737,
            -1.34362
          ],
          [
            0.0,
            -1.34362,
            -4.37724
          ]
        ],
        "computation_code": "VASP",
        "pseudopotential_information": [
          [
            "PAW_PBE",
            "Ni",
            "02Aug2007"
          ],
          [
            "PAW_PBE",
            "Mn",
            "06Sep2000"
          ],
          [
            "PAW_PBE",
            "H",
            "15Jun2001"
          ]
        ]
      }
    ],
    "EnergyStyle": "electronvolt",
    "ForcesStyle": "electronvoltperangstrom",
    "LatticeStyle": "angstrom",
    "PositionsStyle": "angstrom",
    "StressStyle": "kB"
  }
}